ticker,month,return_next,sentiment,technical,fundamental,mean_rating,std_rating,js_divergence,h_sentiment,d_post
000100,2005-01,0.5417000000000001,5,4,6,5.0,0.816496580927726,0.0033729266193250444,1.0,0.816496580927726
000100,2005-04,-1.0714,4,4,6,4.666666666666667,0.9428090415820634,0.004817302157272868,0.9709505944546686,0.9428090415820634
000100,2005-07,0.6,1,1,3,1.6666666666666667,0.9428090415820634,0.036160391661783364,0.4689955935892812,0.9428090415820634
000100,2005-10,1.5455,3,4,3,3.3333333333333335,0.4714045207910317,0.0023948438453058845,0.8812908992306927,0.4714045207910317
000100,2006-04,1.8462,2,3,3,2.6666666666666665,0.4714045207910317,0.004212595043515672,0.7219280948873623,0.4714045207910317
000100,2006-07,3.0,2,3,1,2.0,0.816496580927726,0.022548050379070088,0.7219280948873623,0.816496580927726
000100,2006-10,2.0,3,6,1,3.3333333333333335,2.0548046676563256,0.0528920798585217,0.8812908992306927,2.0548046676563256
000100,2007-01,0.8162999999999999,7,4,1,4.0,2.449489742783178,0.057418469098036044,0.8812908992306927,2.449489742783178
000100,2007-04,0.6343,7,3,1,3.6666666666666665,2.494438257849294,0.062410457549092635,0.8812908992306927,2.494438257849294
000100,2007-07,0.021400000000000002,4,4,3,3.6666666666666665,0.4714045207910317,0.0021766561578771704,0.9709505944546686,0.4714045207910317
000100,2007-10,-0.1119,6,7,3,5.333333333333333,1.699673171197595,0.014489122970023622,0.9709505944546686,1.699673171197595
000100,2008-01,0.1597,7,7,6,6.666666666666667,0.4714045207910317,0.000642071396597733,0.8812908992306927,0.4714045207910317
000100,2008-04,-0.0139,6,6,7,6.333333333333333,0.4714045207910317,0.0006758874784615638,0.9709505944546686,0.4714045207910317
000100,2008-07,-0.5102,3,2,4,3.0,0.816496580927726,0.00957506104276447,0.8812908992306927,0.816496580927726
000100,2008-10,3.6,3,2,3,2.6666666666666665,0.4714045207910317,0.004212595043515672,0.8812908992306927,0.4714045207910317
000100,2009-01,0.6207,4,4,2,3.3333333333333335,0.9428090415820634,0.011456875501600412,0.9709505944546686,0.9428090415820634
000100,2009-04,0.014499999999999999,7,3,3,4.333333333333333,1.8856180831641267,0.021556318259027013,0.8812908992306927,1.8856180831641267
000100,2009-07,-0.4255,7,7,3,5.666666666666667,1.8856180831641267,0.01639998447673846,0.8812908992306927,1.8856180831641267
000100,2009-10,0.5789,5,6,3,4.666666666666667,1.247219128924647,0.0097112135713919,1.0,1.247219128924647
000100,2010-01,0.08220000000000001,8,7,6,7.0,0.816496580927726,0.001710895898255767,0.7219280948873623,0.816496580927726
000100,2010-04,-0.1923,6,7,7,6.666666666666667,0.4714045207910317,0.0006420713965977487,0.9709505944546686,0.4714045207910317
000100,2010-07,-0.0814,3,3,4,3.3333333333333335,0.4714045207910317,0.0023948438453058845,0.8812908992306927,0.4714045207910317
000100,2010-10,-0.2375,5,3,6,4.666666666666667,1.247219128924647,0.0097112135713919,1.0,1.247219128924647
000100,2011-01,0.46909999999999996,4,4,4,4.0,0.0,0.0,0.9709505944546686,0.0
000100,2011-04,-0.0701,6,6,4,5.333333333333333,0.9428090415820634,0.004212595043515672,0.9709505944546686,0.9428090415820634
000100,2011-07,-0.2138,7,7,7,7.0,0.0,0.0,0.8812908992306927,0.0
000100,2011-10,-0.1961,3,4,6,4.333333333333333,1.247219128924647,0.01013672725206552,0.8812908992306927,1.247219128924647
000100,2012-01,0.3095,4,3,5,4.0,0.816496580927726,0.00530599861166309,0.9709505944546686,0.816496580927726
000100,2012-04,0.1319,5,4,4,4.333333333333333,0.4714045207910317,0.0014294885616036141,1.0,0.4714045207910317
000100,2012-07,0.0,5,6,4,5.0,0.816496580927726,0.0033729266193250444,1.0,0.816496580927726
000100,2012-10,0.1429,6,6,5,5.666666666666667,0.4714045207910317,0.0008932948130031191,0.9709505944546686,0.4714045207910317
000100,2013-01,0.040999999999999995,7,7,7,7.0,0.0,0.0,0.8812908992306927,0.0
000100,2013-04,0.023799999999999998,7,8,7,7.333333333333333,0.4714045207910317,0.0005056809102375145,0.8812908992306927,0.4714045207910317
000100,2013-07,0.0385,4,4,6,4.666666666666667,0.9428090415820634,0.004817302157272868,0.9709505944546686,0.9428090415820634
000100,2013-10,-0.0827,6,5,6,5.666666666666667,0.4714045207910317,0.0008932948130031191,0.9709505944546686,0.4714045207910317
000100,2014-01,0.19260000000000002,6,6,6,6.0,0.0,0.0,0.9709505944546686,0.0
000100,2014-04,-0.0231,5,6,5,5.333333333333333,0.4714045207910317,0.0009491787649267315,1.0,0.4714045207910317
000100,2014-07,0.052199999999999996,4,5,6,5.0,0.816496580927726,0.0033729266193250444,0.9709505944546686,0.816496580927726
000100,2014-10,0.039599999999999996,7,7,7,7.0,0.0,0.0,0.8812908992306927,0.0
000100,2015-01,0.3858,7,8,7,7.333333333333333,0.4714045207910317,0.0005056809102375145,0.8812908992306927,0.4714045207910317
000100,2015-04,0.0329,7,8,7,7.333333333333333,0.4714045207910317,0.0005056809102375145,0.8812908992306927,0.4714045207910317
000100,2015-07,-0.1889,4,6,7,5.666666666666667,1.247219128924647,0.006454904945298079,0.9709505944546686,1.247219128924647
000100,2015-10,-0.038900000000000004,4,3,6,4.333333333333333,1.247219128924647,0.01013672725206552,0.9709505944546686,1.247219128924647
000100,2016-01,0.04,7,5,6,6.0,0.816496580927726,0.002333803387527431,0.8812908992306927,0.816496580927726
000100,2016-04,-0.0166,5,6,5,5.333333333333333,0.4714045207910317,0.0009491787649267315,1.0,0.4714045207910317
000100,2016-07,-0.0285,5,4,4,4.333333333333333,0.4714045207910317,0.0014294885616036141,1.0,0.4714045207910317
000100,2017-01,0.061500000000000006,5,4,6,5.0,0.816496580927726,0.0033729266193250444,1.0,0.816496580927726
000100,2017-04,0.0891,6,6,6,6.0,0.0,0.0,0.9709505944546686,0.0
000100,2017-07,-0.0335,5,5,5,5.0,0.0,0.0,1.0,0.0
000100,2017-10,-0.0455,6,6,6,6.0,0.0,0.0,0.9709505944546686,0.0
000100,2018-01,0.061500000000000006,6,6,6,6.0,0.0,0.0,0.9709505944546686,0.0
000100,2018-04,-0.0173,4,4,6,4.666666666666667,0.9428090415820634,0.004817302157272868,0.9709505944546686,0.9428090415820634
000100,2018-07,-0.0645,4,4,5,4.333333333333333,0.4714045207910317,0.0014294885616036141,0.9709505944546686,0.4714045207910317
000100,2018-10,0.0,5,4,5,4.666666666666667,0.4714045207910317,0.0013272465907683984,1.0,0.4714045207910317
000100,2019-01,0.2268,4,4,4,4.0,0.0,0.0,0.9709505944546686,0.0
000100,2019-04,-0.0929,7,8,7,7.333333333333333,0.4714045207910317,0.0005056809102375145,0.8812908992306927,0.4714045207910317
000100,2019-07,-0.0611,4,7,6,5.666666666666667,1.247219128924647,0.006454904945298079,0.9709505944546686,1.247219128924647
000100,2019-10,0.1984,6,6,7,6.333333333333333,0.4714045207910317,0.0006758874784615638,0.9709505944546686,0.4714045207910317
000100,2020-01,0.1816,7,7,7,7.0,0.0,0.0,0.8812908992306927,0.0
000100,2020-04,0.138,4,4,6,4.666666666666667,0.9428090415820634,0.004817302157272868,0.9709505944546686,0.9428090415820634
000100,2020-07,0.1391,7,7,6,6.666666666666667,0.4714045207910317,0.000642071396597733,0.8812908992306927,0.4714045207910317
000100,2020-10,0.17420000000000002,4,6,7,5.666666666666667,1.247219128924647,0.006454904945298079,0.9709505944546686,1.247219128924647
000100,2021-01,-0.0431,7,6,7,6.666666666666667,0.4714045207910317,0.0006420713965977487,0.8812908992306927,0.4714045207910317
000100,2021-04,-0.0935,6,8,7,7.0,0.816496580927726,0.0017108958982558105,0.9709505944546686,0.816496580927726
000100,2021-07,-0.035699999999999996,4,6,7,5.666666666666667,1.247219128924647,0.006454904945298079,0.9709505944546686,1.247219128924647
000100,2021-10,0.015300000000000001,4,4,5,4.333333333333333,0.4714045207910317,0.0014294885616036141,0.9709505944546686,0.4714045207910317
000100,2022-01,-0.0083,5,4,5,4.666666666666667,0.4714045207910317,0.0013272465907683984,1.0,0.4714045207910317
000100,2022-04,0.0935,4,4,4,4.0,0.0,0.0,0.9709505944546686,0.0
000100,2022-07,-0.0691,6,6,4,5.333333333333333,0.9428090415820634,0.004212595043515672,0.9709505944546686,0.9428090415820634
000100,2022-10,0.0292,4,4,4,4.0,0.0,0.0,0.9709505944546686,0.0
000100,2023-01,0.0596,5,4,4,4.333333333333333,0.4714045207910317,0.0014294885616036141,1.0,0.4714045207910317
000100,2023-04,0.06269999999999999,6,6,6,6.0,0.0,0.0,0.9709505944546686,0.0
000100,2023-07,-0.045700000000000005,6,6,5,5.666666666666667,0.4714045207910317,0.0008932948130031191,0.9709505944546686,0.4714045207910317
000100,2023-10,0.0658,5,5,7,5.666666666666667,0.9428090415820634,0.0032941013770045433,1.0,0.9428090415820634
000100,2024-01,0.12240000000000001,6,7,7,6.666666666666667,0.4714045207910317,0.0006420713965977487,0.9709505944546686,0.4714045207910317
000100,2024-04,-0.1075,6,6,7,6.333333333333333,0.4714045207910317,0.0006758874784615638,0.9709505944546686,0.4714045207910317
000100,2024-07,-0.0026,6,6,6,6.0,0.0,0.0,0.9709505944546686,0.0
000100,2024-10,-0.11810000000000001,7,6,6,6.333333333333333,0.4714045207910317,0.0006758874784616383,0.8812908992306927,0.4714045207910317
000157,2005-01,0.0223,5,5,6,5.333333333333333,0.4714045207910317,0.0009491787649267315,1.0,0.4714045207910317
000157,2005-04,0.0031,5,4,6,5.0,0.816496580927726,0.0033729266193250444,1.0,0.816496580927726
000157,2005-07,0.0218,4,5,6,5.0,0.816496580927726,0.0033729266193250444,0.9709505944546686,0.816496580927726
000157,2005-10,-0.0125,5,5,6,5.333333333333333,0.4714045207910317,0.0009491787649267315,1.0,0.4714045207910317
000157,2006-01,0.0,6,5,6,5.666666666666667,0.4714045207910317,0.0008932948130031191,0.9709505944546686,0.4714045207910317
000157,2006-04,0.0784,7,7,7,7.0,0.0,0.0,0.8812908992306927,0.0
000157,2006-07,0.0281,7,7,7,7.0,0.0,0.0,0.8812908992306927,0.0
000157,2006-10,0.1216,6,6,6,6.0,0.0,0.0,0.9709505944546686,0.0
000157,2007-01,0.2376,8,8,7,7.666666666666667,0.4714045207910317,0.000483684145855568,0.7219280948873623,0.4714045207910317
000157,2007-04,19.2857,7,8,7,7.333333333333333,0.4714045207910317,0.0005056809102375145,0.8812908992306927,0.4714045207910317
000157,2007-07,0.5297,3,3,1,2.3333333333333335,0.9428090415820634,0.025559141193383414,0.8812908992306927,0.9428090415820634
000157,2007-10,-0.3184,6,3,2,3.6666666666666665,1.699673171197595,0.02575266944219168,0.9709505944546686,1.699673171197595
000157,2008-01,0.1082,6,7,3,5.333333333333333,1.699673171197595,0.014489122970023622,0.9709505944546686,1.699673171197595
000157,2008-04,-0.9393,3,4,3,3.3333333333333335,0.4714045207910317,0.0023948438453058845,0.8812908992306927,0.4714045207910317
000157,2008-07,-3.1612999999999998,2,1,3,2.0,0.816496580927726,0.02254805037907019,0.7219280948873623,0.816496580927726
000157,2008-10,1.0659999999999998,3,4,3,3.3333333333333335,0.4714045207910317,0.0023948438453058845,0.8812908992306927,0.4714045207910317
000157,2009-01,2.5238,1,1,1,1.0,0.0,0.0,0.4689955935892812,0.0
000157,2009-04,-0.18100000000000002,3,3,1,2.3333333333333335,0.9428090415820634,0.025559141193383414,0.8812908992306927,0.9428090415820634
000157,2009-07,-0.1972,7,6,2,5.0,2.160246899469287,0.029236916052000086,0.8812908992306927,2.160246899469287
000157,2009-10,-0.056799999999999996,6,8,3,5.666666666666667,2.0548046676563256,0.018291675048278867,0.9709505944546686,2.0548046676563256
000157,2010-01,0.127,6,7,6,6.333333333333333,0.4714045207910317,0.0006758874784616383,0.9709505944546686,0.4714045207910317
000157,2010-04,-0.2429,6,6,6,6.0,0.0,0.0,0.9709505944546686,0.0
000157,2010-07,0.4401,3,3,4,3.3333333333333335,0.4714045207910317,0.0023948438453058845,0.8812908992306927,0.4714045207910317
000157,2010-10,-0.0588,7,6,6,6.333333333333333,0.4714045207910317,0.0006758874784616383,0.8812908992306927,0.4714045207910317
000157,2011-01,0.1392,6,6,7,6.333333333333333,0.4714045207910317,0.0006758874784615638,0.9709505944546686,0.4714045207910317
000157,2011-04,-0.09300000000000001,7,7,7,7.0,0.0,0.0,0.8812908992306927,0.0
000157,2011-07,-0.1042,7,7,7,7.0,0.0,0.0,0.8812908992306927,0.0
000157,2011-10,-0.24960000000000002,4,4,7,5.0,1.4142135623730951,0.009292928204941,0.9709505944546686,1.4142135623730951
000157,2012-01,0.0857,4,3,4,3.6666666666666665,0.4714045207910317,0.0021766561578771704,0.9709505944546686,0.4714045207910317
000157,2012-04,0.1442,5,4,4,4.333333333333333,0.4714045207910317,0.0014294885616036141,1.0,0.4714045207910317
000157,2012-07,-0.19649999999999998,6,6,6,6.0,0.0,0.0,0.9709505944546686,0.0
000157,2012-10,-0.08380000000000001,6,7,5,6.0,0.816496580927726,0.002333803387527431,0.9709505944546686,0.816496580927726
000157,2013-01,0.0213,7,6,7,6.666666666666667,0.4714045207910317,0.0006420713965977487,0.8812908992306927,0.4714045207910317
000157,2013-04,-0.1151,4,4,6,4.666666666666667,0.9428090415820634,0.004817302157272868,0.9709505944546686,0.9428090415820634
000157,2013-07,0.1232,3,3,4,3.3333333333333335,0.4714045207910317,0.0023948438453058845,0.8812908992306927,0.4714045207910317
000157,2013-10,0.0,7,5,4,5.333333333333333,1.247219128924647,0.006684370996497373,0.8812908992306927,1.247219128924647
000157,2014-01,-0.023700000000000002,4,5,6,5.0,0.816496580927726,0.0033729266193250444,0.9709505944546686,0.816496580927726
000157,2014-04,0.0,4,4,4,4.0,0.0,0.0,0.9709505944546686,0.0
000157,2014-07,0.0279,4,4,5,4.333333333333333,0.4714045207910317,0.0014294885616036141,0.9709505944546686,0.4714045207910317
000157,2014-10,0.1394,7,7,6,6.666666666666667,0.4714045207910317,0.000642071396597733,0.8812908992306927,0.4714045207910317
000157,2015-01,0.042,6,7,7,6.666666666666667,0.4714045207910317,0.0006420713965977487,0.9709505944546686,0.4714045207910317
000157,2015-04,0.21100000000000002,7,8,7,7.333333333333333,0.4714045207910317,0.0005056809102375145,0.8812908992306927,0.4714045207910317
000157,2015-07,-0.0594,6,6,7,6.333333333333333,0.4714045207910317,0.0006758874784615638,0.9709505944546686,0.4714045207910317
000157,2015-10,-0.052199999999999996,3,3,5,3.6666666666666665,0.9428090415820634,0.00771594541165983,0.8812908992306927,0.9428090415820634
000157,2016-01,-0.1563,7,4,4,5.0,1.4142135623730951,0.009292928204941,0.8812908992306927,1.4142135623730951
000157,2016-04,-0.0779,6,6,4,5.333333333333333,0.9428090415820634,0.004212595043515672,0.9709505944546686,0.9428090415820634
000157,2016-07,0.1319,4,4,4,4.0,0.0,0.0,0.9709505944546686,0.0
000157,2016-10,0.096,7,7,6,6.666666666666667,0.4714045207910317,0.000642071396597733,0.8812908992306927,0.4714045207910317
000157,2017-01,0.14800000000000002,4,6,6,5.333333333333333,0.9428090415820634,0.004212595043515672,0.9709505944546686,0.9428090415820634
000157,2017-04,-0.0526,6,6,7,6.333333333333333,0.4714045207910317,0.0006758874784615638,0.9709505944546686,0.4714045207910317
000157,2017-07,-0.0227,6,6,7,6.333333333333333,0.4714045207910317,0.0006758874784615638,0.9709505944546686,0.4714045207910317
000157,2017-10,-0.1091,6,4,6,5.333333333333333,0.9428090415820634,0.004212595043515672,0.9709505944546686,0.9428090415820634
000157,2018-01,-0.1024,6,7,6,6.333333333333333,0.4714045207910317,0.0006758874784616383,0.9709505944546686,0.4714045207910317
000157,2018-04,-0.017,4,4,6,4.666666666666667,0.9428090415820634,0.004817302157272868,0.9709505944546686,0.9428090415820634
000157,2018-07,-0.0632,5,4,5,4.666666666666667,0.4714045207910317,0.0013272465907683984,1.0,0.4714045207910317
000157,2018-10,0.1909,4,4,6,4.666666666666667,0.9428090415820634,0.004817302157272868,0.9709505944546686,0.9428090415820634
000157,2019-01,0.3243,5,5,4,4.666666666666667,0.4714045207910317,0.0013272465907683984,1.0,0.4714045207910317
000157,2019-04,0.155,8,8,7,7.666666666666667,0.4714045207910317,0.000483684145855568,0.7219280948873623,0.4714045207910317
000157,2019-07,-0.1578,7,8,7,7.333333333333333,0.4714045207910317,0.0005056809102375145,0.8812908992306927,0.4714045207910317
000157,2019-10,0.0259,6,8,7,7.0,0.816496580927726,0.0017108958982558105,0.9709505944546686,0.816496580927726
000157,2020-01,-0.0046,7,7,7,7.0,0.0,0.0,0.8812908992306927,0.0
000157,2020-04,-0.0068000000000000005,4,4,7,5.0,1.4142135623730951,0.009292928204941,0.9709505944546686,1.4142135623730951
000157,2020-07,0.0415,7,5,7,6.333333333333333,0.9428090415820634,0.002946330098012255,0.8812908992306927,0.9428090415820634
000157,2020-10,0.2064,6,6,7,6.333333333333333,0.4714045207910317,0.0006758874784615638,0.9709505944546686,0.4714045207910317
000157,2021-01,0.182,8,8,7,7.666666666666667,0.4714045207910317,0.000483684145855568,0.7219280948873623,0.4714045207910317
000157,2021-04,-0.1057,5,6,7,6.0,0.816496580927726,0.002333803387527431,1.0,0.816496580927726
000157,2021-07,0.043899999999999995,4,4,6,4.666666666666667,0.9428090415820634,0.004817302157272868,0.9709505944546686,0.9428090415820634
000157,2021-10,-0.053200000000000004,6,4,6,5.333333333333333,0.9428090415820634,0.004212595043515672,0.9709505944546686,0.9428090415820634
000157,2022-01,-0.0018,6,5,6,5.666666666666667,0.4714045207910317,0.0008932948130031191,0.9709505944546686,0.4714045207910317
000157,2022-04,0.03,4,4,4,4.0,0.0,0.0,0.9709505944546686,0.0
000157,2022-07,-0.07400000000000001,6,6,5,5.666666666666667,0.4714045207910317,0.0008932948130031191,0.9709505944546686,0.4714045207910317
000157,2022-10,0.1164,4,4,5,4.333333333333333,0.4714045207910317,0.0014294885616036141,0.9709505944546686,0.4714045207910317
000157,2023-01,0.1902,5,4,6,5.0,0.816496580927726,0.0033729266193250444,1.0,0.816496580927726
000157,2023-04,-0.0281,6,6,6,6.0,0.0,0.0,0.9709505944546686,0.0
000157,2023-07,-0.0708,7,7,7,7.0,0.0,0.0,0.8812908992306927,0.0
000157,2023-10,0.0054,6,7,7,6.666666666666667,0.4714045207910317,0.0006420713965977487,0.9709505944546686,0.4714045207910317
000157,2024-01,0.12539999999999998,6,5,7,6.0,0.816496580927726,0.002333803387527431,0.9709505944546686,0.816496580927726
000157,2024-04,-0.062400000000000004,7,7,7,7.0,0.0,0.0,0.8812908992306927,0.0
000157,2024-07,-0.0658,4,6,7,5.666666666666667,1.247219128924647,0.006454904945298079,0.9709505944546686,1.247219128924647
000157,2024-10,0.004699999999999999,7,6,6,6.333333333333333,0.4714045207910317,0.0006758874784616383,0.8812908992306927,0.4714045207910317
000301,2005-01,0.5273,5,4,6,5.0,0.816496580927726,0.0033729266193250444,1.0,0.816496580927726
000301,2005-04,0.0,3,3,6,4.0,1.4142135623730951,0.014362591564146779,0.8812908992306927,1.4142135623730951
000301,2005-07,2.5385,4,4,3,3.6666666666666665,0.4714045207910317,0.0021766561578771704,0.9709505944546686,0.4714045207910317
000301,2005-10,1.0,2,2,2,2.0,0.0,0.0,0.7219280948873623,0.0
000301,2006-01,0.5,7,3,3,4.333333333333333,1.8856180831641267,0.021556318259027013,0.8812908992306927,1.8856180831641267
000301,2006-04,0.2182,7,7,3,5.666666666666667,1.8856180831641267,0.01639998447673846,0.8812908992306927,1.8856180831641267
000301,2006-07,-0.0472,7,7,2,5.333333333333333,2.357022603955158,0.03162528845271663,0.8812908992306927,2.357022603955158
000301,2006-10,0.0746,6,7,7,6.666666666666667,0.4714045207910317,0.0006420713965977487,0.9709505944546686,0.4714045207910317
000301,2007-01,0.49670000000000003,7,8,7,7.333333333333333,0.4714045207910317,0.0005056809102375145,0.8812908992306927,0.4714045207910317
000301,2007-04,0.7168000000000001,8,8,3,6.333333333333333,2.357022603955158,0.02112692293417683,0.7219280948873623,2.357022603955158
000301,2007-10,-0.025699999999999997,6,6,7,6.333333333333333,0.4714045207910317,0.0006758874784615638,0.9709505944546686,0.4714045207910317
000301,2008-01,0.096,6,8,6,6.666666666666667,0.9428090415820634,0.0023948438453058845,0.9709505944546686,0.9428090415820634
000301,2008-04,-0.1319,4,3,6,4.333333333333333,1.247219128924647,0.01013672725206552,0.9709505944546686,1.247219128924647
000301,2008-07,-0.33270000000000005,3,2,4,3.0,0.816496580927726,0.00957506104276447,0.8812908992306927,0.816496580927726
000301,2008-10,0.1953,4,3,4,3.6666666666666665,0.4714045207910317,0.0021766561578771704,0.9709505944546686,0.4714045207910317
000301,2009-01,0.1606,6,4,3,4.333333333333333,1.247219128924647,0.010136727252065516,0.9709505944546686,1.247219128924647
000301,2009-04,0.125,7,7,4,6.0,1.4142135623730951,0.007732062599348774,0.8812908992306927,1.4142135623730951
000301,2009-07,-0.2623,7,8,7,7.333333333333333,0.4714045207910317,0.0005056809102375145,0.8812908992306927,0.4714045207910317
000301,2009-10,0.128,5,7,6,6.0,0.816496580927726,0.002333803387527431,1.0,0.816496580927726
000301,2010-01,0.046900000000000004,6,7,6,6.333333333333333,0.4714045207910317,0.0006758874784616383,0.9709505944546686,0.4714045207910317
000301,2010-04,-0.23120000000000002,5,6,6,5.666666666666667,0.4714045207910317,0.0008932948130031191,1.0,0.4714045207910317
000301,2010-07,-0.0296,3,3,4,3.3333333333333335,0.4714045207910317,0.0023948438453058845,0.8812908992306927,0.4714045207910317
000301,2010-10,0.1491,6,4,4,4.666666666666667,0.9428090415820634,0.004817302157272943,0.9709505944546686,0.9428090415820634
000301,2011-01,0.0943,4,5,5,4.666666666666667,0.4714045207910317,0.0013272465907683984,0.9709505944546686,0.4714045207910317
000301,2011-04,-0.1057,6,6,4,5.333333333333333,0.9428090415820634,0.004212595043515672,0.9709505944546686,0.9428090415820634
000301,2011-07,-0.07339999999999999,4,4,5,4.333333333333333,0.4714045207910317,0.0014294885616036141,0.9709505944546686,0.4714045207910317
000301,2011-10,-0.0775,3,3,4,3.3333333333333335,0.4714045207910317,0.0023948438453058845,0.8812908992306927,0.4714045207910317
000301,2012-01,0.125,4,3,4,3.6666666666666665,0.4714045207910317,0.0021766561578771704,0.9709505944546686,0.4714045207910317
000301,2012-04,-0.063,5,4,4,4.333333333333333,0.4714045207910317,0.0014294885616036141,1.0,0.4714045207910317
000301,2012-07,0.0331,4,5,5,4.666666666666667,0.4714045207910317,0.0013272465907683984,0.9709505944546686,0.4714045207910317
000301,2012-10,-0.0693,6,5,5,5.333333333333333,0.4714045207910317,0.0009491787649267315,0.9709505944546686,0.4714045207910317
000301,2013-01,-0.022799999999999997,7,7,6,6.666666666666667,0.4714045207910317,0.000642071396597733,0.8812908992306927,0.4714045207910317
000301,2013-04,0.18230000000000002,4,5,6,5.0,0.816496580927726,0.0033729266193250444,0.9709505944546686,0.816496580927726
000301,2013-07,0.08460000000000001,4,3,5,4.0,0.816496580927726,0.00530599861166309,0.9709505944546686,0.816496580927726
000301,2013-10,-0.024399999999999998,7,6,6,6.333333333333333,0.4714045207910317,0.0006758874784616383,0.8812908992306927,0.4714045207910317
000301,2014-01,0.037000000000000005,5,6,6,5.666666666666667,0.4714045207910317,0.0008932948130031191,1.0,0.4714045207910317
000301,2014-04,-0.0329,5,5,6,5.333333333333333,0.4714045207910317,0.0009491787649267315,1.0,0.4714045207910317
000301,2014-07,0.035699999999999996,5,4,6,5.0,0.816496580927726,0.0033729266193250444,1.0,0.816496580927726
000301,2014-10,0.0786,7,7,7,7.0,0.0,0.0,0.8812908992306927,0.0
000301,2015-01,0.0891,7,8,7,7.333333333333333,0.4714045207910317,0.0005056809102375145,0.8812908992306927,0.4714045207910317
000301,2015-04,0.1518,7,7,7,7.0,0.0,0.0,0.8812908992306927,0.0
000301,2015-07,-0.1495,7,7,6,6.666666666666667,0.4714045207910317,0.000642071396597733,0.8812908992306927,0.4714045207910317
000301,2015-10,0.14,3,4,5,4.0,0.816496580927726,0.00530599861166309,0.8812908992306927,0.816496580927726
000301,2016-01,-0.0351,7,6,6,6.333333333333333,0.4714045207910317,0.0006758874784616383,0.8812908992306927,0.4714045207910317
000301,2016-04,-0.07490000000000001,6,6,4,5.333333333333333,0.9428090415820634,0.004212595043515672,0.9709505944546686,0.9428090415820634
000301,2016-07,0.09970000000000001,5,4,4,4.333333333333333,0.4714045207910317,0.0014294885616036141,1.0,0.4714045207910317
000301,2016-10,0.1199,6,4,6,5.333333333333333,0.9428090415820634,0.004212595043515672,0.9709505944546686,0.9428090415820634
000301,2017-01,0.0378,6,7,6,6.333333333333333,0.4714045207910317,0.0006758874784616383,0.9709505944546686,0.4714045207910317
000301,2017-10,0.1402,5,6,6,5.666666666666667,0.4714045207910317,0.0008932948130031191,1.0,0.4714045207910317
000301,2018-01,0.171,4,4,6,4.666666666666667,0.9428090415820634,0.004817302157272868,0.9709505944546686,0.9428090415820634
000301,2018-04,0.1081,6,7,6,6.333333333333333,0.4714045207910317,0.0006758874784616383,0.9709505944546686,0.4714045207910317
000301,2018-07,0.08460000000000001,4,6,6,5.333333333333333,0.9428090415820634,0.004212595043515672,0.9709505944546686,0.9428090415820634
000301,2018-10,-0.0167,5,5,6,5.333333333333333,0.4714045207910317,0.0009491787649267315,1.0,0.4714045207910317
000301,2019-01,0.1283,5,5,6,5.333333333333333,0.4714045207910317,0.0009491787649267315,1.0,0.4714045207910317
000301,2019-04,-0.1377,7,6,5,6.0,0.816496580927726,0.002333803387527431,0.8812908992306927,0.816496580927726
000301,2019-07,-0.0444,6,6,5,5.666666666666667,0.4714045207910317,0.0008932948130031191,0.9709505944546686,0.4714045207910317
000301,2019-10,-0.0388,5,5,5,5.0,0.0,0.0,1.0,0.0
000301,2020-01,-0.0089,6,5,5,5.333333333333333,0.4714045207910317,0.0009491787649267315,0.9709505944546686,0.4714045207910317
000301,2020-04,0.0876,4,4,5,4.333333333333333,0.4714045207910317,0.0014294885616036141,0.9709505944546686,0.4714045207910317
000301,2020-07,0.0111,7,7,6,6.666666666666667,0.4714045207910317,0.000642071396597733,0.8812908992306927,0.4714045207910317
000301,2020-10,0.6837000000000001,6,7,6,6.333333333333333,0.4714045207910317,0.0006758874784616383,0.9709505944546686,0.4714045207910317
000301,2021-01,0.048,7,6,7,6.666666666666667,0.4714045207910317,0.0006420713965977487,0.8812908992306927,0.4714045207910317
000301,2021-04,0.158,6,7,7,6.666666666666667,0.4714045207910317,0.0006420713965977487,0.9709505944546686,0.4714045207910317
000301,2021-07,0.1938,7,8,7,7.333333333333333,0.4714045207910317,0.0005056809102375145,0.8812908992306927,0.4714045207910317
000301,2021-10,-0.1323,6,6,6,6.0,0.0,0.0,0.9709505944546686,0.0
000301,2022-01,0.1382,4,4,6,4.666666666666667,0.9428090415820634,0.004817302157272868,0.9709505944546686,0.9428090415820634
000301,2022-04,0.2966,4,3,4,3.6666666666666665,0.4714045207910317,0.0021766561578771704,0.9709505944546686,0.4714045207910317
000301,2022-07,-0.0236,7,6,4,5.666666666666667,1.247219128924647,0.006454904945298079,0.8812908992306927,1.247219128924647
000301,2022-10,0.0864,5,6,5,5.333333333333333,0.4714045207910317,0.0009491787649267315,1.0,0.4714045207910317
000301,2023-01,-0.0058,4,4,4,4.0,0.0,0.0,0.9709505944546686,0.0
000301,2023-04,-0.0746,5,4,5,4.666666666666667,0.4714045207910317,0.0013272465907683984,1.0,0.4714045207910317
000301,2023-07,-0.0843,5,5,4,4.666666666666667,0.4714045207910317,0.0013272465907683984,1.0,0.4714045207910317
000301,2023-10,-0.0493,5,4,4,4.333333333333333,0.4714045207910317,0.0014294885616036141,1.0,0.4714045207910317
000301,2024-01,0.0623,4,4,5,4.333333333333333,0.4714045207910317,0.0014294885616036141,0.9709505944546686,0.4714045207910317
000301,2024-04,-0.0998,6,4,5,5.0,0.816496580927726,0.0033729266193250444,0.9709505944546686,0.816496580927726
000301,2024-07,-0.0177,4,4,4,4.0,0.0,0.0,0.9709505944546686,0.0
000301,2024-10,0.2061,7,6,5,6.0,0.816496580927726,0.002333803387527431,0.8812908992306927,0.816496580927726
000338,2007-04,3.0476,5,5,6,5.333333333333333,0.4714045207910317,0.0009491787649267315,1.0,0.4714045207910317
000338,2007-07,1.5957,3,7,6,5.333333333333333,1.699673171197595,0.014489122970023622,0.8812908992306927,1.699673171197595
000338,2007-10,-0.7340000000000001,6,4,6,5.333333333333333,0.9428090415820634,0.004212595043515672,0.9709505944546686,0.9428090415820634
000338,2008-01,-0.3333,6,7,4,5.666666666666667,1.247219128924647,0.006454904945298079,0.9709505944546686,1.247219128924647
000338,2008-04,-4.8571,1,1,3,1.6666666666666667,0.9428090415820634,0.036160391661783364,0.4689955935892812,0.9428090415820634
000338,2008-07,-0.1321,3,1,2,2.0,0.816496580927726,0.02254805037907019,0.8812908992306927,0.816496580927726
000338,2008-10,0.0862,5,6,2,4.333333333333333,1.699673171197595,0.02303636244359614,1.0,1.699673171197595
000338,2009-01,-0.0819,5,4,4,4.333333333333333,0.4714045207910317,0.0014294885616036141,1.0,0.4714045207910317
000338,2009-04,0.19190000000000002,7,6,7,6.666666666666667,0.4714045207910317,0.0006420713965977487,0.8812908992306927,0.4714045207910317
000338,2009-07,-19.5,7,8,7,7.333333333333333,0.4714045207910317,0.0005056809102375145,0.8812908992306927,0.4714045207910317
000338,2009-10,-0.1591,1,1,1,1.0,0.0,0.0,0.4689955935892812,0.0
000338,2010-01,0.1674,8,2,1,3.6666666666666665,3.091206165165235,0.08559593808071518,0.7219280948873623,3.091206165165235
000338,2010-04,-0.2557,7,7,3,5.666666666666667,1.8856180831641267,0.01639998447673846,0.8812908992306927,1.8856180831641267
000338,2010-07,0.2979,6,6,3,5.0,1.4142135623730951,0.011456875501600412,0.9709505944546686,1.4142135623730951
000338,2010-10,0.2186,7,6,7,6.666666666666667,0.4714045207910317,0.0006420713965977487,0.8812908992306927,0.4714045207910317
000338,2011-01,0.30269999999999997,6,6,7,6.333333333333333,0.4714045207910317,0.0006758874784615638,0.9709505944546686,0.4714045207910317
000338,2011-04,-0.1304,4,6,6,5.333333333333333,0.9428090415820634,0.004212595043515672,0.9709505944546686,0.9428090415820634
000338,2011-07,-0.0571,4,4,7,5.0,1.4142135623730951,0.009292928204941,0.9709505944546686,1.4142135623730951
000338,2011-10,-0.1265,4,3,6,4.333333333333333,1.247219128924647,0.01013672725206552,0.9709505944546686,1.247219128924647
000338,2012-01,0.0783,4,3,4,3.6666666666666665,0.4714045207910317,0.0021766561578771704,0.9709505944546686,0.4714045207910317
000338,2012-04,0.0189,4,3,4,3.6666666666666665,0.4714045207910317,0.0021766561578771704,0.9709505944546686,0.4714045207910317
000338,2012-07,-0.9138,4,4,4,4.0,0.0,0.0,0.9709505944546686,0.0
000338,2012-10,0.6709,3,3,2,2.6666666666666665,0.4714045207910317,0.004212595043515672,0.8812908992306927,0.4714045207910317
000338,2013-01,0.13470000000000001,7,6,3,5.333333333333333,1.699673171197595,0.014489122970023622,0.8812908992306927,1.699673171197595
000338,2013-04,0.20929999999999999,3,5,4,4.0,0.816496580927726,0.00530599861166309,0.8812908992306927,0.816496580927726
000338,2013-07,2.25,2,1,3,2.0,0.816496580927726,0.02254805037907019,0.7219280948873623,0.816496580927726
000338,2013-10,0.5938,7,5,4,5.333333333333333,1.247219128924647,0.006684370996497373,0.8812908992306927,1.247219128924647
000338,2014-01,-0.07690000000000001,4,4,4,4.0,0.0,0.0,0.9709505944546686,0.0
000338,2014-04,0.4118,2,2,2,2.0,0.0,0.0,0.7219280948873623,0.0
000338,2014-07,0.0,7,6,4,5.666666666666667,1.247219128924647,0.006454904945298079,0.8812908992306927,1.247219128924647
000338,2014-10,0.3592,7,6,7,6.666666666666667,0.4714045207910317,0.0006420713965977487,0.8812908992306927,0.4714045207910317
000338,2015-01,0.068,7,3,7,5.666666666666667,1.8856180831641267,0.01639998447673846,0.8812908992306927,1.8856180831641267
000338,2015-04,-0.0471,7,7,3,5.666666666666667,1.8856180831641267,0.01639998447673846,0.8812908992306927,1.8856180831641267
000338,2015-07,-0.5577000000000001,6,7,7,6.666666666666667,0.4714045207910317,0.0006420713965977487,0.9709505944546686,0.4714045207910317
000338,2015-10,0.35850000000000004,2,2,3,2.3333333333333335,0.4714045207910317,0.004817302157272868,0.7219280948873623,0.4714045207910317
000338,2016-01,-0.1714,7,4,3,4.666666666666667,1.699673171197595,0.01582838201775807,0.8812908992306927,1.699673171197595
000338,2016-04,-1.0,4,3,3,3.3333333333333335,0.4714045207910317,0.0023948438453058845,0.9709505944546686,0.4714045207910317
000338,2016-07,0.10869999999999999,3,3,3,3.0,0.0,0.0,0.8812908992306927,0.0
000338,2016-10,0.35159999999999997,6,6,1,4.333333333333333,2.357022603955158,0.05357819155161999,0.9709505944546686,2.357022603955158
000338,2017-01,0.0473,6,4,3,4.333333333333333,1.247219128924647,0.010136727252065516,0.9709505944546686,1.247219128924647
000338,2017-04,-0.0172,7,7,4,6.0,1.4142135623730951,0.007732062599348774,0.8812908992306927,1.4142135623730951
000338,2017-07,0.0581,7,8,3,6.0,2.160246899469287,0.019209548095934934,0.8812908992306927,2.160246899469287
000338,2017-10,-0.0441,7,8,7,7.333333333333333,0.4714045207910317,0.0005056809102375145,0.8812908992306927,0.4714045207910317
000338,2018-01,-0.053899999999999997,7,7,8,7.333333333333333,0.4714045207910317,0.0005056809102375145,0.8812908992306927,0.4714045207910317
000338,2018-04,0.0983,5,7,7,6.333333333333333,0.9428090415820634,0.002946330098012255,1.0,0.9428090415820634
000338,2018-07,-0.10210000000000001,6,6,8,6.666666666666667,0.9428090415820634,0.0023948438453058845,0.9709505944546686,0.9428090415820634
000338,2018-10,0.0163,6,7,7,6.666666666666667,0.4714045207910317,0.0006420713965977487,0.9709505944546686,0.4714045207910317
000338,2019-01,0.12480000000000001,6,6,6,6.0,0.0,0.0,0.9709505944546686,0.0
000338,2019-04,-0.0707,7,8,7,7.333333333333333,0.4714045207910317,0.0005056809102375145,0.8812908992306927,0.4714045207910317
000338,2019-07,-0.0635,6,8,8,7.333333333333333,0.9428090415820634,0.0021766561578771704,0.9709505944546686,0.9428090415820634
000338,2019-10,0.18460000000000001,5,4,8,5.666666666666667,1.699673171197595,0.01074740208083992,1.0,1.699673171197595
000338,2020-01,0.0741,8,8,7,7.666666666666667,0.4714045207910317,0.000483684145855568,0.7219280948873623,0.4714045207910317
000338,2020-04,-0.0337,4,5,6,5.0,0.816496580927726,0.0033729266193250444,0.9709505944546686,0.816496580927726
000338,2020-07,-0.09210000000000002,7,6,7,6.666666666666667,0.4714045207910317,0.0006420713965977487,0.8812908992306927,0.4714045207910317
000338,2020-10,0.12300000000000001,6,7,7,6.666666666666667,0.4714045207910317,0.0006420713965977487,0.9709505944546686,0.4714045207910317
000338,2021-01,0.0487,6,6,6,6.0,0.0,0.0,0.9709505944546686,0.0
000338,2021-04,-0.0192,6,6,7,6.333333333333333,0.4714045207910317,0.0006758874784615638,0.9709505944546686,0.4714045207910317
000338,2021-07,0.2168,5,6,7,6.0,0.816496580927726,0.002333803387527431,1.0,0.816496580927726
000338,2021-10,0.0252,4,4,7,5.0,1.4142135623730951,0.009292928204941,0.9709505944546686,1.4142135623730951
000338,2022-01,-0.0252,7,7,7,7.0,0.0,0.0,0.8812908992306927,0.0
000338,2022-04,0.10039999999999999,4,4,5,4.333333333333333,0.4714045207910317,0.0014294885616036141,0.9709505944546686,0.4714045207910317
000338,2022-07,-0.0161,6,5,5,5.333333333333333,0.4714045207910317,0.0009491787649267315,0.9709505944546686,0.4714045207910317
000338,2022-10,0.22510000000000002,4,4,5,4.333333333333333,0.4714045207910317,0.0014294885616036141,0.9709505944546686,0.4714045207910317
000338,2023-01,0.13,6,4,5,5.0,0.816496580927726,0.0033729266193250444,0.9709505944546686,0.816496580927726
000338,2023-04,0.0040999999999999995,7,7,6,6.666666666666667,0.4714045207910317,0.000642071396597733,0.8812908992306927,0.4714045207910317
000338,2023-07,-0.10830000000000001,6,7,6,6.333333333333333,0.4714045207910317,0.0006758874784616383,0.9709505944546686,0.4714045207910317
000338,2023-10,0.0815,7,6,7,6.666666666666667,0.4714045207910317,0.0006420713965977487,0.8812908992306927,0.4714045207910317
000338,2024-01,0.1575,6,6,7,6.333333333333333,0.4714045207910317,0.0006758874784615638,0.9709505944546686,0.4714045207910317
000338,2024-04,-0.0924,7,7,7,7.0,0.0,0.0,0.8812908992306927,0.0
000338,2024-07,-0.066,6,7,7,6.666666666666667,0.4714045207910317,0.0006420713965977487,0.9709505944546686,0.4714045207910317
000338,2024-10,0.0055000000000000005,7,7,7,7.0,0.0,0.0,0.8812908992306927,0.0
000408,2005-01,0.029900000000000003,5,5,6,5.333333333333333,0.4714045207910317,0.0009491787649267315,1.0,0.4714045207910317
000408,2005-04,0.0108,5,5,6,5.333333333333333,0.4714045207910317,0.0009491787649267315,1.0,0.4714045207910317
000408,2005-07,0.0218,5,5,6,5.333333333333333,0.4714045207910317,0.0009491787649267315,1.0,0.4714045207910317
000408,2005-10,0.0111,6,5,6,5.666666666666667,0.4714045207910317,0.0008932948130031191,0.9709505944546686,0.4714045207910317
000408,2006-01,0.0096,5,6,6,5.666666666666667,0.4714045207910317,0.0008932948130031191,1.0,0.4714045207910317
000408,2006-07,0.014499999999999999,6,6,7,6.333333333333333,0.4714045207910317,0.0006758874784615638,0.9709505944546686,0.4714045207910317
000408,2006-10,0.0034000000000000002,5,6,6,5.666666666666667,0.4714045207910317,0.0008932948130031191,1.0,0.4714045207910317
000408,2007-01,0.0765,6,5,6,5.666666666666667,0.4714045207910317,0.0008932948130031191,0.9709505944546686,0.4714045207910317
000408,2007-04,0.2857,7,8,7,7.333333333333333,0.4714045207910317,0.0005056809102375145,0.8812908992306927,0.4714045207910317
000408,2007-07,0.2483,2,2,4,2.6666666666666665,0.9428090415820634,0.014362591564146779,0.7219280948873623,0.9428090415820634
000408,2007-10,-0.34909999999999997,7,7,6,6.666666666666667,0.4714045207910317,0.000642071396597733,0.8812908992306927,0.4714045207910317
000408,2008-10,0.17079999999999998,4,4,3,3.6666666666666665,0.4714045207910317,0.0021766561578771704,0.9709505944546686,0.4714045207910317
000408,2009-01,0.405,4,4,3,3.6666666666666665,0.4714045207910317,0.0021766561578771704,0.9709505944546686,0.4714045207910317
000408,2009-04,0.1389,7,6,3,5.333333333333333,1.699673171197595,0.014489122970023622,0.8812908992306927,1.699673171197595
000408,2009-07,0.0,4,6,4,4.666666666666667,0.9428090415820634,0.004817302157272943,0.9709505944546686,0.9428090415820634
000408,2009-10,0.9565,2,2,3,2.3333333333333335,0.4714045207910317,0.004817302157272868,0.7219280948873623,0.4714045207910317
000408,2010-01,-0.0741,6,4,3,4.333333333333333,1.247219128924647,0.010136727252065516,0.9709505944546686,1.247219128924647
000408,2010-04,-0.9444,6,3,4,4.333333333333333,1.247219128924647,0.010136727252065516,0.9709505944546686,1.247219128924647
000408,2010-07,0.22829999999999998,1,1,3,1.6666666666666667,0.9428090415820634,0.036160391661783364,0.4689955935892812,0.9428090415820634
000408,2010-10,0.38380000000000003,3,3,1,2.3333333333333335,0.9428090415820634,0.025559141193383414,0.8812908992306927,0.9428090415820634
000408,2011-01,0.3477,6,4,3,4.333333333333333,1.247219128924647,0.010136727252065516,0.9709505944546686,1.247219128924647
000408,2011-04,-0.3123,7,8,3,6.0,2.160246899469287,0.019209548095934934,0.8812908992306927,2.160246899469287
000408,2011-07,-0.11220000000000001,6,6,6,6.0,0.0,0.0,0.9709505944546686,0.0
000408,2011-10,0.016,2,2,3,2.3333333333333335,0.4714045207910317,0.004817302157272868,0.7219280948873623,0.4714045207910317
000408,2012-01,5.0,2,2,3,2.3333333333333335,0.4714045207910317,0.004817302157272868,0.7219280948873623,0.4714045207910317
000408,2012-04,6.0,1,3,3,2.3333333333333335,0.9428090415820634,0.025559141193383414,0.4689955935892812,0.9428090415820634
000408,2012-07,1.3049000000000002,4,2,1,2.3333333333333335,1.247219128924647,0.03635797646202721,0.9709505944546686,1.247219128924647
000408,2012-10,-1.7183000000000002,6,6,3,5.0,1.4142135623730951,0.011456875501600412,0.9709505944546686,1.4142135623730951
000408,2013-01,-1.3333000000000002,4,4,2,3.3333333333333335,0.9428090415820634,0.011456875501600412,0.9709505944546686,0.9428090415820634
000408,2013-04,0.8701000000000001,3,6,3,4.0,1.4142135623730951,0.014362591564146779,0.8812908992306927,1.4142135623730951
000408,2013-07,0.4424,1,1,1,1.0,0.0,0.0,0.4689955935892812,0.0
000408,2013-10,-0.1757,7,3,1,3.6666666666666665,2.494438257849294,0.062410457549092635,0.8812908992306927,2.494438257849294
000408,2014-01,0.29510000000000003,2,2,3,2.3333333333333335,0.4714045207910317,0.004817302157272868,0.7219280948873623,0.4714045207910317
000408,2014-04,-0.1325,3,2,3,2.6666666666666665,0.4714045207910317,0.004212595043515672,0.8812908992306927,0.4714045207910317
000408,2015-01,-0.0111,3,6,4,4.333333333333333,1.247219128924647,0.010136727252065516,0.8812908992306927,1.247219128924647
000408,2015-04,0.5389,7,7,6,6.666666666666667,0.4714045207910317,0.000642071396597733,0.8812908992306927,0.4714045207910317
000408,2015-07,-0.44270000000000004,6,6,7,6.333333333333333,0.4714045207910317,0.0006758874784615638,0.9709505944546686,0.4714045207910317
000408,2015-10,0.9653,3,3,6,4.0,1.4142135623730951,0.014362591564146779,0.8812908992306927,1.4142135623730951
000408,2016-01,0.10830000000000001,6,4,6,5.333333333333333,0.9428090415820634,0.004212595043515672,0.9709505944546686,0.9428090415820634
000408,2016-04,-0.0849,6,7,4,5.666666666666667,1.247219128924647,0.006454904945298079,0.9709505944546686,1.247219128924647
000408,2016-07,0.166,7,6,5,6.0,0.816496580927726,0.002333803387527431,0.8812908992306927,0.816496580927726
000408,2016-10,-0.0639,4,6,7,5.666666666666667,1.247219128924647,0.006454904945298079,0.9709505944546686,1.247219128924647
000408,2017-01,0.1975,4,4,6,4.666666666666667,0.9428090415820634,0.004817302157272868,0.9709505944546686,0.9428090415820634
000408,2017-04,-0.2157,6,6,6,6.0,0.0,0.0,0.9709505944546686,0.0
000408,2017-07,0.10490000000000001,5,6,5,5.333333333333333,0.4714045207910317,0.0009491787649267315,1.0,0.4714045207910317
000408,2017-10,-0.0302,7,7,7,7.0,0.0,0.0,0.8812908992306927,0.0
000408,2018-01,0.0076,5,7,7,6.333333333333333,0.9428090415820634,0.002946330098012255,1.0,0.9428090415820634
000408,2018-04,-0.1463,5,6,6,5.666666666666667,0.4714045207910317,0.0008932948130031191,1.0,0.4714045207910317
000408,2018-10,0.08800000000000001,5,5,4,4.666666666666667,0.4714045207910317,0.0013272465907683984,1.0,0.4714045207910317
000408,2019-01,0.3776,4,4,4,4.0,0.0,0.0,0.9709505944546686,0.0
000408,2019-04,-0.9381,7,6,4,5.666666666666667,1.247219128924647,0.006454904945298079,0.8812908992306927,1.247219128924647
000408,2019-07,-0.4819,3,4,2,3.0,0.816496580927726,0.009575061042764446,0.8812908992306927,0.816496580927726
000408,2019-10,0.0282,5,3,3,3.6666666666666665,0.9428090415820634,0.007715945411659827,1.0,0.9428090415820634
000408,2020-01,-1.8333000000000002,2,2,2,2.0,0.0,0.0,0.7219280948873623,0.0
000408,2020-04,0.3833,2,2,3,2.3333333333333335,0.4714045207910317,0.004817302157272868,0.7219280948873623,0.4714045207910317
000408,2020-07,-0.0388,6,4,3,4.333333333333333,1.247219128924647,0.010136727252065516,0.9709505944546686,1.247219128924647
000408,2020-10,0.5738,2,2,3,2.3333333333333335,0.4714045207910317,0.004817302157272868,0.7219280948873623,0.4714045207910317
000408,2021-01,-0.38380000000000003,7,2,3,4.0,2.160246899469287,0.03440796157713285,0.8812908992306927,2.160246899469287
000408,2021-04,1.714,7,3,6,5.333333333333333,1.699673171197595,0.014489122970023622,0.8812908992306927,1.699673171197595
000408,2021-07,0.121,7,7,3,5.666666666666667,1.8856180831641267,0.01639998447673846,0.8812908992306927,1.8856180831641267
000408,2021-10,-0.0663,5,6,3,4.666666666666667,1.247219128924647,0.0097112135713919,1.0,1.247219128924647
000408,2022-01,0.2373,6,8,3,5.666666666666667,2.0548046676563256,0.018291675048278867,0.9709505944546686,2.0548046676563256
000408,2022-04,0.2188,4,4,6,4.666666666666667,0.9428090415820634,0.004817302157272868,0.9709505944546686,0.9428090415820634
000408,2022-07,-0.0118,7,6,6,6.333333333333333,0.4714045207910317,0.0006758874784616383,0.8812908992306927,0.4714045207910317
000408,2022-10,0.16620000000000001,4,4,7,5.0,1.4142135623730951,0.009292928204941,0.9709505944546686,1.4142135623730951
000408,2023-01,0.0022,4,3,5,4.0,0.816496580927726,0.00530599861166309,0.9709505944546686,0.816496580927726
000408,2023-04,0.0054,4,4,6,4.666666666666667,0.9428090415820634,0.004817302157272868,0.9709505944546686,0.9428090415820634
000408,2023-07,-0.0401,5,4,6,5.0,0.816496580927726,0.0033729266193250444,1.0,0.816496580927726
000408,2023-10,0.0812,6,6,6,6.0,0.0,0.0,0.9709505944546686,0.0
000408,2024-01,0.213,7,7,7,7.0,0.0,0.0,0.8812908992306927,0.0
000408,2024-04,-0.1054,7,8,7,7.333333333333333,0.4714045207910317,0.0005056809102375145,0.8812908992306927,0.4714045207910317
000408,2024-07,0.052300000000000006,4,4,6,4.666666666666667,0.9428090415820634,0.004817302157272868,0.9709505944546686,0.9428090415820634
000408,2024-10,0.0011,7,7,7,7.0,0.0,0.0,0.8812908992306927,0.0
000425,2005-01,0.1148,5,5,6,5.333333333333333,0.4714045207910317,0.0009491787649267315,1.0,0.4714045207910317
000425,2005-04,-0.0519,4,4,6,4.666666666666667,0.9428090415820634,0.004817302157272868,0.9709505944546686,0.9428090415820634
000425,2005-07,0.1848,4,3,5,4.0,0.816496580927726,0.00530599861166309,0.9709505944546686,0.816496580927726
000425,2005-10,-0.0781,6,4,6,5.333333333333333,0.9428090415820634,0.004212595043515672,0.9709505944546686,0.9428090415820634
000425,2006-01,0.1791,6,6,4,5.333333333333333,0.9428090415820634,0.004212595043515672,0.9709505944546686,0.9428090415820634
000425,2006-04,0.29410000000000003,5,5,6,5.333333333333333,0.4714045207910317,0.0009491787649267315,1.0,0.4714045207910317
000425,2006-07,0.027000000000000003,7,8,7,7.333333333333333,0.4714045207910317,0.0005056809102375145,0.8812908992306927,0.4714045207910317
000425,2006-10,0.3182,6,8,6,6.666666666666667,0.9428090415820634,0.0023948438453058845,0.9709505944546686,0.9428090415820634
000425,2007-01,1.1277,6,4,7,5.666666666666667,1.247219128924647,0.006454904945298079,0.9709505944546686,1.247219128924647
000425,2007-04,0.157,7,6,6,6.333333333333333,0.4714045207910317,0.0006758874784616383,0.8812908992306927,0.4714045207910317
000425,2007-07,0.1575,3,4,6,4.333333333333333,1.247219128924647,0.01013672725206552,0.8812908992306927,1.247219128924647
000425,2007-10,-0.2305,7,7,4,6.0,1.4142135623730951,0.007732062599348774,0.8812908992306927,1.4142135623730951
000425,2008-01,0.1875,6,8,6,6.666666666666667,0.9428090415820634,0.0023948438453058845,0.9709505944546686,0.9428090415820634
000425,2008-04,0.2783,4,3,6,4.333333333333333,1.247219128924647,0.01013672725206552,0.9709505944546686,1.247219128924647
000425,2008-07,-0.33909999999999996,3,3,6,4.0,1.4142135623730951,0.014362591564146779,0.8812908992306927,1.4142135623730951
000425,2008-10,0.7284,7,6,4,5.666666666666667,1.247219128924647,0.006454904945298079,0.8812908992306927,1.247219128924647
000425,2009-01,0.41619999999999996,4,6,4,4.666666666666667,0.9428090415820634,0.004817302157272943,0.9709505944546686,0.9428090415820634
000425,2009-04,-0.0588,7,8,7,7.333333333333333,0.4714045207910317,0.0005056809102375145,0.8812908992306927,0.4714045207910317
000425,2009-07,-0.1934,7,8,7,7.333333333333333,0.4714045207910317,0.0005056809102375145,0.8812908992306927,0.4714045207910317
000425,2009-10,0.0132,6,7,7,6.666666666666667,0.4714045207910317,0.0006420713965977487,0.9709505944546686,0.4714045207910317
000425,2010-01,0.1507,6,6,7,6.333333333333333,0.4714045207910317,0.0006758874784615638,0.9709505944546686,0.4714045207910317
000425,2010-04,-0.1362,6,6,7,6.333333333333333,0.4714045207910317,0.0006758874784615638,0.9709505944546686,0.4714045207910317
000425,2010-07,-0.024700000000000003,4,4,6,4.666666666666667,0.9428090415820634,0.004817302157272868,0.9709505944546686,0.9428090415820634
000425,2010-10,0.046799999999999994,7,7,7,7.0,0.0,0.0,0.8812908992306927,0.0
000425,2011-01,0.10710000000000001,7,8,7,7.333333333333333,0.4714045207910317,0.0005056809102375145,0.8812908992306927,0.4714045207910317
000425,2011-04,-0.1197,5,7,7,6.333333333333333,0.9428090415820634,0.002946330098012255,1.0,0.9428090415820634
000425,2011-07,0.0111,6,6,7,6.333333333333333,0.4714045207910317,0.0006758874784615638,0.9709505944546686,0.4714045207910317
000425,2011-10,-0.2138,4,3,5,4.0,0.816496580927726,0.00530599861166309,0.9709505944546686,0.816496580927726
000425,2012-01,0.0048,5,4,4,4.333333333333333,0.4714045207910317,0.0014294885616036141,1.0,0.4714045207910317
000425,2012-04,-0.0026,4,3,4,3.6666666666666665,0.4714045207910317,0.0021766561578771704,0.9709505944546686,0.4714045207910317
000425,2012-07,-0.1934,5,5,4,4.666666666666667,0.4714045207910317,0.0013272465907683984,1.0,0.4714045207910317
000425,2012-10,-0.058600000000000006,4,4,4,4.0,0.0,0.0,0.9709505944546686,0.0
000425,2013-01,-0.0506,7,6,5,6.0,0.816496580927726,0.002333803387527431,0.8812908992306927,0.816496580927726
000425,2013-04,0.0529,4,4,5,4.333333333333333,0.4714045207910317,0.0014294885616036141,0.9709505944546686,0.4714045207910317
000425,2013-07,0.1399,4,3,4,3.6666666666666665,0.4714045207910317,0.0021766561578771704,0.9709505944546686,0.4714045207910317
000425,2013-10,0.0256,6,5,4,5.0,0.816496580927726,0.0033729266193250444,0.9709505944546686,0.816496580927726
000425,2014-01,0.0163,4,4,5,4.333333333333333,0.4714045207910317,0.0014294885616036141,0.9709505944546686,0.4714045207910317
000425,2014-04,0.061399999999999996,4,4,4,4.0,0.0,0.0,0.9709505944546686,0.0
000425,2014-07,-0.030699999999999998,6,5,6,5.666666666666667,0.4714045207910317,0.0008932948130031191,0.9709505944546686,0.4714045207910317
000425,2014-10,0.2811,7,8,7,7.333333333333333,0.4714045207910317,0.0005056809102375145,0.8812908992306927,0.4714045207910317
000425,2015-01,0.1843,7,8,7,7.333333333333333,0.4714045207910317,0.0005056809102375145,0.8812908992306927,0.4714045207910317
000425,2015-04,-0.0026,7,8,7,7.333333333333333,0.4714045207910317,0.0005056809102375145,0.8812908992306927,0.4714045207910317
000425,2015-07,0.2556,4,4,7,5.0,1.4142135623730951,0.009292928204941,0.9709505944546686,1.4142135623730951
000425,2015-10,-0.0232,4,4,6,4.666666666666667,0.9428090415820634,0.004817302157272868,0.9709505944546686,0.9428090415820634
000425,2016-01,-0.0154,5,4,6,5.0,0.816496580927726,0.0033729266193250444,1.0,0.816496580927726
000425,2016-04,-0.0638,6,6,4,5.333333333333333,0.9428090415820634,0.004212595043515672,0.9709505944546686,0.9428090415820634
000425,2016-07,0.0721,4,4,5,4.333333333333333,0.4714045207910317,0.0014294885616036141,0.9709505944546686,0.4714045207910317
000425,2016-10,0.16,6,4,6,5.333333333333333,0.9428090415820634,0.004212595043515672,0.9709505944546686,0.9428090415820634
000425,2017-01,0.30210000000000004,5,6,6,5.666666666666667,0.4714045207910317,0.0008932948130031191,1.0,0.4714045207910317
000425,2017-04,-0.1418,6,6,7,6.333333333333333,0.4714045207910317,0.0006758874784615638,0.9709505944546686,0.4714045207910317
000425,2017-07,-0.0693,6,7,7,6.666666666666667,0.4714045207910317,0.0006420713965977487,0.9709505944546686,0.4714045207910317
000425,2017-10,-0.0036,5,4,7,5.333333333333333,1.247219128924647,0.006684370996497373,1.0,1.247219128924647
000425,2018-01,-0.0947,8,7,7,7.333333333333333,0.4714045207910317,0.0005056809102375145,0.7219280948873623,0.4714045207910317
000425,2018-04,0.0361,4,5,6,5.0,0.816496580927726,0.0033729266193250444,0.9709505944546686,0.816496580927726
000425,2018-07,-0.045599999999999995,7,6,7,6.666666666666667,0.4714045207910317,0.0006420713965977487,0.8812908992306927,0.4714045207910317
000425,2018-10,0.0084,4,5,7,5.333333333333333,1.247219128924647,0.006684370996497373,0.9709505944546686,1.247219128924647
000425,2019-01,0.2944,4,4,4,4.0,0.0,0.0,0.9709505944546686,0.0
000425,2019-04,-0.08259999999999999,8,7,7,7.333333333333333,0.4714045207910317,0.0005056809102375145,0.7219280948873623,0.4714045207910317
000425,2019-07,-0.1457,6,8,7,7.0,0.816496580927726,0.0017108958982558105,0.9709505944546686,0.816496580927726
000425,2019-10,0.0165,6,6,7,6.333333333333333,0.4714045207910317,0.0006758874784615638,0.9709505944546686,0.4714045207910317
000425,2020-01,0.018600000000000002,7,8,7,7.333333333333333,0.4714045207910317,0.0005056809102375145,0.8812908992306927,0.4714045207910317
000425,2020-04,0.0687,4,6,7,5.666666666666667,1.247219128924647,0.006454904945298079,0.9709505944546686,1.247219128924647
000425,2020-07,-0.0254,7,6,7,6.666666666666667,0.4714045207910317,0.0006420713965977487,0.8812908992306927,0.4714045207910317
000425,2020-10,0.0177,4,6,7,5.666666666666667,1.247219128924647,0.006454904945298079,0.9709505944546686,1.247219128924647
000425,2021-01,0.36200000000000004,5,4,6,5.0,0.816496580927726,0.0033729266193250444,1.0,0.816496580927726
000425,2021-04,-0.1023,7,7,7,7.0,0.0,0.0,0.8812908992306927,0.0
000425,2021-07,0.1353,4,6,6,5.333333333333333,0.9428090415820634,0.004212595043515672,0.9709505944546686,0.9428090415820634
000425,2021-10,-0.0335,6,6,7,6.333333333333333,0.4714045207910317,0.0006758874784615638,0.9709505944546686,0.4714045207910317
000425,2022-01,-0.022400000000000003,5,5,6,5.333333333333333,0.4714045207910317,0.0009491787649267315,1.0,0.4714045207910317
000425,2022-04,0.078,4,4,5,4.333333333333333,0.4714045207910317,0.0014294885616036141,0.9709505944546686,0.4714045207910317
000425,2022-07,-0.0782,6,5,6,5.666666666666667,0.4714045207910317,0.0008932948130031191,0.9709505944546686,0.4714045207910317
000425,2022-10,0.155,4,4,5,4.333333333333333,0.4714045207910317,0.0014294885616036141,0.9709505944546686,0.4714045207910317
000425,2023-01,0.24059999999999998,6,4,5,5.0,0.816496580927726,0.0033729266193250444,0.9709505944546686,0.816496580927726
000425,2023-04,-0.1384,6,7,7,6.666666666666667,0.4714045207910317,0.0006420713965977487,0.9709505944546686,0.4714045207910317
000425,2023-07,-0.1518,6,8,7,7.0,0.816496580927726,0.0017108958982558105,0.9709505944546686,0.816496580927726
000425,2023-10,-0.037200000000000004,6,6,7,6.333333333333333,0.4714045207910317,0.0006758874784615638,0.9709505944546686,0.4714045207910317
000425,2024-01,0.056799999999999996,5,4,6,5.0,0.816496580927726,0.0033729266193250444,1.0,0.816496580927726
000425,2024-04,0.0329,7,6,6,6.333333333333333,0.4714045207910317,0.0006758874784616383,0.8812908992306927,0.4714045207910317
000425,2024-07,-0.0298,6,7,7,6.666666666666667,0.4714045207910317,0.0006420713965977487,0.9709505944546686,0.4714045207910317
000425,2024-10,0.0421,7,8,7,7.333333333333333,0.4714045207910317,0.0005056809102375145,0.8812908992306927,0.4714045207910317
000538,2005-01,0.0034999999999999996,5,5,6,5.333333333333333,0.4714045207910317,0.0009491787649267315,1.0,0.4714045207910317
000538,2005-04,-0.0278,6,6,6,6.0,0.0,0.0,0.9709505944546686,0.0
000538,2005-07,0.0068000000000000005,6,6,6,6.0,0.0,0.0,0.9709505944546686,0.0
000538,2005-10,-0.0152,5,6,6,5.666666666666667,0.4714045207910317,0.0008932948130031191,1.0,0.4714045207910317
000538,2006-01,0.0499,6,6,7,6.333333333333333,0.4714045207910317,0.0006758874784615638,0.9709505944546686,0.4714045207910317
000538,2006-04,0.0472,6,7,7,6.666666666666667,0.4714045207910317,0.0006420713965977487,0.9709505944546686,0.4714045207910317
000538,2006-07,0.0055000000000000005,7,7,7,7.0,0.0,0.0,0.8812908992306927,0.0
000538,2006-10,0.11289999999999999,5,7,7,6.333333333333333,0.9428090415820634,0.002946330098012255,1.0,0.9428090415820634
000538,2007-01,-0.1074,7,7,7,7.0,0.0,0.0,0.8812908992306927,0.0
000538,2007-04,0.13699999999999998,6,7,7,6.666666666666667,0.4714045207910317,0.0006420713965977487,0.9709505944546686,0.4714045207910317
000538,2007-07,0.09759999999999999,6,6,7,6.333333333333333,0.4714045207910317,0.0006758874784615638,0.9709505944546686,0.4714045207910317
000538,2007-10,-0.1059,4,4,6,4.666666666666667,0.9428090415820634,0.004817302157272868,0.9709505944546686,0.9428090415820634
000538,2008-01,0.1349,7,6,6,6.333333333333333,0.4714045207910317,0.0006758874784616383,0.8812908992306927,0.4714045207910317
000538,2008-04,-0.056100000000000004,2,2,3,2.3333333333333335,0.4714045207910317,0.004817302157272868,0.7219280948873623,0.4714045207910317
000538,2008-07,-0.2114,6,3,3,4.0,1.4142135623730951,0.014362591564146779,0.9709505944546686,1.4142135623730951
000538,2008-10,0.1124,6,6,4,5.333333333333333,0.9428090415820634,0.004212595043515672,0.9709505944546686,0.9428090415820634
000538,2009-01,0.17859999999999998,7,7,4,6.0,1.4142135623730951,0.007732062599348774,0.8812908992306927,1.4142135623730951
000538,2009-04,-0.14880000000000002,6,7,7,6.666666666666667,0.4714045207910317,0.0006420713965977487,0.9709505944546686,0.4714045207910317
000538,2009-07,0.2907,6,6,7,6.333333333333333,0.4714045207910317,0.0006758874784615638,0.9709505944546686,0.4714045207910317
000538,2009-10,1.1013,6,8,6,6.666666666666667,0.9428090415820634,0.0023948438453058845,0.9709505944546686,0.9428090415820634
000538,2010-01,0.2871,1,1,1,1.0,0.0,0.0,0.4689955935892812,0.0
000538,2010-04,0.0974,2,2,1,1.6666666666666667,0.4714045207910317,0.011456875501600412,0.7219280948873623,0.4714045207910317
000538,2010-07,0.2532,6,6,2,4.666666666666667,1.8856180831641267,0.025559141193383414,0.9709505944546686,1.8856180831641267
000538,2010-10,-0.0351,6,3,2,3.6666666666666665,1.699673171197595,0.02575266944219168,0.9709505944546686,1.699673171197595
000538,2011-01,0.1131,4,6,6,5.333333333333333,0.9428090415820634,0.004212595043515672,0.9709505944546686,0.9428090415820634
000538,2011-04,0.015600000000000001,4,3,6,4.333333333333333,1.247219128924647,0.01013672725206552,0.9709505944546686,1.247219128924647
000538,2011-07,0.0637,6,4,7,5.666666666666667,1.247219128924647,0.006454904945298079,0.9709505944546686,1.247219128924647
000538,2011-10,0.2793,4,4,5,4.333333333333333,0.4714045207910317,0.0014294885616036141,0.9709505944546686,0.4714045207910317
000538,2012-01,0.3626,4,3,4,3.6666666666666665,0.4714045207910317,0.0021766561578771704,0.9709505944546686,0.4714045207910317
000538,2012-04,0.0524,4,3,4,3.6666666666666665,0.4714045207910317,0.0021766561578771704,0.9709505944546686,0.4714045207910317
000538,2012-07,-0.0565,6,7,6,6.333333333333333,0.4714045207910317,0.0006758874784616383,0.9709505944546686,0.4714045207910317
000538,2012-10,-0.0901,7,7,7,7.0,0.0,0.0,0.8812908992306927,0.0
000538,2013-01,-0.0149,7,7,7,7.0,0.0,0.0,0.8812908992306927,0.0
000538,2013-04,0.1061,7,7,7,7.0,0.0,0.0,0.8812908992306927,0.0
000538,2013-07,-0.0175,5,6,7,6.0,0.816496580927726,0.002333803387527431,1.0,0.816496580927726
000538,2013-10,0.006500000000000001,7,8,7,7.333333333333333,0.4714045207910317,0.0005056809102375145,0.8812908992306927,0.4714045207910317
000538,2014-01,-0.113,4,7,7,6.0,1.4142135623730951,0.007732062599348774,0.9709505944546686,1.4142135623730951
000538,2014-04,0.039599999999999996,4,3,6,4.333333333333333,1.247219128924647,0.01013672725206552,0.9709505944546686,1.247219128924647
000538,2014-07,-0.1433,4,3,6,4.333333333333333,1.247219128924647,0.01013672725206552,0.9709505944546686,1.247219128924647
000538,2014-10,0.0915,7,6,4,5.666666666666667,1.247219128924647,0.006454904945298079,0.8812908992306927,1.247219128924647
000538,2015-01,-0.0178,7,8,6,7.0,0.816496580927726,0.001710895898255767,0.8812908992306927,0.816496580927726
000538,2015-04,0.1264,7,8,7,7.333333333333333,0.4714045207910317,0.0005056809102375145,0.8812908992306927,0.4714045207910317
000538,2015-07,-0.0873,7,8,7,7.333333333333333,0.4714045207910317,0.0005056809102375145,0.8812908992306927,0.4714045207910317
000538,2015-10,0.0077,4,4,6,4.666666666666667,0.9428090415820634,0.004817302157272868,0.9709505944546686,0.9428090415820634
000538,2016-01,-0.1442,7,6,7,6.666666666666667,0.4714045207910317,0.0006420713965977487,0.8812908992306927,0.4714045207910317
000538,2016-04,0.0564,6,6,5,5.666666666666667,0.4714045207910317,0.0008932948130031191,0.9709505944546686,0.4714045207910317
000538,2016-07,0.1558,7,6,6,6.333333333333333,0.4714045207910317,0.0006758874784616383,0.8812908992306927,0.4714045207910317
000538,2017-01,0.024900000000000002,7,8,7,7.333333333333333,0.4714045207910317,0.0005056809102375145,0.8812908992306927,0.4714045207910317
000538,2017-04,0.0524,7,8,8,7.666666666666667,0.4714045207910317,0.000483684145855568,0.8812908992306927,0.4714045207910317
000538,2017-07,-0.016399999999999998,7,8,7,7.333333333333333,0.4714045207910317,0.0005056809102375145,0.8812908992306927,0.4714045207910317
000538,2017-10,-0.1329,6,7,7,6.666666666666667,0.4714045207910317,0.0006420713965977487,0.9709505944546686,0.4714045207910317
000538,2018-01,-0.1015,7,7,7,7.0,0.0,0.0,0.8812908992306927,0.0
000538,2018-04,0.2736,6,7,7,6.666666666666667,0.4714045207910317,0.0006420713965977487,0.9709505944546686,0.4714045207910317
000538,2018-07,-0.2596,6,5,7,6.0,0.816496580927726,0.002333803387527431,0.9709505944546686,0.816496580927726
000538,2019-01,0.1332,5,4,4,4.333333333333333,0.4714045207910317,0.0014294885616036141,1.0,0.4714045207910317
000538,2019-04,-0.1638,7,6,6,6.333333333333333,0.4714045207910317,0.0006758874784616383,0.8812908992306927,0.4714045207910317
000538,2019-07,0.014199999999999999,7,7,6,6.666666666666667,0.4714045207910317,0.000642071396597733,0.8812908992306927,0.4714045207910317
000538,2019-10,0.0206,5,5,6,5.333333333333333,0.4714045207910317,0.0009491787649267315,1.0,0.4714045207910317
000538,2020-01,-0.1197,6,7,7,6.666666666666667,0.4714045207910317,0.0006420713965977487,0.9709505944546686,0.4714045207910317
000538,2020-04,-0.030699999999999998,6,7,6,6.333333333333333,0.4714045207910317,0.0006758874784616383,0.9709505944546686,0.4714045207910317
000538,2020-07,0.0665,7,7,7,7.0,0.0,0.0,0.8812908992306927,0.0
000538,2020-10,-0.0901,5,6,7,6.0,0.816496580927726,0.002333803387527431,1.0,0.816496580927726
000538,2021-01,-0.0187,7,8,7,7.333333333333333,0.4714045207910317,0.0005056809102375145,0.8812908992306927,0.4714045207910317
000538,2021-04,0.2005,5,6,7,6.0,0.816496580927726,0.002333803387527431,1.0,0.816496580927726
000538,2021-07,-0.1206,6,6,7,6.333333333333333,0.4714045207910317,0.0006758874784615638,0.9709505944546686,0.4714045207910317
000538,2021-10,-0.0168,6,6,5,5.666666666666667,0.4714045207910317,0.0008932948130031191,0.9709505944546686,0.4714045207910317
000538,2022-01,-0.0005,7,6,6,6.333333333333333,0.4714045207910317,0.0006758874784616383,0.8812908992306927,0.4714045207910317
000538,2022-04,0.0682,4,4,5,4.333333333333333,0.4714045207910317,0.0014294885616036141,0.9709505944546686,0.4714045207910317
000538,2022-07,-0.0601,7,6,6,6.333333333333333,0.4714045207910317,0.0006758874784616383,0.8812908992306927,0.4714045207910317
000538,2022-10,0.044000000000000004,4,5,6,5.0,0.816496580927726,0.0033729266193250444,0.9709505944546686,0.816496580927726
000538,2023-01,-0.0115,6,4,6,5.333333333333333,0.9428090415820634,0.004212595043515672,0.9709505944546686,0.9428090415820634
000538,2023-04,-0.056900000000000006,6,6,6,6.0,0.0,0.0,0.9709505944546686,0.0
000538,2023-07,0.0175,5,4,6,5.0,0.816496580927726,0.0033729266193250444,1.0,0.816496580927726
000538,2023-10,-0.011899999999999999,6,5,6,5.666666666666667,0.4714045207910317,0.0008932948130031191,0.9709505944546686,0.4714045207910317
000538,2024-01,0.0842,5,4,6,5.0,0.816496580927726,0.0033729266193250444,1.0,0.816496580927726
000538,2024-04,-0.045599999999999995,6,6,6,6.0,0.0,0.0,0.9709505944546686,0.0
000538,2024-07,0.078,6,6,6,6.0,0.0,0.0,0.9709505944546686,0.0
000538,2024-10,0.027999999999999997,7,7,7,7.0,0.0,0.0,0.8812908992306927,0.0
000568,2005-01,0.0084,6,6,7,6.333333333333333,0.4714045207910317,0.0006758874784615638,0.9709505944546686,0.4714045207910317
000568,2005-04,-0.0109,6,6,7,6.333333333333333,0.4714045207910317,0.0006758874784615638,0.9709505944546686,0.4714045207910317
000568,2005-07,0.0132,6,6,7,6.333333333333333,0.4714045207910317,0.0006758874784615638,0.9709505944546686,0.4714045207910317
000568,2005-10,-0.0273,6,6,7,6.333333333333333,0.4714045207910317,0.0006758874784615638,0.9709505944546686,0.4714045207910317
000568,2006-01,0.0148,6,6,7,6.333333333333333,0.4714045207910317,0.0006758874784615638,0.9709505944546686,0.4714045207910317
000568,2006-04,0.0438,6,6,7,6.333333333333333,0.4714045207910317,0.0006758874784615638,0.9709505944546686,0.4714045207910317
000568,2006-07,0.0011,7,8,8,7.666666666666667,0.4714045207910317,0.000483684145855568,0.8812908992306927,0.4714045207910317
000568,2006-10,0.0525,6,8,8,7.333333333333333,0.9428090415820634,0.0021766561578771704,0.9709505944546686,0.9428090415820634
000568,2007-01,0.057699999999999994,8,8,8,8.0,0.0,0.0,0.7219280948873623,0.0
000568,2007-04,0.1539,6,8,8,7.333333333333333,0.9428090415820634,0.0021766561578771704,0.9709505944546686,0.9428090415820634
000568,2007-07,1.136,7,8,8,7.666666666666667,0.4714045207910317,0.000483684145855568,0.8812908992306927,0.4714045207910317
000568,2007-10,-0.6246,1,1,1,1.0,0.0,0.0,0.4689955935892812,0.0
000568,2008-01,1.5044,2,1,3,2.0,0.816496580927726,0.02254805037907019,0.7219280948873623,0.816496580927726
000568,2008-04,-0.131,2,2,3,2.3333333333333335,0.4714045207910317,0.004817302157272868,0.7219280948873623,0.4714045207910317
000568,2008-07,-1.892,1,1,1,1.0,0.0,0.0,0.4689955935892812,0.0
000568,2008-10,0.0269,2,6,2,3.3333333333333335,1.8856180831641267,0.036160391661783364,0.7219280948873623,1.8856180831641267
000568,2009-01,0.0259,3,3,3,3.0,0.0,0.0,0.8812908992306927,0.0
000568,2009-04,-0.009300000000000001,8,6,6,6.666666666666667,0.9428090415820634,0.0023948438453058845,0.7219280948873623,0.9428090415820634
000568,2009-07,-1.5773,7,9,3,6.333333333333333,2.494438257849294,0.022587539286790234,0.8812908992306927,2.494438257849294
000568,2009-10,1.5643,4,4,3,3.6666666666666665,0.4714045207910317,0.0021766561578771704,0.9709505944546686,0.4714045207910317
000568,2010-01,-5.0256,7,2,1,3.3333333333333335,2.6246692913372702,0.07480639925177693,0.8812908992306927,2.6246692913372702
000568,2010-04,-0.3775,3,2,3,2.6666666666666665,0.4714045207910317,0.004212595043515672,0.8812908992306927,0.4714045207910317
000568,2010-07,1.7865,3,3,3,3.0,0.0,0.0,0.8812908992306927,0.0
000568,2010-10,0.6651,7,8,6,7.0,0.816496580927726,0.001710895898255767,0.8812908992306927,0.816496580927726
000568,2011-01,0.2432,6,3,7,5.333333333333333,1.699673171197595,0.014489122970023626,0.9709505944546686,1.699673171197595
000568,2011-04,-0.0403,7,7,6,6.666666666666667,0.4714045207910317,0.000642071396597733,0.8812908992306927,0.4714045207910317
000568,2011-07,-0.1133,6,8,7,7.0,0.816496580927726,0.0017108958982558105,0.9709505944546686,0.816496580927726
000568,2011-10,0.0203,3,2,6,3.6666666666666665,1.699673171197595,0.02575266944219168,0.8812908992306927,1.699673171197595
000568,2012-01,1.0287,3,2,4,3.0,0.816496580927726,0.00957506104276447,0.8812908992306927,0.816496580927726
000568,2012-04,-0.4139,6,5,4,5.0,0.816496580927726,0.0033729266193250444,0.9709505944546686,0.816496580927726
000568,2012-07,-0.5324,7,8,6,7.0,0.816496580927726,0.001710895898255767,0.8812908992306927,0.816496580927726
000568,2012-10,-0.8147,6,8,6,6.666666666666667,0.9428090415820634,0.0023948438453058845,0.9709505944546686,0.9428090415820634
000568,2013-01,0.6943,6,6,4,5.333333333333333,0.9428090415820634,0.004212595043515672,0.9709505944546686,0.9428090415820634
000568,2013-04,0.26030000000000003,1,1,2,1.3333333333333333,0.4714045207910317,0.014362591564146779,0.4689955935892812,0.4714045207910317
000568,2013-07,0.15810000000000002,3,3,6,4.0,1.4142135623730951,0.014362591564146779,0.8812908992306927,1.4142135623730951
000568,2013-10,0.0674,4,3,7,4.666666666666667,1.699673171197595,0.01582838201775807,0.9709505944546686,1.699673171197595
000568,2014-01,0.0313,5,4,7,5.333333333333333,1.247219128924647,0.006684370996497373,1.0,1.247219128924647
000568,2014-04,-0.0473,5,5,4,4.666666666666667,0.4714045207910317,0.0013272465907683984,1.0,0.4714045207910317
000568,2014-07,-0.0126,6,5,6,5.666666666666667,0.4714045207910317,0.0008932948130031191,0.9709505944546686,0.4714045207910317
000568,2014-10,0.0867,7,7,6,6.666666666666667,0.4714045207910317,0.000642071396597733,0.8812908992306927,0.4714045207910317
000568,2015-01,0.1233,8,8,7,7.666666666666667,0.4714045207910317,0.000483684145855568,0.7219280948873623,0.4714045207910317
000568,2015-04,-0.1408,7,8,8,7.666666666666667,0.4714045207910317,0.000483684145855568,0.8812908992306927,0.4714045207910317
000568,2015-07,-0.5023,3,3,7,4.333333333333333,1.8856180831641267,0.021556318259027013,0.8812908992306927,1.8856180831641267
000568,2015-10,-0.23329999999999998,3,3,2,2.6666666666666665,0.4714045207910317,0.004212595043515672,0.8812908992306927,0.4714045207910317
000568,2016-01,-0.2006,6,6,1,4.333333333333333,2.357022603955158,0.05357819155161999,0.9709505944546686,2.357022603955158
000568,2016-04,0.21309999999999998,3,3,1,2.3333333333333335,0.9428090415820634,0.025559141193383414,0.8812908992306927,0.9428090415820634
000568,2016-07,0.0438,7,2,2,3.6666666666666665,2.3570226039551585,0.046690002344372206,0.8812908992306927,2.3570226039551585
000568,2016-10,-0.0161,6,6,3,5.0,1.4142135623730951,0.011456875501600412,0.9709505944546686,1.4142135623730951
000568,2017-01,0.6056,6,6,3,5.0,1.4142135623730951,0.011456875501600412,0.9709505944546686,1.4142135623730951
000568,2017-04,0.0909,7,8,6,7.0,0.816496580927726,0.001710895898255767,0.8812908992306927,0.816496580927726
000568,2017-07,-0.0031,8,8,2,6.0,2.8284271247461903,0.03703306698873225,0.7219280948873623,2.8284271247461903
000568,2017-10,-0.0467,7,8,8,7.666666666666667,0.4714045207910317,0.000483684145855568,0.8812908992306927,0.4714045207910317
000568,2018-01,-0.1783,8,8,8,8.0,0.0,0.0,0.7219280948873623,0.0
000568,2018-04,0.2639,4,6,7,5.666666666666667,1.247219128924647,0.006454904945298079,0.9709505944546686,1.247219128924647
000568,2018-07,-0.40049999999999997,6,4,7,5.666666666666667,1.247219128924647,0.006454904945298079,0.9709505944546686,1.247219128924647
000568,2018-10,0.23170000000000002,6,6,6,6.0,0.0,0.0,0.9709505944546686,0.0
000568,2019-01,0.4954,4,4,4,4.0,0.0,0.0,0.9709505944546686,0.0
000568,2019-04,-0.1381,7,8,8,7.666666666666667,0.4714045207910317,0.000483684145855568,0.8812908992306927,0.4714045207910317
000568,2019-07,0.32189999999999996,7,8,8,7.666666666666667,0.4714045207910317,0.000483684145855568,0.8812908992306927,0.4714045207910317
000568,2019-10,-0.086,6,6,8,6.666666666666667,0.9428090415820634,0.0023948438453058845,0.9709505944546686,0.9428090415820634
000568,2020-01,-0.1334,7,8,7,7.333333333333333,0.4714045207910317,0.0005056809102375145,0.8812908992306927,0.4714045207910317
000568,2020-04,0.1107,4,5,7,5.333333333333333,1.247219128924647,0.006684370996497373,0.9709505944546686,1.247219128924647
000568,2020-07,0.35159999999999997,8,8,7,7.666666666666667,0.4714045207910317,0.000483684145855568,0.7219280948873623,0.4714045207910317
000568,2020-10,0.0721,6,7,8,7.0,0.816496580927726,0.0017108958982558105,0.9709505944546686,0.816496580927726
000568,2021-01,-0.0955,8,8,8,8.0,0.0,0.0,0.7219280948873623,0.0
000568,2021-04,0.083,6,7,8,7.0,0.816496580927726,0.0017108958982558105,0.9709505944546686,0.816496580927726
000568,2021-07,0.0064,6,6,8,6.666666666666667,0.9428090415820634,0.0023948438453058845,0.9709505944546686,0.9428090415820634
000568,2021-10,0.0053,6,7,7,6.666666666666667,0.4714045207910317,0.0006420713965977487,0.9709505944546686,0.4714045207910317
000568,2022-01,0.0015,7,8,7,7.333333333333333,0.4714045207910317,0.0005056809102375145,0.8812908992306927,0.4714045207910317
000568,2022-04,0.021400000000000002,4,4,6,4.666666666666667,0.9428090415820634,0.004817302157272868,0.9709505944546686,0.9428090415820634
000568,2022-07,0.0755,7,7,7,7.0,0.0,0.0,0.8812908992306927,0.0
000568,2022-10,0.2127,6,7,7,6.666666666666667,0.4714045207910317,0.0006420713965977487,0.9709505944546686,0.4714045207910317
000568,2023-01,0.0591,7,7,6,6.666666666666667,0.4714045207910317,0.000642071396597733,0.8812908992306927,0.4714045207910317
000568,2023-04,-0.1061,7,7,8,7.333333333333333,0.4714045207910317,0.0005056809102375145,0.8812908992306927,0.4714045207910317
000568,2023-07,-0.020499999999999997,6,6,6,6.0,0.0,0.0,0.9709505944546686,0.0
000568,2023-10,-0.0352,6,4,7,5.666666666666667,1.247219128924647,0.006454904945298079,0.9709505944546686,1.247219128924647
000568,2024-01,0.2159,4,4,6,4.666666666666667,0.9428090415820634,0.004817302157272868,0.9709505944546686,0.9428090415820634
000568,2024-04,-0.0649,7,6,6,6.333333333333333,0.4714045207910317,0.0006758874784616383,0.8812908992306927,0.4714045207910317
000568,2024-07,-0.0507,4,4,6,4.666666666666667,0.9428090415820634,0.004817302157272868,0.9709505944546686,0.9428090415820634
000568,2024-10,0.025099999999999997,8,7,6,7.0,0.816496580927726,0.001710895898255767,0.7219280948873623,0.816496580927726
000596,2005-01,0.0109,5,5,7,5.666666666666667,0.9428090415820634,0.0032941013770045433,1.0,0.9428090415820634
000596,2005-04,-0.018000000000000002,6,6,7,6.333333333333333,0.4714045207910317,0.0006758874784615638,0.9709505944546686,0.4714045207910317
000596,2005-07,0.0203,6,6,7,6.333333333333333,0.4714045207910317,0.0006758874784615638,0.9709505944546686,0.4714045207910317
000596,2005-10,-0.0070999999999999995,6,6,7,6.333333333333333,0.4714045207910317,0.0006758874784615638,0.9709505944546686,0.4714045207910317
000596,2006-01,0.008100000000000001,6,6,7,6.333333333333333,0.4714045207910317,0.0006758874784615638,0.9709505944546686,0.4714045207910317
000596,2006-04,0.0496,6,6,7,6.333333333333333,0.4714045207910317,0.0006758874784615638,0.9709505944546686,0.4714045207910317
000596,2006-07,0.0,6,6,7,6.333333333333333,0.4714045207910317,0.0006758874784615638,0.9709505944546686,0.4714045207910317
000596,2006-10,0.0229,6,6,7,6.333333333333333,0.4714045207910317,0.0006758874784615638,0.9709505944546686,0.4714045207910317
000596,2007-01,0.2155,6,6,7,6.333333333333333,0.4714045207910317,0.0006758874784615638,0.9709505944546686,0.4714045207910317
000596,2007-07,-0.2229,8,8,8,8.0,0.0,0.0,0.7219280948873623,0.0
000596,2007-10,-0.0682,6,7,7,6.666666666666667,0.4714045207910317,0.0006420713965977487,0.9709505944546686,0.4714045207910317
000596,2008-01,-0.0329,7,7,7,7.0,0.0,0.0,0.8812908992306927,0.0
000596,2008-04,-0.0432,4,4,6,4.666666666666667,0.9428090415820634,0.004817302157272868,0.9709505944546686,0.9428090415820634
000596,2008-07,-0.0644,6,4,6,5.333333333333333,0.9428090415820634,0.004212595043515672,0.9709505944546686,0.9428090415820634
000596,2008-10,0.0291,4,4,6,4.666666666666667,0.9428090415820634,0.004817302157272868,0.9709505944546686,0.9428090415820634
000596,2009-01,0.021400000000000002,6,6,6,6.0,0.0,0.0,0.9709505944546686,0.0
000596,2009-04,0.1097,7,7,6,6.666666666666667,0.4714045207910317,0.000642071396597733,0.8812908992306927,0.4714045207910317
000596,2009-07,-0.1,7,7,7,7.0,0.0,0.0,0.8812908992306927,0.0
000596,2009-10,0.4559,6,7,7,6.666666666666667,0.4714045207910317,0.0006420713965977487,0.9709505944546686,0.4714045207910317
000596,2010-01,-0.20379999999999998,7,7,7,7.0,0.0,0.0,0.8812908992306927,0.0
000596,2010-04,0.436,7,8,7,7.333333333333333,0.4714045207910317,0.0005056809102375145,0.8812908992306927,0.4714045207910317
000596,2010-07,0.42460000000000003,2,2,6,3.3333333333333335,1.8856180831641267,0.036160391661783364,0.7219280948873623,1.8856180831641267
000596,2010-10,1.6118999999999999,7,7,4,6.0,1.4142135623730951,0.007732062599348774,0.8812908992306927,1.4142135623730951
000596,2011-01,0.2158,6,4,6,5.333333333333333,0.9428090415820634,0.004212595043515672,0.9709505944546686,0.9428090415820634
000596,2011-04,-0.15460000000000002,4,7,6,5.666666666666667,1.247219128924647,0.006454904945298079,0.9709505944546686,1.247219128924647
000596,2011-07,0.1576,8,7,7,7.333333333333333,0.4714045207910317,0.0005056809102375145,0.7219280948873623,0.4714045207910317
000596,2011-10,0.1272,4,6,7,5.666666666666667,1.247219128924647,0.006454904945298079,0.9709505944546686,1.247219128924647
000596,2012-01,0.5343,4,6,7,5.666666666666667,1.247219128924647,0.006454904945298079,0.9709505944546686,1.247219128924647
000596,2012-04,0.0043,6,6,7,6.333333333333333,0.4714045207910317,0.0006758874784615638,0.9709505944546686,0.4714045207910317
000596,2012-07,-0.2377,7,7,7,7.0,0.0,0.0,0.8812908992306927,0.0
000596,2012-10,-0.7245999999999999,6,6,4,5.333333333333333,0.9428090415820634,0.004212595043515672,0.9709505944546686,0.9428090415820634
000596,2013-01,0.10400000000000001,6,4,4,4.666666666666667,0.9428090415820634,0.004817302157272943,0.9709505944546686,0.9428090415820634
000596,2013-04,7.7917,2,2,3,2.3333333333333335,0.4714045207910317,0.004817302157272868,0.7219280948873623,0.4714045207910317
000596,2013-07,0.5075999999999999,1,1,2,1.3333333333333333,0.4714045207910317,0.014362591564146779,0.4689955935892812,0.4714045207910317
000596,2013-10,0.6109,1,3,3,2.3333333333333335,0.9428090415820634,0.025559141193383414,0.4689955935892812,0.9428090415820634
000596,2014-01,-24.3889,7,3,3,4.333333333333333,1.8856180831641267,0.021556318259027013,0.8812908992306927,1.8856180831641267
000596,2014-04,-0.3342,1,2,1,1.3333333333333333,0.4714045207910317,0.014362591564146779,0.4689955935892812,0.4714045207910317
000596,2014-07,2.9636,7,2,1,3.3333333333333335,2.6246692913372702,0.07480639925177693,0.8812908992306927,2.6246692913372702
000596,2014-10,2.3241,6,7,3,5.333333333333333,1.699673171197595,0.014489122970023622,0.9709505944546686,1.699673171197595
000596,2015-01,-0.2146,2,1,2,1.6666666666666667,0.4714045207910317,0.011456875501600412,0.7219280948873623,0.4714045207910317
000596,2015-04,-0.061799999999999994,7,7,3,5.666666666666667,1.8856180831641267,0.01639998447673846,0.8812908992306927,1.8856180831641267
000596,2015-07,-0.44880000000000003,6,8,3,5.666666666666667,2.0548046676563256,0.018291675048278867,0.9709505944546686,2.0548046676563256
000596,2015-10,0.1374,2,2,6,3.3333333333333335,1.8856180831641267,0.036160391661783364,0.7219280948873623,1.8856180831641267
000596,2016-01,-0.0757,7,6,5,6.0,0.816496580927726,0.002333803387527431,0.8812908992306927,0.816496580927726
000596,2016-04,0.19640000000000002,3,3,6,4.0,1.4142135623730951,0.014362591564146779,0.8812908992306927,1.4142135623730951
000596,2016-07,-0.081,8,7,7,7.333333333333333,0.4714045207910317,0.0005056809102375145,0.7219280948873623,0.4714045207910317
000596,2016-10,-0.0635,5,7,7,6.333333333333333,0.9428090415820634,0.002946330098012255,1.0,0.9428090415820634
000596,2017-01,0.2851,6,4,7,5.666666666666667,1.247219128924647,0.006454904945298079,0.9709505944546686,1.247219128924647
000596,2017-04,-0.0797,7,7,7,7.0,0.0,0.0,0.8812908992306927,0.0
000596,2017-07,-0.0633,7,8,7,7.333333333333333,0.4714045207910317,0.0005056809102375145,0.8812908992306927,0.4714045207910317
000596,2017-10,-0.2389,7,8,8,7.666666666666667,0.4714045207910317,0.000483684145855568,0.8812908992306927,0.4714045207910317
000596,2018-01,-0.2046,7,8,7,7.333333333333333,0.4714045207910317,0.0005056809102375145,0.8812908992306927,0.4714045207910317
000596,2018-04,0.5863,5,5,7,5.666666666666667,0.9428090415820634,0.0032941013770045433,1.0,0.9428090415820634
000596,2018-07,-0.2097,8,7,7,7.333333333333333,0.4714045207910317,0.0005056809102375145,0.7219280948873623,0.4714045207910317
000596,2018-10,0.0521,6,8,7,7.0,0.816496580927726,0.0017108958982558105,0.9709505944546686,0.816496580927726
000596,2019-01,0.3166,4,3,6,4.333333333333333,1.247219128924647,0.01013672725206552,0.9709505944546686,1.247219128924647
000596,2019-04,-0.1119,7,8,7,7.333333333333333,0.4714045207910317,0.0005056809102375145,0.8812908992306927,0.4714045207910317
000596,2019-07,0.059500000000000004,7,8,7,7.333333333333333,0.4714045207910317,0.0005056809102375145,0.8812908992306927,0.4714045207910317
000596,2019-10,-0.024700000000000003,6,6,7,6.333333333333333,0.4714045207910317,0.0006758874784615638,0.9709505944546686,0.4714045207910317
000596,2020-01,-0.16920000000000002,7,8,8,7.666666666666667,0.4714045207910317,0.000483684145855568,0.8812908992306927,0.4714045207910317
000596,2020-04,0.1291,4,4,7,5.0,1.4142135623730951,0.009292928204941,0.9709505944546686,1.4142135623730951
000596,2020-07,0.2335,7,7,7,7.0,0.0,0.0,0.8812908992306927,0.0
000596,2020-10,0.0052,6,6,7,6.333333333333333,0.4714045207910317,0.0006758874784615638,0.9709505944546686,0.4714045207910317
000596,2021-01,-0.043,7,8,7,7.333333333333333,0.4714045207910317,0.0005056809102375145,0.8812908992306927,0.4714045207910317
000596,2021-04,0.084,4,4,7,5.0,1.4142135623730951,0.009292928204941,0.9709505944546686,1.4142135623730951
000596,2021-07,0.1543,7,6,8,7.0,0.816496580927726,0.0017108958982558105,0.8812908992306927,0.816496580927726
000596,2021-10,0.1233,7,8,7,7.333333333333333,0.4714045207910317,0.0005056809102375145,0.8812908992306927,0.4714045207910317
000596,2022-01,0.0596,6,6,6,6.0,0.0,0.0,0.9709505944546686,0.0
000596,2022-04,0.1816,4,4,6,4.666666666666667,0.9428090415820634,0.004817302157272868,0.9709505944546686,0.9428090415820634
000596,2022-07,0.21030000000000001,7,7,7,7.0,0.0,0.0,0.8812908992306927,0.0
000596,2022-10,0.226,7,8,7,7.333333333333333,0.4714045207910317,0.0005056809102375145,0.8812908992306927,0.4714045207910317
000596,2023-01,-0.0159,7,7,7,7.0,0.0,0.0,0.8812908992306927,0.0
000596,2023-04,-0.0842,7,7,8,7.333333333333333,0.4714045207910317,0.0005056809102375145,0.8812908992306927,0.4714045207910317
000596,2023-07,0.061200000000000004,5,6,7,6.0,0.816496580927726,0.002333803387527431,1.0,0.816496580927726
000596,2023-10,-0.0765,6,4,7,5.666666666666667,1.247219128924647,0.006454904945298079,0.9709505944546686,1.247219128924647
000596,2024-01,0.1067,4,4,6,4.666666666666667,0.9428090415820634,0.004817302157272868,0.9709505944546686,0.9428090415820634
000596,2024-04,-0.0791,7,7,6,6.666666666666667,0.4714045207910317,0.000642071396597733,0.8812908992306927,0.4714045207910317
000596,2024-07,-0.08929999999999999,4,4,6,4.666666666666667,0.9428090415820634,0.004817302157272868,0.9709505944546686,0.9428090415820634
000596,2024-10,0.0067,7,6,6,6.333333333333333,0.4714045207910317,0.0006758874784616383,0.8812908992306927,0.4714045207910317
000617,2005-01,0.0637,5,4,5,4.666666666666667,0.4714045207910317,0.0013272465907683984,1.0,0.4714045207910317
000617,2005-04,-0.1943,7,6,5,6.0,0.816496580927726,0.002333803387527431,0.8812908992306927,0.816496580927726
000617,2005-07,0.16899999999999998,6,7,5,6.0,0.816496580927726,0.002333803387527431,0.9709505944546686,0.816496580927726
000617,2005-10,-0.0998,5,5,5,5.0,0.0,0.0,1.0,0.0
000617,2006-01,-0.13369999999999999,6,6,6,6.0,0.0,0.0,0.9709505944546686,0.0
000617,2006-04,0.40549999999999997,6,5,5,5.333333333333333,0.4714045207910317,0.0009491787649267315,0.9709505944546686,0.4714045207910317
000617,2006-07,-0.19519999999999998,4,6,6,5.333333333333333,0.9428090415820634,0.004212595043515672,0.9709505944546686,0.9428090415820634
000617,2006-10,0.0898,7,7,6,6.666666666666667,0.4714045207910317,0.000642071396597733,0.8812908992306927,0.4714045207910317
000617,2007-01,0.1155,6,6,6,6.0,0.0,0.0,0.9709505944546686,0.0
000617,2007-04,0.2104,6,5,7,6.0,0.816496580927726,0.002333803387527431,0.9709505944546686,0.816496580927726
000617,2007-07,0.4473,6,6,6,6.0,0.0,0.0,0.9709505944546686,0.0
000617,2007-10,-0.3937,7,7,7,7.0,0.0,0.0,0.8812908992306927,0.0
000617,2008-01,0.1175,6,7,6,6.333333333333333,0.4714045207910317,0.0006758874784616383,0.9709505944546686,0.4714045207910317
000617,2008-04,-0.1609,3,2,4,3.0,0.816496580927726,0.00957506104276447,0.8812908992306927,0.816496580927726
000617,2008-07,-0.30820000000000003,3,2,3,2.6666666666666665,0.4714045207910317,0.004212595043515672,0.8812908992306927,0.4714045207910317
000617,2008-10,0.44060000000000005,4,3,3,3.3333333333333335,0.4714045207910317,0.0023948438453058845,0.9709505944546686,0.4714045207910317
000617,2009-01,0.151,4,3,3,3.3333333333333335,0.4714045207910317,0.0023948438453058845,0.9709505944546686,0.4714045207910317
000617,2009-04,0.1612,8,7,4,6.333333333333333,1.699673171197595,0.009987340665783205,0.7219280948873623,1.699673171197595
000617,2009-07,-0.29410000000000003,7,7,7,7.0,0.0,0.0,0.8812908992306927,0.0
000617,2009-10,0.1047,5,7,6,6.0,0.816496580927726,0.002333803387527431,1.0,0.816496580927726
000617,2010-01,0.013300000000000001,7,7,6,6.666666666666667,0.4714045207910317,0.000642071396597733,0.8812908992306927,0.4714045207910317
000617,2010-04,-0.1962,6,7,6,6.333333333333333,0.4714045207910317,0.0006758874784616383,0.9709505944546686,0.4714045207910317
000617,2010-07,0.3161,4,4,4,4.0,0.0,0.0,0.9709505944546686,0.0
000617,2010-10,0.0068000000000000005,7,7,6,6.666666666666667,0.4714045207910317,0.000642071396597733,0.8812908992306927,0.4714045207910317
000617,2011-01,0.0975,6,7,7,6.666666666666667,0.4714045207910317,0.0006420713965977487,0.9709505944546686,0.4714045207910317
000617,2011-04,-0.0323,6,7,7,6.666666666666667,0.4714045207910317,0.0006420713965977487,0.9709505944546686,0.4714045207910317
000617,2011-07,-0.10490000000000001,5,6,6,5.666666666666667,0.4714045207910317,0.0008932948130031191,1.0,0.4714045207910317
000617,2011-10,-0.0521,3,3,4,3.3333333333333335,0.4714045207910317,0.0023948438453058845,0.8812908992306927,0.4714045207910317
000617,2012-01,0.23170000000000002,4,3,4,3.6666666666666665,0.4714045207910317,0.0021766561578771704,0.9709505944546686,0.4714045207910317
000617,2012-04,0.1115,6,4,4,4.666666666666667,0.9428090415820634,0.004817302157272943,0.9709505944546686,0.9428090415820634
000617,2012-07,-0.0102,4,5,4,4.333333333333333,0.4714045207910317,0.0014294885616036141,0.9709505944546686,0.4714045207910317
000617,2012-10,-0.1866,5,6,4,5.0,0.816496580927726,0.0033729266193250444,1.0,0.816496580927726
000617,2013-01,0.1306,7,6,5,6.0,0.816496580927726,0.002333803387527431,0.8812908992306927,0.816496580927726
000617,2013-04,0.2414,4,4,4,4.0,0.0,0.0,0.9709505944546686,0.0
000617,2013-07,0.08869999999999999,4,4,4,4.0,0.0,0.0,0.9709505944546686,0.0
000617,2013-10,0.0197,6,4,5,5.0,0.816496580927726,0.0033729266193250444,0.9709505944546686,0.816496580927726
000617,2014-01,0.0537,4,6,6,5.333333333333333,0.9428090415820634,0.004212595043515672,0.9709505944546686,0.9428090415820634
000617,2014-04,-0.0382,7,7,6,6.666666666666667,0.4714045207910317,0.000642071396597733,0.8812908992306927,0.4714045207910317
000617,2014-07,-0.10460000000000001,7,7,6,6.666666666666667,0.4714045207910317,0.000642071396597733,0.8812908992306927,0.4714045207910317
000617,2014-10,-0.0732,6,7,6,6.333333333333333,0.4714045207910317,0.0006758874784616383,0.9709505944546686,0.4714045207910317
000617,2015-01,0.0341,4,6,6,5.333333333333333,0.9428090415820634,0.004212595043515672,0.9709505944546686,0.9428090415820634
000617,2015-04,0.31120000000000003,7,7,7,7.0,0.0,0.0,0.8812908992306927,0.0
000617,2015-07,0.1369,5,6,6,5.666666666666667,0.4714045207910317,0.0008932948130031191,1.0,0.4714045207910317
000617,2015-10,-0.0092,5,6,4,5.0,0.816496580927726,0.0033729266193250444,1.0,0.816496580927726
000617,2016-01,0.0381,6,6,7,6.333333333333333,0.4714045207910317,0.0006758874784615638,0.9709505944546686,0.4714045207910317
000617,2016-04,0.49119999999999997,6,6,4,5.333333333333333,0.9428090415820634,0.004212595043515672,0.9709505944546686,0.9428090415820634
000617,2016-10,-0.038599999999999995,7,7,4,6.0,1.4142135623730951,0.007732062599348774,0.8812908992306927,1.4142135623730951
000617,2017-01,0.08349999999999999,7,7,7,7.0,0.0,0.0,0.8812908992306927,0.0
000617,2017-04,-0.1604,4,5,7,5.333333333333333,1.247219128924647,0.006684370996497373,0.9709505944546686,1.247219128924647
000617,2017-07,-0.0088,6,5,6,5.666666666666667,0.4714045207910317,0.0008932948130031191,0.9709505944546686,0.4714045207910317
000617,2017-10,-0.0877,5,4,5,4.666666666666667,0.4714045207910317,0.0013272465907683984,1.0,0.4714045207910317
000617,2018-01,-0.0558,6,6,4,5.333333333333333,0.9428090415820634,0.004212595043515672,0.9709505944546686,0.9428090415820634
000617,2018-04,-0.0438,4,4,4,4.0,0.0,0.0,0.9709505944546686,0.0
000617,2018-07,-0.0341,4,4,4,4.0,0.0,0.0,0.9709505944546686,0.0
000617,2018-10,-0.003,5,5,5,5.0,0.0,0.0,1.0,0.0
000617,2019-01,0.3098,5,4,4,4.333333333333333,0.4714045207910317,0.0014294885616036141,1.0,0.4714045207910317
000617,2019-04,-0.0658,7,7,6,6.666666666666667,0.4714045207910317,0.000642071396597733,0.8812908992306927,0.4714045207910317
000617,2019-07,0.0206,5,6,6,5.666666666666667,0.4714045207910317,0.0008932948130031191,1.0,0.4714045207910317
000617,2019-10,-0.0556,5,4,6,5.0,0.816496580927726,0.0033729266193250444,1.0,0.816496580927726
000617,2020-01,-0.023399999999999997,6,6,6,6.0,0.0,0.0,0.9709505944546686,0.0
000617,2020-04,-0.0398,4,4,4,4.0,0.0,0.0,0.9709505944546686,0.0
000617,2020-07,-0.0075,7,6,5,6.0,0.816496580927726,0.002333803387527431,0.8812908992306927,0.816496580927726
000617,2020-10,0.0567,4,4,5,4.333333333333333,0.4714045207910317,0.0014294885616036141,0.9709505944546686,0.4714045207910317
000617,2021-01,0.059699999999999996,5,4,5,4.666666666666667,0.4714045207910317,0.0013272465907683984,1.0,0.4714045207910317
000617,2021-04,0.0326,7,7,6,6.666666666666667,0.4714045207910317,0.000642071396597733,0.8812908992306927,0.4714045207910317
000617,2021-07,0.028300000000000002,4,4,4,4.0,0.0,0.0,0.9709505944546686,0.0
000617,2021-10,-0.030899999999999997,5,4,5,4.666666666666667,0.4714045207910317,0.0013272465907683984,1.0,0.4714045207910317
000617,2022-01,0.1311,6,6,5,5.666666666666667,0.4714045207910317,0.0008932948130031191,0.9709505944546686,0.4714045207910317
000617,2022-04,0.0466,4,4,4,4.0,0.0,0.0,0.9709505944546686,0.0
000617,2022-07,0.0801,4,4,5,4.333333333333333,0.4714045207910317,0.0014294885616036141,0.9709505944546686,0.4714045207910317
000617,2022-10,0.599,4,4,5,4.333333333333333,0.4714045207910317,0.0014294885616036141,0.9709505944546686,0.4714045207910317
000617,2023-01,-0.009000000000000001,5,5,6,5.333333333333333,0.4714045207910317,0.0009491787649267315,1.0,0.4714045207910317
000617,2023-04,0.0723,7,7,6,6.666666666666667,0.4714045207910317,0.000642071396597733,0.8812908992306927,0.4714045207910317
000617,2023-07,-0.0942,5,6,7,6.0,0.816496580927726,0.002333803387527431,1.0,0.816496580927726
000617,2023-10,-0.0319,4,4,7,5.0,1.4142135623730951,0.009292928204941,0.9709505944546686,1.4142135623730951
000617,2024-01,0.0085,4,4,4,4.0,0.0,0.0,0.9709505944546686,0.0
000617,2024-04,-0.0341,5,4,5,4.666666666666667,0.4714045207910317,0.0013272465907683984,1.0,0.4714045207910317
000617,2024-07,-0.0684,4,5,5,4.666666666666667,0.4714045207910317,0.0013272465907683984,0.9709505944546686,0.4714045207910317
000617,2024-10,-0.1582,7,7,6,6.666666666666667,0.4714045207910317,0.000642071396597733,0.8812908992306927,0.4714045207910317
000625,2005-01,0.19210000000000002,5,5,6,5.333333333333333,0.4714045207910317,0.0009491787649267315,1.0,0.4714045207910317
000625,2005-04,0.0667,4,4,6,4.666666666666667,0.9428090415820634,0.004817302157272868,0.9709505944546686,0.9428090415820634
000625,2005-07,-0.0286,6,5,6,5.666666666666667,0.4714045207910317,0.0008932948130031191,0.9709505944546686,0.4714045207910317
000625,2005-10,-0.0233,4,4,6,4.666666666666667,0.9428090415820634,0.004817302157272868,0.9709505944546686,0.9428090415820634
000625,2006-01,0.1043,5,4,5,4.666666666666667,0.4714045207910317,0.0013272465907683984,1.0,0.4714045207910317
000625,2006-04,-0.1858,6,6,6,6.0,0.0,0.0,0.9709505944546686,0.0
000625,2006-07,0.0134,5,6,6,5.666666666666667,0.4714045207910317,0.0008932948130031191,1.0,0.4714045207910317
000625,2006-10,0.1549,4,4,6,4.666666666666667,0.9428090415820634,0.004817302157272868,0.9709505944546686,0.9428090415820634
000625,2007-01,10.5714,7,8,7,7.333333333333333,0.4714045207910317,0.0005056809102375145,0.8812908992306927,0.4714045207910317
000625,2007-04,0.3243,6,4,6,5.333333333333333,0.9428090415820634,0.004212595043515672,0.9709505944546686,0.9428090415820634
000625,2007-07,0.6124,6,4,3,4.333333333333333,1.247219128924647,0.010136727252065516,0.9709505944546686,1.247219128924647
000625,2007-10,-0.0208,6,7,3,5.333333333333333,1.699673171197595,0.014489122970023622,0.9709505944546686,1.699673171197595
000625,2008-01,-0.0484,6,8,4,6.0,1.632993161855452,0.009575061042764446,0.9709505944546686,1.632993161855452
000625,2008-04,-8.2,1,1,3,1.6666666666666667,0.9428090415820634,0.036160391661783364,0.4689955935892812,0.9428090415820634
000625,2008-07,-0.382,3,1,2,2.0,0.816496580927726,0.02254805037907019,0.8812908992306927,0.816496580927726
000625,2008-10,0.6,3,6,2,3.6666666666666665,1.699673171197595,0.02575266944219168,0.8812908992306927,1.699673171197595
000625,2009-04,1.9047999999999998,7,7,4,6.0,1.4142135623730951,0.007732062599348774,0.8812908992306927,1.4142135623730951
000625,2009-07,-0.6804000000000001,2,2,3,2.3333333333333335,0.4714045207910317,0.004817302157272868,0.7219280948873623,0.4714045207910317
000625,2009-10,0.1905,3,3,1,2.3333333333333335,0.9428090415820634,0.025559141193383414,0.8812908992306927,0.9428090415820634
000625,2010-01,0.1583,7,3,3,4.333333333333333,1.8856180831641267,0.021556318259027013,0.8812908992306927,1.8856180831641267
000625,2010-04,-0.4167,4,6,3,4.333333333333333,1.247219128924647,0.010136727252065516,0.9709505944546686,1.247219128924647
000625,2010-07,0.2,2,2,4,2.6666666666666665,0.9428090415820634,0.014362591564146779,0.7219280948873623,0.9428090415820634
000625,2010-10,-0.3714,7,5,5,5.666666666666667,0.9428090415820634,0.0032941013770045433,0.8812908992306927,0.9428090415820634
000625,2011-01,0.12240000000000001,3,4,3,3.3333333333333335,0.4714045207910317,0.0023948438453058845,0.8812908992306927,0.4714045207910317
000625,2011-04,-0.6182,4,3,4,3.6666666666666665,0.4714045207910317,0.0021766561578771704,0.9709505944546686,0.4714045207910317
000625,2011-07,-1.4231,7,6,6,6.333333333333333,0.4714045207910317,0.0006758874784616383,0.8812908992306927,0.4714045207910317
000625,2011-10,-5.6667,4,4,3,3.6666666666666665,0.4714045207910317,0.0021766561578771704,0.9709505944546686,0.4714045207910317
000625,2012-01,1.7222,1,2,3,2.0,0.816496580927726,0.02254805037907019,0.4689955935892812,0.816496580927726
000625,2012-04,1.65,1,2,1,1.3333333333333333,0.4714045207910317,0.014362591564146779,0.4689955935892812,0.4714045207910317
000625,2012-07,-0.4857,4,2,1,2.3333333333333335,1.247219128924647,0.03635797646202721,0.9709505944546686,1.247219128924647
000625,2012-10,-0.29410000000000003,7,3,3,4.333333333333333,1.8856180831641267,0.021556318259027013,0.8812908992306927,1.8856180831641267
000625,2013-01,0.0741,7,6,3,5.333333333333333,1.699673171197595,0.014489122970023622,0.8812908992306927,1.699673171197595
000625,2013-04,-0.021099999999999997,7,7,6,6.666666666666667,0.4714045207910317,0.000642071396597733,0.8812908992306927,0.4714045207910317
000625,2013-07,0.4756,5,6,7,6.0,0.816496580927726,0.002333803387527431,1.0,0.816496580927726
000625,2013-10,0.0594,6,6,7,6.333333333333333,0.4714045207910317,0.0006758874784615638,0.9709505944546686,0.4714045207910317
000625,2014-01,-0.17329999999999998,6,6,7,6.333333333333333,0.4714045207910317,0.0006758874784615638,0.9709505944546686,0.4714045207910317
000625,2014-04,-0.0195,4,4,6,4.666666666666667,0.9428090415820634,0.004817302157272868,0.9709505944546686,0.9428090415820634
000625,2014-07,-0.0571,7,7,7,7.0,0.0,0.0,0.8812908992306927,0.0
000625,2014-10,0.0053,6,7,7,6.666666666666667,0.4714045207910317,0.0006420713965977487,0.9709505944546686,0.4714045207910317
000625,2015-01,0.15789999999999998,7,8,7,7.333333333333333,0.4714045207910317,0.0005056809102375145,0.8812908992306927,0.4714045207910317
000625,2015-04,-0.1751,6,6,7,6.333333333333333,0.4714045207910317,0.0006758874784615638,0.9709505944546686,0.4714045207910317
000625,2015-07,-0.1834,6,7,7,6.666666666666667,0.4714045207910317,0.0006420713965977487,0.9709505944546686,0.4714045207910317
000625,2015-10,-0.0754,5,5,6,5.333333333333333,0.4714045207910317,0.0009491787649267315,1.0,0.4714045207910317
000625,2016-01,-0.0867,7,6,6,6.333333333333333,0.4714045207910317,0.0006758874784616383,0.8812908992306927,0.4714045207910317
000625,2016-04,-0.1263,7,7,5,6.333333333333333,0.9428090415820634,0.002946330098012255,0.8812908992306927,0.9428090415820634
000625,2016-07,-0.057699999999999994,5,4,6,5.0,0.816496580927726,0.0033729266193250444,1.0,0.816496580927726
000625,2016-10,0.0579,6,6,7,6.333333333333333,0.4714045207910317,0.0006758874784615638,0.9709505944546686,0.4714045207910317
000625,2017-01,0.0383,4,6,6,5.333333333333333,0.9428090415820634,0.004212595043515672,0.9709505944546686,0.9428090415820634
000625,2017-04,-0.10279999999999999,6,4,6,5.333333333333333,0.9428090415820634,0.004212595043515672,0.9709505944546686,0.9428090415820634
000625,2017-07,-0.0489,7,6,6,6.333333333333333,0.4714045207910317,0.0006758874784616383,0.8812908992306927,0.4714045207910317
000625,2017-10,-0.034,6,6,6,6.0,0.0,0.0,0.9709505944546686,0.0
000625,2018-01,-0.085,4,4,6,4.666666666666667,0.9428090415820634,0.004817302157272868,0.9709505944546686,0.9428090415820634
000625,2018-04,-0.0288,4,4,5,4.333333333333333,0.4714045207910317,0.0014294885616036141,0.9709505944546686,0.4714045207910317
000625,2018-07,-0.18989999999999999,4,4,4,4.0,0.0,0.0,0.9709505944546686,0.0
000625,2018-10,-0.0583,6,5,4,5.0,0.816496580927726,0.0033729266193250444,0.9709505944546686,0.816496580927726
000625,2019-01,0.19649999999999998,6,5,4,5.0,0.816496580927726,0.0033729266193250444,0.9709505944546686,0.816496580927726
000625,2019-04,-0.2515,7,6,6,6.333333333333333,0.4714045207910317,0.0006758874784616383,0.8812908992306927,0.4714045207910317
000625,2019-07,0.013000000000000001,4,5,5,4.666666666666667,0.4714045207910317,0.0013272465907683984,0.9709505944546686,0.4714045207910317
000625,2019-10,0.282,5,4,6,5.0,0.816496580927726,0.0033729266193250444,1.0,0.816496580927726
000625,2020-01,0.0385,7,8,7,7.333333333333333,0.4714045207910317,0.0005056809102375145,0.8812908992306927,0.4714045207910317
000625,2020-04,0.0222,6,7,7,6.666666666666667,0.4714045207910317,0.0006420713965977487,0.9709505944546686,0.4714045207910317
000625,2020-07,0.0728,7,7,7,7.0,0.0,0.0,0.8812908992306927,0.0
000625,2020-10,0.6146,7,7,7,7.0,0.0,0.0,0.8812908992306927,0.0
000625,2021-01,0.061,6,6,7,6.333333333333333,0.4714045207910317,0.0006758874784615638,0.9709505944546686,0.4714045207910317
000625,2021-04,0.5259,4,4,6,4.666666666666667,0.9428090415820634,0.004817302157272868,0.9709505944546686,0.9428090415820634
000625,2021-07,0.131,8,7,7,7.333333333333333,0.4714045207910317,0.0005056809102375145,0.7219280948873623,0.4714045207910317
000625,2021-10,-0.11800000000000001,4,6,7,5.666666666666667,1.247219128924647,0.006454904945298079,0.9709505944546686,1.247219128924647
000625,2022-01,0.0137,4,4,6,4.666666666666667,0.9428090415820634,0.004817302157272868,0.9709505944546686,0.9428090415820634
000625,2022-04,0.3856,4,4,6,4.666666666666667,0.9428090415820634,0.004817302157272868,0.9709505944546686,0.9428090415820634
000625,2022-07,-0.2193,7,7,6,6.666666666666667,0.4714045207910317,0.000642071396597733,0.8812908992306927,0.4714045207910317
000625,2022-10,0.20829999999999999,4,6,5,5.0,0.816496580927726,0.0033729266193250444,0.9709505944546686,0.816496580927726
000625,2023-01,-0.0537,5,4,6,5.0,0.816496580927726,0.0033729266193250444,1.0,0.816496580927726
000625,2023-04,0.0036,4,4,7,5.0,1.4142135623730951,0.009292928204941,0.9709505944546686,1.4142135623730951
000625,2023-07,-0.2275,7,7,6,6.666666666666667,0.4714045207910317,0.000642071396597733,0.8812908992306927,0.4714045207910317
000625,2023-10,0.3636,6,7,6,6.333333333333333,0.4714045207910317,0.0006758874784616383,0.9709505944546686,0.4714045207910317
000625,2024-01,0.1734,5,6,7,6.0,0.816496580927726,0.002333803387527431,1.0,0.816496580927726
000625,2024-04,-0.041299999999999996,7,7,6,6.666666666666667,0.4714045207910317,0.000642071396597733,0.8812908992306927,0.4714045207910317
000625,2024-07,-0.1754,4,4,6,4.666666666666667,0.9428090415820634,0.004817302157272868,0.9709505944546686,0.9428090415820634
000625,2024-10,0.0418,7,6,6,6.333333333333333,0.4714045207910317,0.0006758874784616383,0.8812908992306927,0.4714045207910317
000630,2005-01,1.2941,5,4,5,4.666666666666667,0.4714045207910317,0.0013272465907683984,1.0,0.4714045207910317
000630,2005-04,-0.6818000000000001,3,3,5,3.6666666666666665,0.9428090415820634,0.00771594541165983,0.8812908992306927,0.9428090415820634
000630,2005-07,0.1176,6,6,4,5.333333333333333,0.9428090415820634,0.004212595043515672,0.9709505944546686,0.9428090415820634
000630,2005-10,-1.0,6,7,4,5.666666666666667,1.247219128924647,0.006454904945298079,0.9709505944546686,1.247219128924647
000630,2006-01,0.10529999999999999,3,3,2,2.6666666666666665,0.4714045207910317,0.004212595043515672,0.8812908992306927,0.4714045207910317
000630,2006-04,0.2245,7,4,3,4.666666666666667,1.699673171197595,0.01582838201775807,0.8812908992306927,1.699673171197595
000630,2006-07,-0.0208,6,6,4,5.333333333333333,0.9428090415820634,0.004212595043515672,0.9709505944546686,0.9428090415820634
000630,2006-10,0.1429,4,6,4,4.666666666666667,0.9428090415820634,0.004817302157272943,0.9709505944546686,0.9428090415820634
000630,2007-01,0.725,7,7,6,6.666666666666667,0.4714045207910317,0.000642071396597733,0.8812908992306927,0.4714045207910317
000630,2007-04,0.2408,7,8,3,6.0,2.160246899469287,0.019209548095934934,0.8812908992306927,2.160246899469287
000630,2007-07,0.2132,7,7,3,5.666666666666667,1.8856180831641267,0.01639998447673846,0.8812908992306927,1.8856180831641267
000630,2007-10,-0.3306,7,8,3,6.0,2.160246899469287,0.019209548095934934,0.8812908992306927,2.160246899469287
000630,2008-01,0.1047,6,7,6,6.333333333333333,0.4714045207910317,0.0006758874784616383,0.9709505944546686,0.4714045207910317
000630,2008-04,-0.146,3,3,6,4.0,1.4142135623730951,0.014362591564146779,0.8812908992306927,1.4142135623730951
000630,2008-07,-0.33140000000000003,3,3,4,3.3333333333333335,0.4714045207910317,0.0023948438453058845,0.8812908992306927,0.4714045207910317
000630,2008-10,0.40380000000000005,4,3,3,3.3333333333333335,0.4714045207910317,0.0023948438453058845,0.9709505944546686,0.4714045207910317
000630,2009-01,0.2766,4,3,3,3.3333333333333335,0.4714045207910317,0.0023948438453058845,0.9709505944546686,0.4714045207910317
000630,2009-04,0.35100000000000003,7,8,5,6.666666666666667,1.247219128924647,0.004605278650825295,0.8812908992306927,1.247219128924647
000630,2009-07,-0.3803,7,7,7,7.0,0.0,0.0,0.8812908992306927,0.0
000630,2009-10,0.301,4,6,6,5.333333333333333,0.9428090415820634,0.004212595043515672,0.9709505944546686,0.9428090415820634
000630,2010-01,0.0401,6,6,6,6.0,0.0,0.0,0.9709505944546686,0.0
000630,2010-04,-0.15380000000000002,5,7,6,6.0,0.816496580927726,0.002333803387527431,1.0,0.816496580927726
000630,2010-07,0.0335,4,3,4,3.6666666666666665,0.4714045207910317,0.0021766561578771704,0.9709505944546686,0.4714045207910317
000630,2010-10,-0.055,7,6,6,6.333333333333333,0.4714045207910317,0.0006758874784616383,0.8812908992306927,0.4714045207910317
000630,2011-01,0.096,6,8,7,7.0,0.816496580927726,0.0017108958982558105,0.9709505944546686,0.816496580927726
000630,2011-04,-0.1027,4,6,6,5.333333333333333,0.9428090415820634,0.004212595043515672,0.9709505944546686,0.9428090415820634
000630,2011-07,-0.1458,6,4,6,5.333333333333333,0.9428090415820634,0.004212595043515672,0.9709505944546686,0.9428090415820634
000630,2011-10,-0.1549,4,3,6,4.333333333333333,1.247219128924647,0.01013672725206552,0.9709505944546686,1.247219128924647
000630,2012-01,0.1079,4,4,4,4.0,0.0,0.0,0.9709505944546686,0.0
000630,2012-04,0.016,4,4,4,4.0,0.0,0.0,0.9709505944546686,0.0
000630,2012-07,-0.0479,4,6,5,5.0,0.816496580927726,0.0033729266193250444,0.9709505944546686,0.816496580927726
000630,2012-10,-0.0805,6,7,5,6.0,0.816496580927726,0.002333803387527431,0.9709505944546686,0.816496580927726
000630,2013-01,-0.10060000000000001,7,6,6,6.333333333333333,0.4714045207910317,0.0006758874784616383,0.8812908992306927,0.4714045207910317
000630,2013-04,0.016200000000000003,4,4,5,4.333333333333333,0.4714045207910317,0.0014294885616036141,0.9709505944546686,0.4714045207910317
000630,2013-07,0.10830000000000001,3,2,4,3.0,0.816496580927726,0.00957506104276447,0.8812908992306927,0.816496580927726
000630,2013-10,0.0126,6,4,4,4.666666666666667,0.9428090415820634,0.004817302157272943,0.9709505944546686,0.9428090415820634
000630,2014-01,-0.0079,4,4,4,4.0,0.0,0.0,0.9709505944546686,0.0
000630,2014-04,0.0703,4,4,4,4.0,0.0,0.0,0.9709505944546686,0.0
000630,2014-07,-0.0559,6,4,5,5.0,0.816496580927726,0.0033729266193250444,0.9709505944546686,0.816496580927726
000630,2014-10,0.0909,7,7,6,6.666666666666667,0.4714045207910317,0.000642071396597733,0.8812908992306927,0.4714045207910317
000630,2015-01,0.125,7,8,7,7.333333333333333,0.4714045207910317,0.0005056809102375145,0.8812908992306927,0.4714045207910317
000630,2015-10,-0.0292,7,7,7,7.0,0.0,0.0,0.8812908992306927,0.0
000630,2016-01,-0.0048,5,6,7,6.0,0.816496580927726,0.002333803387527431,1.0,0.816496580927726
000630,2016-04,-0.07490000000000001,6,6,6,6.0,0.0,0.0,0.9709505944546686,0.0
000630,2016-07,0.0144,5,4,5,4.666666666666667,0.4714045207910317,0.0013272465907683984,1.0,0.4714045207910317
000630,2016-10,0.1822,5,4,5,4.666666666666667,0.4714045207910317,0.0013272465907683984,1.0,0.4714045207910317
000630,2017-01,-0.050199999999999995,6,6,6,6.0,0.0,0.0,0.9709505944546686,0.0
000630,2017-04,-0.0675,5,6,6,5.666666666666667,0.4714045207910317,0.0008932948130031191,1.0,0.4714045207910317
000630,2017-07,-0.04,6,6,6,6.0,0.0,0.0,0.9709505944546686,0.0
000630,2017-10,-0.049400000000000006,5,4,7,5.333333333333333,1.247219128924647,0.006684370996497373,1.0,1.247219128924647
000630,2018-01,-0.0535,6,6,5,5.666666666666667,0.4714045207910317,0.0008932948130031191,0.9709505944546686,0.4714045207910317
000630,2018-04,-0.0239,4,4,5,4.333333333333333,0.4714045207910317,0.0014294885616036141,0.9709505944546686,0.4714045207910317
000630,2018-07,-0.04019999999999999,4,3,4,3.6666666666666665,0.4714045207910317,0.0021766561578771704,0.9709505944546686,0.4714045207910317
000630,2018-10,-0.0245,6,5,5,5.333333333333333,0.4714045207910317,0.0009491787649267315,0.9709505944546686,0.4714045207910317
000630,2019-01,0.2566,4,4,4,4.0,0.0,0.0,0.9709505944546686,0.0
000630,2019-04,-0.0294,7,7,5,6.333333333333333,0.9428090415820634,0.002946330098012255,0.8812908992306927,0.9428090415820634
000630,2019-07,-0.042300000000000004,5,7,6,6.0,0.816496580927726,0.002333803387527431,1.0,0.816496580927726
000630,2019-10,-0.023,4,4,5,4.333333333333333,0.4714045207910317,0.0014294885616036141,0.9709505944546686,0.4714045207910317
000630,2020-01,-0.0843,7,6,6,6.333333333333333,0.4714045207910317,0.0006758874784616383,0.8812908992306927,0.4714045207910317
000630,2020-04,-0.0331,4,4,5,4.333333333333333,0.4714045207910317,0.0014294885616036141,0.9709505944546686,0.4714045207910317
000630,2020-07,0.0054,6,5,5,5.333333333333333,0.4714045207910317,0.0009491787649267315,0.9709505944546686,0.4714045207910317
000630,2020-10,0.3029,6,6,6,6.0,0.0,0.0,0.9709505944546686,0.0
000630,2021-01,0.3636,6,6,6,6.0,0.0,0.0,0.9709505944546686,0.0
000630,2021-04,0.0329,5,6,6,5.666666666666667,0.4714045207910317,0.0008932948130031191,1.0,0.4714045207910317
000630,2021-07,0.1727,6,6,7,6.333333333333333,0.4714045207910317,0.0006758874784615638,0.9709505944546686,0.4714045207910317
000630,2021-10,-0.0785,6,6,7,6.333333333333333,0.4714045207910317,0.0006758874784615638,0.9709505944546686,0.4714045207910317
000630,2022-01,0.20199999999999999,5,7,6,6.0,0.816496580927726,0.002333803387527431,1.0,0.816496580927726
000630,2022-04,-0.0545,5,4,7,5.333333333333333,1.247219128924647,0.006684370996497373,1.0,1.247219128924647
000630,2022-07,-0.0473,5,5,6,5.333333333333333,0.4714045207910317,0.0009491787649267315,1.0,0.4714045207910317
000630,2022-10,0.183,4,4,4,4.0,0.0,0.0,0.9709505944546686,0.0
000630,2023-01,-0.034300000000000004,7,6,5,6.0,0.816496580927726,0.002333803387527431,0.8812908992306927,0.816496580927726
000630,2023-04,-0.12960000000000002,6,6,5,5.666666666666667,0.4714045207910317,0.0008932948130031191,0.9709505944546686,0.4714045207910317
000630,2023-07,-0.0132,5,5,5,5.0,0.0,0.0,1.0,0.0
000630,2023-10,-0.024300000000000002,6,5,6,5.666666666666667,0.4714045207910317,0.0008932948130031191,0.9709505944546686,0.4714045207910317
000630,2024-01,0.0932,7,7,6,6.666666666666667,0.4714045207910317,0.000642071396597733,0.8812908992306927,0.4714045207910317
000630,2024-04,-0.021,7,8,6,7.0,0.816496580927726,0.001710895898255767,0.8812908992306927,0.816496580927726
000630,2024-07,-0.013300000000000001,4,6,6,5.333333333333333,0.9428090415820634,0.004212595043515672,0.9709505944546686,0.9428090415820634
000630,2024-10,-0.0308,7,6,6,6.333333333333333,0.4714045207910317,0.0006758874784616383,0.8812908992306927,0.4714045207910317
000651,2005-01,0.0024,5,5,6,5.333333333333333,0.4714045207910317,0.0009491787649267315,1.0,0.4714045207910317
000651,2005-04,-0.0024,6,5,6,5.666666666666667,0.4714045207910317,0.0008932948130031191,0.9709505944546686,0.4714045207910317
000651,2005-07,0.0004,5,4,6,5.0,0.816496580927726,0.0033729266193250444,1.0,0.816496580927726
000651,2005-10,-0.0008,5,5,6,5.333333333333333,0.4714045207910317,0.0009491787649267315,1.0,0.4714045207910317
000651,2006-01,0.0045000000000000005,6,4,6,5.333333333333333,0.9428090415820634,0.004212595043515672,0.9709505944546686,0.9428090415820634
000651,2006-04,0.0045000000000000005,6,4,6,5.333333333333333,0.9428090415820634,0.004212595043515672,0.9709505944546686,0.9428090415820634
000651,2006-07,0.0004,6,6,6,6.0,0.0,0.0,0.9709505944546686,0.0
000651,2006-10,0.0154,5,5,6,5.333333333333333,0.4714045207910317,0.0009491787649267315,1.0,0.4714045207910317
000651,2007-01,-0.0013,6,5,7,6.0,0.816496580927726,0.002333803387527431,0.9709505944546686,0.816496580927726
000651,2007-04,0.0182,6,6,7,6.333333333333333,0.4714045207910317,0.0006758874784615638,0.9709505944546686,0.4714045207910317
000651,2007-07,0.0151,6,7,7,6.666666666666667,0.4714045207910317,0.0006420713965977487,0.9709505944546686,0.4714045207910317
000651,2007-10,-0.011899999999999999,6,7,7,6.666666666666667,0.4714045207910317,0.0006420713965977487,0.9709505944546686,0.4714045207910317
000651,2008-01,-0.011699999999999999,7,7,7,7.0,0.0,0.0,0.8812908992306927,0.0
000651,2008-04,-0.0611,5,4,7,5.333333333333333,1.247219128924647,0.006684370996497373,1.0,1.247219128924647
000651,2008-07,-0.03,4,4,6,4.666666666666667,0.9428090415820634,0.004817302157272868,0.9709505944546686,0.9428090415820634
000651,2008-10,0.0327,5,5,6,5.333333333333333,0.4714045207910317,0.0009491787649267315,1.0,0.4714045207910317
000651,2009-01,0.0412,6,6,6,6.0,0.0,0.0,0.9709505944546686,0.0
000651,2009-04,-0.0011,6,7,6,6.333333333333333,0.4714045207910317,0.0006758874784616383,0.9709505944546686,0.4714045207910317
000651,2009-07,-0.0608,6,7,7,6.666666666666667,0.4714045207910317,0.0006420713965977487,0.9709505944546686,0.4714045207910317
000651,2009-10,0.0068000000000000005,6,7,7,6.666666666666667,0.4714045207910317,0.0006420713965977487,0.9709505944546686,0.4714045207910317
000651,2010-01,0.0394,7,7,7,7.0,0.0,0.0,0.8812908992306927,0.0
000651,2010-04,-0.0179,6,7,7,6.666666666666667,0.4714045207910317,0.0006420713965977487,0.9709505944546686,0.4714045207910317
000651,2010-07,0.0068000000000000005,5,4,6,5.0,0.816496580927726,0.0033729266193250444,1.0,0.816496580927726
000651,2010-10,-0.036000000000000004,6,5,6,5.666666666666667,0.4714045207910317,0.0008932948130031191,0.9709505944546686,0.4714045207910317
000651,2011-01,0.1209,6,7,6,6.333333333333333,0.4714045207910317,0.0006758874784616383,0.9709505944546686,0.4714045207910317
000651,2011-04,-0.0092,7,7,7,7.0,0.0,0.0,0.8812908992306927,0.0
000651,2011-07,-0.084,7,7,7,7.0,0.0,0.0,0.8812908992306927,0.0
000651,2011-10,-0.07769999999999999,5,4,7,5.333333333333333,1.247219128924647,0.006684370996497373,1.0,1.247219128924647
000651,2012-01,0.054400000000000004,5,4,6,5.0,0.816496580927726,0.0033729266193250444,1.0,0.816496580927726
000651,2012-04,0.0329,6,6,6,6.0,0.0,0.0,0.9709505944546686,0.0
000651,2012-07,-0.0464,5,6,6,5.666666666666667,0.4714045207910317,0.0008932948130031191,1.0,0.4714045207910317
000651,2012-10,0.014499999999999999,6,6,7,6.333333333333333,0.4714045207910317,0.0006758874784615638,0.9709505944546686,0.4714045207910317
000651,2013-01,-0.011000000000000001,7,7,7,7.0,0.0,0.0,0.8812908992306927,0.0
000651,2013-04,0.034300000000000004,6,6,7,6.333333333333333,0.4714045207910317,0.0006758874784615638,0.9709505944546686,0.4714045207910317
000651,2013-07,0.0018,4,4,7,5.0,1.4142135623730951,0.009292928204941,0.9709505944546686,1.4142135623730951
000651,2013-10,0.022799999999999997,7,6,7,6.666666666666667,0.4714045207910317,0.0006420713965977487,0.8812908992306927,0.4714045207910317
000651,2014-01,-0.031,7,8,7,7.333333333333333,0.4714045207910317,0.0005056809102375145,0.8812908992306927,0.4714045207910317
000651,2014-04,0.0471,4,6,5,5.0,0.816496580927726,0.0033729266193250444,0.9709505944546686,0.816496580927726
000651,2014-07,-0.1084,7,5,7,6.333333333333333,0.9428090415820634,0.002946330098012255,0.8812908992306927,0.9428090415820634
000651,2014-10,0.102,5,6,6,5.666666666666667,0.4714045207910317,0.0008932948130031191,1.0,0.4714045207910317
000651,2015-01,0.018600000000000002,7,7,7,7.0,0.0,0.0,0.8812908992306927,0.0
000651,2015-04,0.5118,7,7,7,7.0,0.0,0.0,0.8812908992306927,0.0
000651,2015-07,-9.8974,7,3,1,3.6666666666666665,2.494438257849294,0.062410457549092635,0.8812908992306927,2.494438257849294
000651,2015-10,0.2144,2,2,2,2.0,0.0,0.0,0.7219280948873623,0.0
000651,2016-01,0.1536,3,3,1,2.3333333333333335,0.9428090415820634,0.025559141193383414,0.8812908992306927,0.9428090415820634
000651,2016-10,3.0657,2,1,1,1.3333333333333333,0.4714045207910317,0.014362591564146779,0.7219280948873623,0.4714045207910317
000651,2017-01,0.3097,4,1,1,2.0,1.4142135623730951,0.05663301226513251,0.9709505944546686,1.4142135623730951
000651,2017-04,0.0859,6,3,2,3.6666666666666665,1.699673171197595,0.02575266944219168,0.9709505944546686,1.699673171197595
000651,2017-07,-0.0286,7,3,2,4.0,2.160246899469287,0.03440796157713285,0.8812908992306927,2.160246899469287
000651,2017-10,-0.0042,5,6,7,6.0,0.816496580927726,0.002333803387527431,1.0,0.816496580927726
000651,2018-01,-0.1139,7,7,7,7.0,0.0,0.0,0.8812908992306927,0.0
000651,2018-04,0.1343,5,6,6,5.666666666666667,0.4714045207910317,0.0008932948130031191,1.0,0.4714045207910317
000651,2018-07,-0.2043,6,6,7,6.333333333333333,0.4714045207910317,0.0006758874784615638,0.9709505944546686,0.4714045207910317
000651,2018-10,-0.0622,6,5,6,5.666666666666667,0.4714045207910317,0.0008932948130031191,0.9709505944546686,0.4714045207910317
000651,2019-01,0.1578,4,4,5,4.333333333333333,0.4714045207910317,0.0014294885616036141,0.9709505944546686,0.4714045207910317
000651,2019-04,-0.08710000000000001,8,7,6,7.0,0.816496580927726,0.001710895898255767,0.7219280948873623,0.816496580927726
000651,2019-07,0.051500000000000004,7,7,7,7.0,0.0,0.0,0.8812908992306927,0.0
000651,2019-10,-0.0235,7,7,7,7.0,0.0,0.0,0.8812908992306927,0.0
000651,2020-01,-0.1,7,8,7,7.333333333333333,0.4714045207910317,0.0005056809102375145,0.8812908992306927,0.4714045207910317
000651,2020-04,0.0567,4,4,6,4.666666666666667,0.9428090415820634,0.004817302157272868,0.9709505944546686,0.9428090415820634
000651,2020-07,-0.0579,7,6,6,6.333333333333333,0.4714045207910317,0.0006758874784616383,0.8812908992306927,0.4714045207910317
000651,2020-10,0.21359999999999998,5,6,6,5.666666666666667,0.4714045207910317,0.0008932948130031191,1.0,0.4714045207910317
000651,2021-01,0.0643,6,6,6,6.0,0.0,0.0,0.9709505944546686,0.0
000651,2021-04,-0.07919999999999999,6,7,7,6.666666666666667,0.4714045207910317,0.0006420713965977487,0.9709505944546686,0.4714045207910317
000651,2021-07,-0.1025,4,4,6,4.666666666666667,0.9428090415820634,0.004817302157272868,0.9709505944546686,0.9428090415820634
000651,2021-10,-0.0825,4,3,5,4.0,0.816496580927726,0.00530599861166309,0.9709505944546686,0.816496580927726
000651,2022-01,-0.04,7,5,4,5.333333333333333,1.247219128924647,0.006684370996497373,0.8812908992306927,1.247219128924647
000651,2022-04,0.046,4,4,4,4.0,0.0,0.0,0.9709505944546686,0.0
000651,2022-07,0.0292,7,6,5,6.0,0.816496580927726,0.002333803387527431,0.8812908992306927,0.816496580927726
000651,2022-10,0.172,6,7,6,6.333333333333333,0.4714045207910317,0.0006758874784616383,0.9709505944546686,0.4714045207910317
000651,2023-01,0.0718,6,6,6,6.0,0.0,0.0,0.9709505944546686,0.0
000651,2023-04,-0.1986,7,7,7,7.0,0.0,0.0,0.8812908992306927,0.0
000651,2023-07,-0.06269999999999999,6,7,7,6.666666666666667,0.4714045207910317,0.0006420713965977487,0.9709505944546686,0.4714045207910317
000651,2023-10,-0.0355,6,6,7,6.333333333333333,0.4714045207910317,0.0006758874784615638,0.9709505944546686,0.4714045207910317
000651,2024-01,0.13140000000000002,5,4,7,5.333333333333333,1.247219128924647,0.006684370996497373,1.0,1.247219128924647
000651,2024-04,-0.0397,7,6,7,6.666666666666667,0.4714045207910317,0.0006420713965977487,0.8812908992306927,0.4714045207910317
000651,2024-07,0.0596,6,6,7,6.333333333333333,0.4714045207910317,0.0006758874784615638,0.9709505944546686,0.4714045207910317
000651,2024-10,-0.0359,7,8,7,7.333333333333333,0.4714045207910317,0.0005056809102375145,0.8812908992306927,0.4714045207910317
000661,2005-01,0.0663,5,4,6,5.0,0.816496580927726,0.0033729266193250444,1.0,0.816496580927726
000661,2005-04,0.0018,5,4,6,5.0,0.816496580927726,0.0033729266193250444,1.0,0.816496580927726
000661,2005-07,0.0313,5,4,6,5.0,0.816496580927726,0.0033729266193250444,1.0,0.816496580927726
000661,2005-10,0.0381,4,4,6,4.666666666666667,0.9428090415820634,0.004817302157272868,0.9709505944546686,0.9428090415820634
000661,2006-01,0.0171,5,4,6,5.0,0.816496580927726,0.0033729266193250444,1.0,0.816496580927726
000661,2006-04,0.1168,5,5,6,5.333333333333333,0.4714045207910317,0.0009491787649267315,1.0,0.4714045207910317
000661,2006-07,0.0362,6,7,7,6.666666666666667,0.4714045207910317,0.0006420713965977487,0.9709505944546686,0.4714045207910317
000661,2006-10,-0.0208,5,6,7,6.0,0.816496580927726,0.002333803387527431,1.0,0.816496580927726
000661,2007-01,0.3592,6,6,7,6.333333333333333,0.4714045207910317,0.0006758874784615638,0.9709505944546686,0.4714045207910317
000661,2007-04,-1.6216,7,8,7,7.333333333333333,0.4714045207910317,0.0005056809102375145,0.8812908992306927,0.4714045207910317
000661,2007-07,0.6304,3,2,3,2.6666666666666665,0.4714045207910317,0.004212595043515672,0.8812908992306927,0.4714045207910317
000661,2007-10,0.022400000000000003,2,1,1,1.3333333333333333,0.4714045207910317,0.014362591564146779,0.7219280948873623,0.4714045207910317
000661,2008-01,0.1972,6,3,2,3.6666666666666665,1.699673171197595,0.02575266944219168,0.9709505944546686,1.699673171197595
000661,2008-04,-0.0137,3,2,3,2.6666666666666665,0.4714045207910317,0.004212595043515672,0.8812908992306927,0.4714045207910317
000661,2008-07,-0.22870000000000001,2,2,4,2.6666666666666665,0.9428090415820634,0.014362591564146779,0.7219280948873623,0.9428090415820634
000661,2008-10,0.0611,4,3,3,3.3333333333333335,0.4714045207910317,0.0023948438453058845,0.9709505944546686,0.4714045207910317
000661,2009-01,0.11560000000000001,7,7,4,6.0,1.4142135623730951,0.007732062599348774,0.8812908992306927,1.4142135623730951
000661,2009-04,0.6514,7,7,6,6.666666666666667,0.4714045207910317,0.000642071396597733,0.8812908992306927,0.4714045207910317
000661,2009-07,-0.7004,2,2,3,2.3333333333333335,0.4714045207910317,0.004817302157272868,0.7219280948873623,0.4714045207910317
000661,2009-10,0.0808,7,4,3,4.666666666666667,1.699673171197595,0.01582838201775807,0.8812908992306927,1.699673171197595
000661,2010-01,0.0512,7,7,4,6.0,1.4142135623730951,0.007732062599348774,0.8812908992306927,1.4142135623730951
000661,2010-04,0.1012,7,7,4,6.0,1.4142135623730951,0.007732062599348774,0.8812908992306927,1.4142135623730951
000661,2010-07,0.425,3,5,6,4.666666666666667,1.247219128924647,0.0097112135713919,0.8812908992306927,1.247219128924647
000661,2010-10,0.2932,7,7,6,6.666666666666667,0.4714045207910317,0.000642071396597733,0.8812908992306927,0.4714045207910317
000661,2011-01,0.0929,5,6,6,5.666666666666667,0.4714045207910317,0.0008932948130031191,1.0,0.4714045207910317
000661,2011-04,0.0204,3,4,6,4.333333333333333,1.247219128924647,0.01013672725206552,0.8812908992306927,1.247219128924647
000661,2011-07,-0.09390000000000001,6,5,6,5.666666666666667,0.4714045207910317,0.0008932948130031191,0.9709505944546686,0.4714045207910317
000661,2011-10,0.2132,4,3,4,3.6666666666666665,0.4714045207910317,0.0021766561578771704,0.9709505944546686,0.4714045207910317
000661,2012-01,0.2316,4,3,4,3.6666666666666665,0.4714045207910317,0.0021766561578771704,0.9709505944546686,0.4714045207910317
000661,2012-04,0.10289999999999999,4,4,4,4.0,0.0,0.0,0.9709505944546686,0.0
000661,2012-07,0.0904,7,8,6,7.0,0.816496580927726,0.001710895898255767,0.8812908992306927,0.816496580927726
000661,2012-10,-0.2041,6,7,7,6.666666666666667,0.4714045207910317,0.0006420713965977487,0.9709505944546686,0.4714045207910317
000661,2013-01,0.2053,7,8,7,7.333333333333333,0.4714045207910317,0.0005056809102375145,0.8812908992306927,0.4714045207910317
000661,2013-04,0.0765,6,7,6,6.333333333333333,0.4714045207910317,0.0006758874784616383,0.9709505944546686,0.4714045207910317
000661,2013-07,0.07730000000000001,7,7,7,7.0,0.0,0.0,0.8812908992306927,0.0
000661,2013-10,0.17129999999999998,6,6,7,6.333333333333333,0.4714045207910317,0.0006758874784615638,0.9709505944546686,0.4714045207910317
000661,2014-01,-0.1054,5,6,7,6.0,0.816496580927726,0.002333803387527431,1.0,0.816496580927726
000661,2014-04,0.13019999999999998,4,4,6,4.666666666666667,0.9428090415820634,0.004817302157272868,0.9709505944546686,0.9428090415820634
000661,2014-07,0.1867,4,3,4,3.6666666666666665,0.4714045207910317,0.0021766561578771704,0.9709505944546686,0.4714045207910317
000661,2014-10,-0.08380000000000001,7,7,6,6.666666666666667,0.4714045207910317,0.000642071396597733,0.8812908992306927,0.4714045207910317
000661,2015-01,0.0638,4,6,5,5.0,0.816496580927726,0.0033729266193250444,0.9709505944546686,0.816496580927726
000661,2015-04,0.2773,7,7,7,7.0,0.0,0.0,0.8812908992306927,0.0
000661,2015-07,-0.35479999999999995,5,6,6,5.666666666666667,0.4714045207910317,0.0008932948130031191,1.0,0.4714045207910317
000661,2015-10,-0.0922,4,4,4,4.0,0.0,0.0,0.9709505944546686,0.0
000661,2016-01,-0.0638,7,6,6,6.333333333333333,0.4714045207910317,0.0006758874784616383,0.8812908992306927,0.4714045207910317
000661,2016-04,0.0062,6,7,5,6.0,0.816496580927726,0.002333803387527431,0.9709505944546686,0.816496580927726
000661,2016-07,-0.0516,7,7,6,6.666666666666667,0.4714045207910317,0.000642071396597733,0.8812908992306927,0.4714045207910317
000661,2016-10,-0.018600000000000002,6,7,7,6.666666666666667,0.4714045207910317,0.0006420713965977487,0.9709505944546686,0.4714045207910317
000661,2017-01,-0.0163,6,6,7,6.333333333333333,0.4714045207910317,0.0006758874784615638,0.9709505944546686,0.4714045207910317
000661,2017-04,0.0161,5,6,7,6.0,0.816496580927726,0.002333803387527431,1.0,0.816496580927726
000661,2017-07,0.1374,7,7,7,7.0,0.0,0.0,0.8812908992306927,0.0
000661,2017-10,0.0034999999999999996,7,7,7,7.0,0.0,0.0,0.8812908992306927,0.0
000661,2018-01,-0.0653,7,8,7,7.333333333333333,0.4714045207910317,0.0005056809102375145,0.8812908992306927,0.4714045207910317
000661,2018-04,0.07629999999999999,7,7,7,7.0,0.0,0.0,0.8812908992306927,0.0
000661,2018-07,0.1321,7,7,7,7.0,0.0,0.0,0.8812908992306927,0.0
000661,2018-10,0.1208,6,7,7,6.666666666666667,0.4714045207910317,0.0006420713965977487,0.9709505944546686,0.4714045207910317
000661,2019-01,0.2443,4,4,5,4.333333333333333,0.4714045207910317,0.0014294885616036141,0.9709505944546686,0.4714045207910317
000661,2019-04,0.0447,7,7,7,7.0,0.0,0.0,0.8812908992306927,0.0
000661,2019-07,0.06309999999999999,6,8,7,7.0,0.816496580927726,0.0017108958982558105,0.9709505944546686,0.816496580927726
000661,2019-10,-0.0373,7,7,8,7.333333333333333,0.4714045207910317,0.0005056809102375145,0.8812908992306927,0.4714045207910317
000661,2020-01,-0.029300000000000003,6,7,7,6.666666666666667,0.4714045207910317,0.0006420713965977487,0.9709505944546686,0.4714045207910317
000661,2020-04,0.1219,7,7,7,7.0,0.0,0.0,0.8812908992306927,0.0
000661,2020-07,-0.0603,7,8,7,7.333333333333333,0.4714045207910317,0.0005056809102375145,0.8812908992306927,0.4714045207910317
000661,2020-10,-0.0219,4,5,6,5.0,0.816496580927726,0.0033729266193250444,0.9709505944546686,0.816496580927726
000661,2021-01,-0.0758,7,7,6,6.666666666666667,0.4714045207910317,0.000642071396597733,0.8812908992306927,0.4714045207910317
000661,2021-04,-0.17670000000000002,6,7,7,6.666666666666667,0.4714045207910317,0.0006420713965977487,0.9709505944546686,0.4714045207910317
000661,2021-07,-0.1702,4,4,5,4.333333333333333,0.4714045207910317,0.0014294885616036141,0.9709505944546686,0.4714045207910317
000661,2021-10,0.0403,5,4,4,4.333333333333333,0.4714045207910317,0.0014294885616036141,1.0,0.4714045207910317
000661,2022-01,0.0453,5,4,5,4.666666666666667,0.4714045207910317,0.0013272465907683984,1.0,0.4714045207910317
000661,2022-04,0.0599,4,3,4,3.6666666666666665,0.4714045207910317,0.0021766561578771704,0.9709505944546686,0.4714045207910317
000661,2022-07,-0.0902,7,6,5,6.0,0.816496580927726,0.002333803387527431,0.8812908992306927,0.816496580927726
000661,2022-10,0.046799999999999994,4,5,4,4.333333333333333,0.4714045207910317,0.0014294885616036141,0.9709505944546686,0.4714045207910317
000661,2023-01,-0.019799999999999998,5,4,5,4.666666666666667,0.4714045207910317,0.0013272465907683984,1.0,0.4714045207910317
000661,2023-04,-0.0225,4,4,6,4.666666666666667,0.9428090415820634,0.004817302157272868,0.9709505944546686,0.9428090415820634
000661,2023-07,-0.0889,4,4,4,4.0,0.0,0.0,0.9709505944546686,0.0
000661,2023-10,0.0355,6,5,6,5.666666666666667,0.4714045207910317,0.0008932948130031191,0.9709505944546686,0.4714045207910317
000661,2024-01,0.1331,6,5,6,5.666666666666667,0.4714045207910317,0.0008932948130031191,0.9709505944546686,0.4714045207910317
000661,2024-04,-0.0748,4,4,4,4.0,0.0,0.0,0.9709505944546686,0.0
000661,2024-07,-0.1356,4,3,5,4.0,0.816496580927726,0.00530599861166309,0.9709505944546686,0.816496580927726
000661,2024-10,0.0279,7,6,5,6.0,0.816496580927726,0.002333803387527431,0.8812908992306927,0.816496580927726
000708,2005-01,0.1432,5,4,6,5.0,0.816496580927726,0.0033729266193250444,1.0,0.816496580927726
000708,2005-04,-0.0045000000000000005,4,4,6,4.666666666666667,0.9428090415820634,0.004817302157272868,0.9709505944546686,0.9428090415820634
000708,2005-07,0.1065,4,4,5,4.333333333333333,0.4714045207910317,0.0014294885616036141,0.9709505944546686,0.4714045207910317
000708,2005-10,0.0541,5,4,6,5.0,0.816496580927726,0.0033729266193250444,1.0,0.816496580927726
000708,2006-04,0.2168,6,7,6,6.333333333333333,0.4714045207910317,0.0006758874784616383,0.9709505944546686,0.4714045207910317
000708,2006-07,-0.006500000000000001,6,7,7,6.666666666666667,0.4714045207910317,0.0006420713965977487,0.9709505944546686,0.4714045207910317
000708,2006-10,0.0033,5,6,7,6.0,0.816496580927726,0.002333803387527431,1.0,0.816496580927726
000708,2007-01,0.5,7,7,7,7.0,0.0,0.0,0.8812908992306927,0.0
000708,2007-04,0.5972999999999999,3,3,3,3.0,0.0,0.0,0.8812908992306927,0.0
000708,2007-07,1.1009,4,3,3,3.3333333333333335,0.4714045207910317,0.0023948438453058845,0.9709505944546686,0.4714045207910317
000708,2007-10,-0.5194,6,4,2,4.0,1.632993161855452,0.022548050379070088,0.9709505944546686,1.632993161855452
000708,2008-01,0.2927,6,3,2,3.6666666666666665,1.699673171197595,0.02575266944219168,0.9709505944546686,1.699673171197595
000708,2008-04,-6.8,1,1,3,1.6666666666666667,0.9428090415820634,0.036160391661783364,0.4689955935892812,0.9428090415820634
000708,2008-07,-0.4832,1,1,3,1.6666666666666667,0.9428090415820634,0.036160391661783364,0.4689955935892812,0.9428090415820634
000708,2008-10,0.165,4,4,2,3.3333333333333335,0.9428090415820634,0.011456875501600412,0.9709505944546686,0.9428090415820634
000708,2009-01,0.07139999999999999,3,3,3,3.0,0.0,0.0,0.8812908992306927,0.0
000708,2009-04,0.0288,7,5,7,6.333333333333333,0.9428090415820634,0.002946330098012255,0.8812908992306927,0.9428090415820634
000708,2009-07,-5.7726999999999995,7,8,5,6.666666666666667,1.247219128924647,0.004605278650825295,0.8812908992306927,1.247219128924647
000708,2009-10,3.0189,3,3,1,2.3333333333333335,0.9428090415820634,0.025559141193383414,0.8812908992306927,0.9428090415820634
000708,2010-01,-0.0252,6,2,1,3.0,2.160246899469287,0.06297904566134355,0.9709505944546686,2.160246899469287
000708,2010-04,-0.6814,7,6,2,5.0,2.160246899469287,0.029236916052000086,0.8812908992306927,2.160246899469287
000708,2010-07,0.7368000000000001,1,1,3,1.6666666666666667,0.9428090415820634,0.036160391661783364,0.4689955935892812,0.9428090415820634
000708,2010-10,-0.1429,3,2,1,2.0,0.816496580927726,0.022548050379070088,0.8812908992306927,0.816496580927726
000708,2011-01,0.2345,6,3,2,3.6666666666666665,1.699673171197595,0.02575266944219168,0.9709505944546686,1.699673171197595
000708,2011-04,-0.15869999999999998,6,6,3,5.0,1.4142135623730951,0.011456875501600412,0.9709505944546686,1.4142135623730951
000708,2011-07,-0.2857,4,6,3,4.333333333333333,1.247219128924647,0.010136727252065516,0.9709505944546686,1.247219128924647
000708,2011-10,-0.3577,3,3,4,3.3333333333333335,0.4714045207910317,0.0023948438453058845,0.8812908992306927,0.4714045207910317
000708,2012-01,18.0,1,1,3,1.6666666666666667,0.9428090415820634,0.036160391661783364,0.4689955935892812,0.9428090415820634
000708,2012-04,-0.36590000000000006,3,2,1,2.0,0.816496580927726,0.022548050379070088,0.8812908992306927,0.816496580927726
000708,2012-07,-0.43079999999999996,1,1,2,1.3333333333333333,0.4714045207910317,0.014362591564146779,0.4689955935892812,0.4714045207910317
000708,2012-10,-0.38299999999999995,4,4,3,3.6666666666666665,0.4714045207910317,0.0021766561578771704,0.9709505944546686,0.4714045207910317
000708,2013-01,-0.0268,6,4,7,5.666666666666667,1.247219128924647,0.006454904945298079,0.9709505944546686,1.247219128924647
000708,2013-04,0.09939999999999999,3,2,3,2.6666666666666665,0.4714045207910317,0.004212595043515672,0.8812908992306927,0.4714045207910317
000708,2013-07,0.1873,2,2,3,2.3333333333333335,0.4714045207910317,0.004817302157272868,0.7219280948873623,0.4714045207910317
000708,2013-10,0.1636,6,4,3,4.333333333333333,1.247219128924647,0.010136727252065516,0.9709505944546686,1.247219128924647
000708,2014-01,0.1033,4,3,4,3.6666666666666665,0.4714045207910317,0.0021766561578771704,0.9709505944546686,0.4714045207910317
000708,2014-04,0.0638,6,6,4,5.333333333333333,0.9428090415820634,0.004212595043515672,0.9709505944546686,0.9428090415820634
000708,2014-07,0.3072,7,7,7,7.0,0.0,0.0,0.8812908992306927,0.0
000708,2014-10,4.0,3,7,6,5.333333333333333,1.699673171197595,0.014489122970023622,0.8812908992306927,1.699673171197595
000708,2015-01,0.1207,4,3,4,3.6666666666666665,0.4714045207910317,0.0021766561578771704,0.9709505944546686,0.4714045207910317
000708,2015-04,-0.0812,2,3,3,2.6666666666666665,0.4714045207910317,0.004212595043515672,0.7219280948873623,0.4714045207910317
000708,2015-10,0.16670000000000001,6,6,2,4.666666666666667,1.8856180831641267,0.025559141193383414,0.9709505944546686,1.8856180831641267
000708,2016-01,4.2143,6,7,3,5.333333333333333,1.699673171197595,0.014489122970023622,0.9709505944546686,1.699673171197595
000708,2016-04,-0.45880000000000004,6,4,3,4.333333333333333,1.247219128924647,0.010136727252065516,0.9709505944546686,1.247219128924647
000708,2016-07,0.0466,7,6,6,6.333333333333333,0.4714045207910317,0.0006758874784616383,0.8812908992306927,0.4714045207910317
000708,2016-10,0.1082,6,6,4,5.333333333333333,0.9428090415820634,0.004212595043515672,0.9709505944546686,0.9428090415820634
000708,2017-01,0.0481,7,7,7,7.0,0.0,0.0,0.8812908992306927,0.0
000708,2017-04,-0.2898,5,6,7,6.0,0.816496580927726,0.002333803387527431,1.0,0.816496580927726
000708,2017-07,0.0797,6,6,6,6.0,0.0,0.0,0.9709505944546686,0.0
000708,2017-10,-0.019,7,7,7,7.0,0.0,0.0,0.8812908992306927,0.0
000708,2018-01,-0.1257,3,4,4,3.6666666666666665,0.4714045207910317,0.0021766561578771704,0.8812908992306927,0.4714045207910317
000708,2018-04,-0.10529999999999999,3,2,4,3.0,0.816496580927726,0.00957506104276447,0.8812908992306927,0.816496580927726
000708,2018-07,0.6889,3,2,3,2.6666666666666665,0.4714045207910317,0.004212595043515672,0.8812908992306927,0.4714045207910317
000708,2018-10,-0.15560000000000002,7,7,4,6.0,1.4142135623730951,0.007732062599348774,0.8812908992306927,1.4142135623730951
000708,2019-01,1.7627000000000002,2,2,3,2.3333333333333335,0.4714045207910317,0.004817302157272868,0.7219280948873623,0.4714045207910317
000708,2019-04,0.0632,3,7,6,5.333333333333333,1.699673171197595,0.014489122970023622,0.8812908992306927,1.699673171197595
000708,2019-07,0.2547,6,4,2,4.0,1.632993161855452,0.022548050379070088,0.9709505944546686,1.632993161855452
000708,2019-10,0.28809999999999997,7,8,3,6.0,2.160246899469287,0.019209548095934934,0.8812908992306927,2.160246899469287
000708,2020-01,0.43,7,7,2,5.333333333333333,2.357022603955158,0.03162528845271663,0.8812908992306927,2.357022603955158
000708,2020-04,-0.0108,6,6,7,6.333333333333333,0.4714045207910317,0.0006758874784615638,0.9709505944546686,0.4714045207910317
000708,2020-07,-0.0883,7,7,7,7.0,0.0,0.0,0.8812908992306927,0.0
000708,2020-10,0.39840000000000003,4,6,7,5.666666666666667,1.247219128924647,0.006454904945298079,0.9709505944546686,1.247219128924647
000708,2021-01,0.0096,7,7,7,7.0,0.0,0.0,0.8812908992306927,0.0
000708,2021-04,-0.0962,6,6,7,6.333333333333333,0.4714045207910317,0.0006758874784615638,0.9709505944546686,0.4714045207910317
000708,2021-07,0.1859,4,4,6,4.666666666666667,0.9428090415820634,0.004817302157272868,0.9709505944546686,0.9428090415820634
000708,2021-10,0.08529999999999999,4,3,7,4.666666666666667,1.699673171197595,0.01582838201775807,0.9709505944546686,1.699673171197595
000708,2022-01,0.0698,5,5,5,5.0,0.0,0.0,1.0,0.0
000708,2022-04,0.08900000000000001,4,4,6,4.666666666666667,0.9428090415820634,0.004817302157272868,0.9709505944546686,0.9428090415820634
000708,2022-07,-0.014199999999999999,6,6,6,6.0,0.0,0.0,0.9709505944546686,0.0
000708,2022-10,0.1316,4,4,6,4.666666666666667,0.9428090415820634,0.004817302157272868,0.9709505944546686,0.9428090415820634
000708,2023-01,0.1379,5,4,6,5.0,0.816496580927726,0.0033729266193250444,1.0,0.816496580927726
000708,2023-04,-0.0735,5,4,6,5.0,0.816496580927726,0.0033729266193250444,1.0,0.816496580927726
000708,2023-07,-0.1698,6,6,6,6.0,0.0,0.0,0.9709505944546686,0.0
000708,2023-10,-0.0195,6,6,6,6.0,0.0,0.0,0.9709505944546686,0.0
000708,2024-01,0.0637,5,5,6,5.333333333333333,0.4714045207910317,0.0009491787649267315,1.0,0.4714045207910317
000708,2024-04,0.006500000000000001,6,6,6,6.0,0.0,0.0,0.9709505944546686,0.0
000708,2024-07,-0.0814,4,4,6,4.666666666666667,0.9428090415820634,0.004817302157272868,0.9709505944546686,0.9428090415820634
000708,2024-10,-0.0256,7,6,6,6.333333333333333,0.4714045207910317,0.0006758874784616383,0.8812908992306927,0.4714045207910317
000725,2005-01,0.2644,5,4,5,4.666666666666667,0.4714045207910317,0.0013272465907683984,1.0,0.4714045207910317
000725,2005-04,0.0,5,4,5,4.666666666666667,0.4714045207910317,0.0013272465907683984,1.0,0.4714045207910317
000725,2005-07,0.0824,4,4,4,4.0,0.0,0.0,0.9709505944546686,0.0
000725,2005-10,-0.4127,6,5,5,5.333333333333333,0.4714045207910317,0.0009491787649267315,0.9709505944546686,0.4714045207910317
000725,2006-01,0.1648,5,5,4,4.666666666666667,0.4714045207910317,0.0013272465907683984,1.0,0.4714045207910317
000725,2006-04,0.2838,6,4,4,4.666666666666667,0.9428090415820634,0.004817302157272943,0.9709505944546686,0.9428090415820634
000725,2006-07,0.12369999999999999,6,7,6,6.333333333333333,0.4714045207910317,0.0006758874784616383,0.9709505944546686,0.4714045207910317
000725,2006-10,-0.0698,4,4,6,4.666666666666667,0.9428090415820634,0.004817302157272868,0.9709505944546686,0.9428090415820634
000725,2007-01,0.5947,4,4,6,4.666666666666667,0.9428090415820634,0.004817302157272868,0.9709505944546686,0.9428090415820634
000725,2007-04,0.1985,7,8,7,7.333333333333333,0.4714045207910317,0.0005056809102375145,0.8812908992306927,0.4714045207910317
000725,2007-07,0.3171,3,5,6,4.666666666666667,1.247219128924647,0.0097112135713919,0.8812908992306927,1.247219128924647
000725,2007-10,-0.1333,7,7,6,6.666666666666667,0.4714045207910317,0.000642071396597733,0.8812908992306927,0.4714045207910317
000725,2008-01,-0.005600000000000001,7,8,7,7.333333333333333,0.4714045207910317,0.0005056809102375145,0.8812908992306927,0.4714045207910317
000725,2008-04,-0.1867,4,4,7,5.0,1.4142135623730951,0.009292928204941,0.9709505944546686,1.4142135623730951
000725,2008-07,-0.4368,3,3,6,4.0,1.4142135623730951,0.014362591564146779,0.8812908992306927,1.4142135623730951
000725,2008-10,0.2991,3,3,3,3.0,0.0,0.0,0.8812908992306927,0.0
000725,2009-01,0.25579999999999997,6,4,4,4.666666666666667,0.9428090415820634,0.004817302157272943,0.9709505944546686,0.9428090415820634
000725,2009-04,0.056299999999999996,7,7,4,6.0,1.4142135623730951,0.007732062599348774,0.8812908992306927,1.4142135623730951
000725,2009-07,-0.3085,7,8,5,6.666666666666667,1.247219128924647,0.004605278650825295,0.8812908992306927,1.247219128924647
000725,2009-10,0.1308,6,6,6,6.0,0.0,0.0,0.9709505944546686,0.0
000725,2010-01,0.0146,7,6,6,6.333333333333333,0.4714045207910317,0.0006758874784616383,0.8812908992306927,0.4714045207910317
000725,2010-04,-0.1246,4,6,6,5.333333333333333,0.9428090415820634,0.004212595043515672,0.9709505944546686,0.9428090415820634
000725,2010-07,-0.0152,3,3,4,3.3333333333333335,0.4714045207910317,0.0023948438453058845,0.8812908992306927,0.4714045207910317
000725,2010-10,0.0044,6,4,4,4.666666666666667,0.9428090415820634,0.004817302157272943,0.9709505944546686,0.9428090415820634
000725,2011-01,0.0426,4,6,4,4.666666666666667,0.9428090415820634,0.004817302157272943,0.9709505944546686,0.9428090415820634
000725,2011-04,-0.029900000000000003,6,6,4,5.333333333333333,0.9428090415820634,0.004212595043515672,0.9709505944546686,0.9428090415820634
000725,2011-07,-0.0741,6,7,6,6.333333333333333,0.4714045207910317,0.0006758874784616383,0.9709505944546686,0.4714045207910317
000725,2011-10,-0.1013,4,4,4,4.0,0.0,0.0,0.9709505944546686,0.0
000725,2012-01,0.1157,4,3,4,3.6666666666666665,0.4714045207910317,0.0021766561578771704,0.9709505944546686,0.4714045207910317
000725,2012-04,0.0248,5,4,4,4.333333333333333,0.4714045207910317,0.0014294885616036141,1.0,0.4714045207910317
000725,2012-07,0.0721,6,7,5,6.0,0.816496580927726,0.002333803387527431,0.9709505944546686,0.816496580927726
000725,2012-10,-0.0759,7,7,5,6.333333333333333,0.9428090415820634,0.002946330098012255,0.8812908992306927,0.9428090415820634
000725,2013-01,-0.0674,7,7,7,7.0,0.0,0.0,0.8812908992306927,0.0
000725,2013-04,0.17420000000000002,6,7,7,6.666666666666667,0.4714045207910317,0.0006420713965977487,0.9709505944546686,0.4714045207910317
000725,2013-07,0.0134,4,4,6,4.666666666666667,0.9428090415820634,0.004817302157272868,0.9709505944546686,0.9428090415820634
000725,2013-10,-0.0252,5,5,6,5.333333333333333,0.4714045207910317,0.0009491787649267315,1.0,0.4714045207910317
000725,2014-01,0.183,5,5,5,5.0,0.0,0.0,1.0,0.0
000725,2014-04,-0.0064,5,6,6,5.666666666666667,0.4714045207910317,0.0008932948130031191,1.0,0.4714045207910317
000725,2014-07,-0.0118,6,5,5,5.333333333333333,0.4714045207910317,0.0009491787649267315,0.9709505944546686,0.4714045207910317
000725,2014-10,0.0392,7,7,7,7.0,0.0,0.0,0.8812908992306927,0.0
000725,2015-01,0.0199,7,8,7,7.333333333333333,0.4714045207910317,0.0005056809102375145,0.8812908992306927,0.4714045207910317
000725,2015-04,0.13269999999999998,8,7,7,7.333333333333333,0.4714045207910317,0.0005056809102375145,0.7219280948873623,0.4714045207910317
000725,2015-07,-0.2032,7,7,7,7.0,0.0,0.0,0.8812908992306927,0.0
000725,2015-10,-0.0168,3,4,5,4.0,0.816496580927726,0.00530599861166309,0.8812908992306927,0.816496580927726
000725,2016-01,0.0473,6,4,4,4.666666666666667,0.9428090415820634,0.004817302157272943,0.9709505944546686,0.9428090415820634
000725,2016-04,-0.0111,6,6,4,5.333333333333333,0.9428090415820634,0.004212595043515672,0.9709505944546686,0.9428090415820634
000725,2016-07,0.0629,4,4,4,4.0,0.0,0.0,0.9709505944546686,0.0
000725,2016-10,0.2275,6,4,5,5.0,0.816496580927726,0.0033729266193250444,0.9709505944546686,0.816496580927726
000725,2017-01,-0.0495,6,6,5,5.666666666666667,0.4714045207910317,0.0008932948130031191,0.9709505944546686,0.4714045207910317
000725,2017-04,-0.0493,7,7,7,7.0,0.0,0.0,0.8812908992306927,0.0
000725,2017-07,-0.0353,7,7,7,7.0,0.0,0.0,0.8812908992306927,0.0
000725,2017-10,-0.1552,7,7,7,7.0,0.0,0.0,0.8812908992306927,0.0
000725,2018-01,-0.0759,7,7,6,6.666666666666667,0.4714045207910317,0.000642071396597733,0.8812908992306927,0.4714045207910317
000725,2018-04,-0.053099999999999994,4,6,7,5.666666666666667,1.247219128924647,0.006454904945298079,0.9709505944546686,1.247219128924647
000725,2018-07,-0.1074,4,3,4,3.6666666666666665,0.4714045207910317,0.0021766561578771704,0.9709505944546686,0.4714045207910317
000725,2018-10,0.013300000000000001,4,3,4,3.6666666666666665,0.4714045207910317,0.0021766561578771704,0.9709505944546686,0.4714045207910317
000725,2019-01,0.733,4,4,4,4.0,0.0,0.0,0.9709505944546686,0.0
000725,2019-04,-0.04190000000000001,6,6,4,5.333333333333333,0.9428090415820634,0.004212595043515672,0.9709505944546686,0.9428090415820634
000725,2019-07,-0.10890000000000001,5,6,5,5.333333333333333,0.4714045207910317,0.0009491787649267315,1.0,0.4714045207910317
000725,2019-10,0.1065,6,6,6,6.0,0.0,0.0,0.9709505944546686,0.0
000725,2020-01,0.0424,7,7,7,7.0,0.0,0.0,0.8812908992306927,0.0
000725,2020-04,-0.0152,4,4,5,4.333333333333333,0.4714045207910317,0.0014294885616036141,0.9709505944546686,0.4714045207910317
000725,2020-07,0.1967,7,7,6,6.666666666666667,0.4714045207910317,0.000642071396597733,0.8812908992306927,0.4714045207910317
000725,2020-10,0.1589,5,6,6,5.666666666666667,0.4714045207910317,0.0008932948130031191,1.0,0.4714045207910317
000725,2021-01,-0.015700000000000002,7,7,7,7.0,0.0,0.0,0.8812908992306927,0.0
000725,2021-04,-0.14679999999999999,6,7,7,6.666666666666667,0.4714045207910317,0.0006420713965977487,0.9709505944546686,0.4714045207910317
000725,2021-07,0.0148,5,6,7,6.0,0.816496580927726,0.002333803387527431,1.0,0.816496580927726
000725,2021-10,-0.0197,4,4,6,4.666666666666667,0.9428090415820634,0.004817302157272868,0.9709505944546686,0.9428090415820634
000725,2022-01,-0.0333,6,5,5,5.333333333333333,0.4714045207910317,0.0009491787649267315,0.9709505944546686,0.4714045207910317
000725,2022-04,0.057999999999999996,4,4,5,4.333333333333333,0.4714045207910317,0.0014294885616036141,0.9709505944546686,0.4714045207910317
000725,2022-07,-0.0507,6,5,4,5.0,0.816496580927726,0.0033729266193250444,0.9709505944546686,0.816496580927726
000725,2022-10,0.075,4,4,4,4.0,0.0,0.0,0.9709505944546686,0.0
000725,2023-01,0.0495,6,4,5,5.0,0.816496580927726,0.0033729266193250444,0.9709505944546686,0.816496580927726
000725,2023-04,-0.0129,7,7,6,6.666666666666667,0.4714045207910317,0.000642071396597733,0.8812908992306927,0.4714045207910317
000725,2023-07,-0.053,6,7,6,6.333333333333333,0.4714045207910317,0.0006758874784616383,0.9709505944546686,0.4714045207910317
000725,2023-10,-0.013000000000000001,4,4,7,5.0,1.4142135623730951,0.009292928204941,0.9709505944546686,1.4142135623730951
000725,2024-01,0.1108,5,5,6,5.333333333333333,0.4714045207910317,0.0009491787649267315,1.0,0.4714045207910317
000725,2024-04,-0.0654,6,6,6,6.0,0.0,0.0,0.9709505944546686,0.0
000725,2024-07,-0.0206,5,6,6,5.666666666666667,0.4714045207910317,0.0008932948130031191,1.0,0.4714045207910317
000725,2024-10,-0.0801,7,7,6,6.666666666666667,0.4714045207910317,0.000642071396597733,0.8812908992306927,0.4714045207910317
000768,2005-01,0.46149999999999997,5,4,6,5.0,0.816496580927726,0.0033729266193250444,1.0,0.816496580927726
000768,2005-04,-3.0,3,7,6,5.333333333333333,1.699673171197595,0.014489122970023622,0.8812908992306927,1.699673171197595
000768,2005-07,0.4667,2,2,4,2.6666666666666665,0.9428090415820634,0.014362591564146779,0.7219280948873623,0.9428090415820634
000768,2005-10,0.25,7,3,2,4.0,2.160246899469287,0.03440796157713285,0.8812908992306927,2.160246899469287
000768,2006-01,-0.1609,7,7,1,5.0,2.8284271247461903,0.05968032599346371,0.8812908992306927,2.8284271247461903
000768,2006-04,0.8403,4,6,3,4.333333333333333,1.247219128924647,0.010136727252065516,0.9709505944546686,1.247219128924647
000768,2006-07,0.1355,7,8,6,7.0,0.816496580927726,0.001710895898255767,0.8812908992306927,0.816496580927726
000768,2006-10,-0.0278,7,7,7,7.0,0.0,0.0,0.8812908992306927,0.0
000768,2007-01,0.33899999999999997,7,7,7,7.0,0.0,0.0,0.8812908992306927,0.0
000768,2007-04,0.1591,7,7,7,7.0,0.0,0.0,0.8812908992306927,0.0
000768,2007-07,0.06280000000000001,7,8,7,7.333333333333333,0.4714045207910317,0.0005056809102375145,0.8812908992306927,0.4714045207910317
000768,2007-10,-0.0036,7,8,7,7.333333333333333,0.4714045207910317,0.0005056809102375145,0.8812908992306927,0.4714045207910317
000768,2008-01,-0.0471,7,7,7,7.0,0.0,0.0,0.8812908992306927,0.0
000768,2008-04,-0.0297,3,3,6,4.0,1.4142135623730951,0.014362591564146779,0.8812908992306927,1.4142135623730951
000768,2008-07,-0.2554,4,3,4,3.6666666666666665,0.4714045207910317,0.0021766561578771704,0.9709505944546686,0.4714045207910317
000768,2008-10,0.1416,4,3,4,3.6666666666666665,0.4714045207910317,0.0021766561578771704,0.9709505944546686,0.4714045207910317
000768,2009-01,0.2913,7,6,4,5.666666666666667,1.247219128924647,0.006454904945298079,0.8812908992306927,1.247219128924647
000768,2009-04,0.1073,8,8,6,7.333333333333333,0.9428090415820634,0.0021766561578771704,0.7219280948873623,0.9428090415820634
000768,2009-07,0.0535,6,7,7,6.666666666666667,0.4714045207910317,0.0006420713965977487,0.9709505944546686,0.4714045207910317
000768,2009-10,0.1865,4,5,7,5.333333333333333,1.247219128924647,0.006684370996497373,0.9709505944546686,1.247219128924647
000768,2010-01,0.09820000000000001,6,8,7,7.0,0.816496580927726,0.0017108958982558105,0.9709505944546686,0.816496580927726
000768,2010-04,-0.0882,4,4,7,5.0,1.4142135623730951,0.009292928204941,0.9709505944546686,1.4142135623730951
000768,2010-07,0.0339,4,3,5,4.0,0.816496580927726,0.00530599861166309,0.9709505944546686,0.816496580927726
000768,2010-10,-0.0667,7,6,6,6.333333333333333,0.4714045207910317,0.0006758874784616383,0.8812908992306927,0.4714045207910317
000768,2011-01,0.1489,4,6,6,5.333333333333333,0.9428090415820634,0.004212595043515672,0.9709505944546686,0.9428090415820634
000768,2011-04,-0.045700000000000005,4,4,6,4.666666666666667,0.9428090415820634,0.004817302157272868,0.9709505944546686,0.9428090415820634
000768,2011-07,-0.0943,7,6,6,6.333333333333333,0.4714045207910317,0.0006758874784616383,0.8812908992306927,0.4714045207910317
000768,2011-10,-0.0092,4,4,5,4.333333333333333,0.4714045207910317,0.0014294885616036141,0.9709505944546686,0.4714045207910317
000768,2012-01,0.1725,4,3,4,3.6666666666666665,0.4714045207910317,0.0021766561578771704,0.9709505944546686,0.4714045207910317
000768,2012-04,-0.0095,5,4,5,4.666666666666667,0.4714045207910317,0.0013272465907683984,1.0,0.4714045207910317
000768,2012-07,-0.0361,5,6,6,5.666666666666667,0.4714045207910317,0.0008932948130031191,1.0,0.4714045207910317
000768,2012-10,-0.06509999999999999,6,6,6,6.0,0.0,0.0,0.9709505944546686,0.0
000768,2013-01,-0.0087,8,8,7,7.666666666666667,0.4714045207910317,0.000483684145855568,0.7219280948873623,0.4714045207910317
000768,2013-04,0.2379,6,6,7,6.333333333333333,0.4714045207910317,0.0006758874784615638,0.9709505944546686,0.4714045207910317
000768,2013-07,0.0403,4,4,6,4.666666666666667,0.9428090415820634,0.004817302157272868,0.9709505944546686,0.9428090415820634
000768,2013-10,0.2115,6,6,7,6.333333333333333,0.4714045207910317,0.0006758874784615638,0.9709505944546686,0.4714045207910317
000768,2014-01,-0.0828,4,5,7,5.333333333333333,1.247219128924647,0.006684370996497373,0.9709505944546686,1.247219128924647
000768,2014-04,0.0926,4,4,5,4.333333333333333,0.4714045207910317,0.0014294885616036141,0.9709505944546686,0.4714045207910317
000768,2014-07,0.0964,8,7,7,7.333333333333333,0.4714045207910317,0.0005056809102375145,0.7219280948873623,0.4714045207910317
000768,2014-10,-0.056900000000000006,7,8,8,7.666666666666667,0.4714045207910317,0.000483684145855568,0.8812908992306927,0.4714045207910317
000768,2015-01,0.10310000000000001,8,8,7,7.666666666666667,0.4714045207910317,0.000483684145855568,0.7219280948873623,0.4714045207910317
000768,2015-04,0.16329999999999997,7,7,8,7.333333333333333,0.4714045207910317,0.0005056809102375145,0.8812908992306927,0.4714045207910317
000768,2015-07,-0.2194,8,8,7,7.666666666666667,0.4714045207910317,0.000483684145855568,0.7219280948873623,0.4714045207910317
000768,2015-10,-0.15689999999999998,3,3,6,4.0,1.4142135623730951,0.014362591564146779,0.8812908992306927,1.4142135623730951
000768,2016-01,-0.0691,6,4,6,5.333333333333333,0.9428090415820634,0.004212595043515672,0.9709505944546686,0.9428090415820634
000768,2016-04,-0.0048,6,6,4,5.333333333333333,0.9428090415820634,0.004212595043515672,0.9709505944546686,0.9428090415820634
000768,2016-07,0.0765,7,6,4,5.666666666666667,1.247219128924647,0.006454904945298079,0.8812908992306927,1.247219128924647
000768,2016-10,-0.0042,5,6,6,5.666666666666667,0.4714045207910317,0.0008932948130031191,1.0,0.4714045207910317
000768,2017-01,-0.0158,6,6,6,6.0,0.0,0.0,0.9709505944546686,0.0
000768,2017-04,-0.2884,7,7,7,7.0,0.0,0.0,0.8812908992306927,0.0
000768,2017-07,0.0443,6,6,5,5.666666666666667,0.4714045207910317,0.0008932948130031191,0.9709505944546686,0.4714045207910317
000768,2017-10,-0.0591,6,5,6,5.666666666666667,0.4714045207910317,0.0008932948130031191,0.9709505944546686,0.4714045207910317
000768,2018-01,-0.061,5,4,6,5.0,0.816496580927726,0.0033729266193250444,1.0,0.816496580927726
000768,2018-04,-0.1476,7,6,5,6.0,0.816496580927726,0.002333803387527431,0.8812908992306927,0.816496580927726
000768,2018-07,-0.0876,5,4,6,5.0,0.816496580927726,0.0033729266193250444,1.0,0.816496580927726
000768,2018-10,0.013500000000000002,6,6,6,6.0,0.0,0.0,0.9709505944546686,0.0
000768,2019-01,0.17679999999999998,4,4,5,4.333333333333333,0.4714045207910317,0.0014294885616036141,0.9709505944546686,0.4714045207910317
000768,2019-04,-0.014499999999999999,7,7,6,6.666666666666667,0.4714045207910317,0.000642071396597733,0.8812908992306927,0.4714045207910317
000768,2019-07,-0.0246,5,7,6,6.0,0.816496580927726,0.002333803387527431,1.0,0.816496580927726
000768,2019-10,0.061799999999999994,5,4,6,5.0,0.816496580927726,0.0033729266193250444,1.0,0.816496580927726
000768,2020-01,0.0231,6,6,7,6.333333333333333,0.4714045207910317,0.0006758874784615638,0.9709505944546686,0.4714045207910317
000768,2020-04,-0.024700000000000003,5,5,6,5.333333333333333,0.4714045207910317,0.0009491787649267315,1.0,0.4714045207910317
000768,2020-07,0.0215,7,7,7,7.0,0.0,0.0,0.8812908992306927,0.0
000768,2020-10,0.2926,6,7,7,6.666666666666667,0.4714045207910317,0.0006420713965977487,0.9709505944546686,0.4714045207910317
000768,2021-01,0.018000000000000002,8,8,7,7.666666666666667,0.4714045207910317,0.000483684145855568,0.7219280948873623,0.4714045207910317
000768,2021-04,0.1643,3,4,6,4.333333333333333,1.247219128924647,0.01013672725206552,0.8812908992306927,1.247219128924647
000768,2021-07,0.0394,6,4,7,5.666666666666667,1.247219128924647,0.006454904945298079,0.9709505944546686,1.247219128924647
000768,2021-10,0.2966,6,7,7,6.666666666666667,0.4714045207910317,0.0006420713965977487,0.9709505944546686,0.4714045207910317
000768,2022-01,0.1576,6,6,6,6.0,0.0,0.0,0.9709505944546686,0.0
000768,2022-04,0.1979,4,4,6,4.666666666666667,0.9428090415820634,0.004817302157272868,0.9709505944546686,0.9428090415820634
000768,2022-07,-0.1041,7,6,6,6.333333333333333,0.4714045207910317,0.0006758874784616383,0.8812908992306927,0.4714045207910317
000768,2022-10,-0.0167,4,4,6,4.666666666666667,0.9428090415820634,0.004817302157272868,0.9709505944546686,0.9428090415820634
000768,2023-01,-0.0215,5,4,6,5.0,0.816496580927726,0.0033729266193250444,1.0,0.816496580927726
000768,2023-04,-0.0403,6,4,6,5.333333333333333,0.9428090415820634,0.004212595043515672,0.9709505944546686,0.9428090415820634
000768,2023-07,-0.0928,7,7,6,6.666666666666667,0.4714045207910317,0.000642071396597733,0.8812908992306927,0.4714045207910317
000768,2023-10,-0.0172,4,4,6,4.666666666666667,0.9428090415820634,0.004817302157272868,0.9709505944546686,0.9428090415820634
000768,2024-01,0.0808,6,5,6,5.666666666666667,0.4714045207910317,0.0008932948130031191,0.9709505944546686,0.4714045207910317
000768,2024-04,0.0837,6,6,6,6.0,0.0,0.0,0.9709505944546686,0.0
000768,2024-07,-0.0622,7,6,6,6.333333333333333,0.4714045207910317,0.0006758874784616383,0.8812908992306927,0.4714045207910317
000768,2024-10,-0.057800000000000004,7,8,7,7.333333333333333,0.4714045207910317,0.0005056809102375145,0.8812908992306927,0.4714045207910317
000786,2005-01,0.0346,5,5,6,5.333333333333333,0.4714045207910317,0.0009491787649267315,1.0,0.4714045207910317
000786,2005-04,-0.0179,5,5,6,5.333333333333333,0.4714045207910317,0.0009491787649267315,1.0,0.4714045207910317
000786,2005-07,0.0484,6,5,6,5.666666666666667,0.4714045207910317,0.0008932948130031191,0.9709505944546686,0.4714045207910317
000786,2005-10,-0.028399999999999998,6,6,6,6.0,0.0,0.0,0.9709505944546686,0.0
000786,2006-01,-0.029500000000000002,6,7,7,6.666666666666667,0.4714045207910317,0.0006420713965977487,0.9709505944546686,0.4714045207910317
000786,2006-04,0.1295,6,6,7,6.333333333333333,0.4714045207910317,0.0006758874784615638,0.9709505944546686,0.4714045207910317
000786,2006-07,-0.005699999999999999,6,7,7,6.666666666666667,0.4714045207910317,0.0006420713965977487,0.9709505944546686,0.4714045207910317
000786,2006-10,0.0452,6,7,7,6.666666666666667,0.4714045207910317,0.0006420713965977487,0.9709505944546686,0.4714045207910317
000786,2007-01,0.16269999999999998,5,4,6,5.0,0.816496580927726,0.0033729266193250444,1.0,0.816496580927726
000786,2007-04,12.214300000000001,7,7,7,7.0,0.0,0.0,0.8812908992306927,0.0
000786,2007-07,5.1667,1,1,2,1.3333333333333333,0.4714045207910317,0.014362591564146779,0.4689955935892812,0.4714045207910317
000786,2007-10,-0.7726999999999999,4,2,1,2.3333333333333335,1.247219128924647,0.03635797646202721,0.9709505944546686,1.247219128924647
000786,2008-01,4.5556,4,3,1,2.6666666666666665,1.247219128924647,0.03356831678879539,0.9709505944546686,1.247219128924647
000786,2008-04,-0.5714,2,2,2,2.0,0.0,0.0,0.7219280948873623,0.0
000786,2008-07,-0.9464,1,1,2,1.3333333333333333,0.4714045207910317,0.014362591564146779,0.4689955935892812,0.4714045207910317
000786,2008-10,0.145,2,2,2,2.0,0.0,0.0,0.7219280948873623,0.0
000786,2009-01,0.0825,4,3,3,3.3333333333333335,0.4714045207910317,0.0023948438453058845,0.9709505944546686,0.4714045207910317
000786,2009-04,-1.1667,7,8,3,6.0,2.160246899469287,0.019209548095934934,0.8812908992306927,2.160246899469287
000786,2009-07,-0.825,3,4,3,3.3333333333333335,0.4714045207910317,0.0023948438453058845,0.8812908992306927,0.4714045207910317
000786,2009-10,0.2713,2,1,1,1.3333333333333333,0.4714045207910317,0.014362591564146779,0.7219280948873623,0.4714045207910317
000786,2010-01,0.34659999999999996,6,3,2,3.6666666666666665,1.699673171197595,0.02575266944219168,0.9709505944546686,1.699673171197595
000786,2010-04,-0.5172,6,6,3,5.0,1.4142135623730951,0.011456875501600412,0.9709505944546686,1.4142135623730951
000786,2010-07,-0.3212,4,6,3,4.333333333333333,1.247219128924647,0.010136727252065516,0.9709505944546686,1.247219128924647
000786,2010-10,0.2925,5,3,4,4.0,0.816496580927726,0.00530599861166309,1.0,0.816496580927726
000786,2011-01,2.0597,6,6,5,5.666666666666667,0.4714045207910317,0.0008932948130031191,0.9709505944546686,0.4714045207910317
000786,2011-04,-0.2889,7,7,4,6.0,1.4142135623730951,0.007732062599348774,0.8812908992306927,1.4142135623730951
000786,2011-07,-0.24670000000000003,7,7,6,6.666666666666667,0.4714045207910317,0.000642071396597733,0.8812908992306927,0.4714045207910317
000786,2011-10,-0.6028,3,2,4,3.0,0.816496580927726,0.00957506104276447,0.8812908992306927,0.816496580927726
000786,2012-01,3.36,1,2,3,2.0,0.816496580927726,0.02254805037907019,0.4689955935892812,0.816496580927726
000786,2012-04,0.237,3,6,3,4.0,1.4142135623730951,0.014362591564146779,0.8812908992306927,1.4142135623730951
000786,2012-07,-0.475,4,2,3,3.0,0.816496580927726,0.00957506104276447,0.9709505944546686,0.816496580927726
000786,2012-10,0.1268,7,7,4,6.0,1.4142135623730951,0.007732062599348774,0.8812908992306927,1.4142135623730951
000786,2013-01,-0.0176,6,7,3,5.333333333333333,1.699673171197595,0.014489122970023622,0.9709505944546686,1.699673171197595
000786,2013-04,0.5375,4,6,7,5.666666666666667,1.247219128924647,0.006454904945298079,0.9709505944546686,1.247219128924647
000786,2013-07,0.1125,5,4,6,5.0,0.816496580927726,0.0033729266193250444,1.0,0.816496580927726
000786,2013-10,0.0371,4,5,6,5.0,0.816496580927726,0.0033729266193250444,0.9709505944546686,0.816496580927726
000786,2014-01,-0.0583,6,4,6,5.333333333333333,0.9428090415820634,0.004212595043515672,0.9709505944546686,0.9428090415820634
000786,2014-04,-0.11560000000000001,6,6,5,5.666666666666667,0.4714045207910317,0.0008932948130031191,0.9709505944546686,0.4714045207910317
000786,2014-07,0.1984,4,3,5,4.0,0.816496580927726,0.00530599861166309,0.9709505944546686,0.816496580927726
000786,2014-10,0.3243,6,7,7,6.666666666666667,0.4714045207910317,0.0006420713965977487,0.9709505944546686,0.4714045207910317
000786,2015-01,-0.0717,7,8,7,7.333333333333333,0.4714045207910317,0.0005056809102375145,0.8812908992306927,0.4714045207910317
000786,2015-04,-0.35509999999999997,6,8,7,7.0,0.816496580927726,0.0017108958982558105,0.9709505944546686,0.816496580927726
000786,2015-10,-0.1757,7,8,7,7.333333333333333,0.4714045207910317,0.0005056809102375145,0.8812908992306927,0.4714045207910317
000786,2016-01,-0.1918,4,4,6,4.666666666666667,0.9428090415820634,0.004817302157272868,0.9709505944546686,0.9428090415820634
000786,2016-04,-0.029500000000000002,6,5,5,5.333333333333333,0.4714045207910317,0.0009491787649267315,0.9709505944546686,0.4714045207910317
000786,2016-07,0.1024,6,5,5,5.333333333333333,0.4714045207910317,0.0009491787649267315,0.9709505944546686,0.4714045207910317
000786,2016-10,0.0535,7,8,5,6.666666666666667,1.247219128924647,0.004605278650825295,0.8812908992306927,1.247219128924647
000786,2017-01,0.124,4,6,6,5.333333333333333,0.9428090415820634,0.004212595043515672,0.9709505944546686,0.9428090415820634
000786,2017-04,-0.1406,7,7,7,7.0,0.0,0.0,0.8812908992306927,0.0
000786,2017-07,0.1384,7,8,7,7.333333333333333,0.4714045207910317,0.0005056809102375145,0.8812908992306927,0.4714045207910317
000786,2017-10,-0.0058,6,7,7,6.666666666666667,0.4714045207910317,0.0006420713965977487,0.9709505944546686,0.4714045207910317
000786,2018-01,-0.0508,7,7,7,7.0,0.0,0.0,0.8812908992306927,0.0
000786,2018-04,-0.08810000000000001,6,8,7,7.0,0.816496580927726,0.0017108958982558105,0.9709505944546686,0.816496580927726
000786,2018-07,-0.1524,4,4,6,4.666666666666667,0.9428090415820634,0.004817302157272868,0.9709505944546686,0.9428090415820634
000786,2018-10,0.13949999999999999,4,4,6,4.666666666666667,0.9428090415820634,0.004817302157272868,0.9709505944546686,0.9428090415820634
000786,2019-01,0.2412,4,4,4,4.0,0.0,0.0,0.9709505944546686,0.0
000786,2019-04,-0.0059,7,7,6,6.666666666666667,0.4714045207910317,0.000642071396597733,0.8812908992306927,0.4714045207910317
000786,2019-07,0.015300000000000001,5,7,6,6.0,0.816496580927726,0.002333803387527431,1.0,0.816496580927726
000786,2019-10,0.2169,5,5,7,5.666666666666667,0.9428090415820634,0.0032941013770045433,1.0,0.9428090415820634
000786,2020-01,-0.024900000000000002,7,8,7,7.333333333333333,0.4714045207910317,0.0005056809102375145,0.8812908992306927,0.4714045207910317
000786,2020-04,-0.10779999999999999,4,6,7,5.666666666666667,1.247219128924647,0.006454904945298079,0.9709505944546686,1.247219128924647
000786,2020-07,0.0726,4,4,7,5.0,1.4142135623730951,0.009292928204941,0.9709505944546686,1.4142135623730951
000786,2020-10,0.1436,6,6,7,6.333333333333333,0.4714045207910317,0.0006758874784615638,0.9709505944546686,0.4714045207910317
000786,2021-01,-0.058600000000000006,7,7,7,7.0,0.0,0.0,0.8812908992306927,0.0
000786,2021-04,-0.0038,5,6,7,6.0,0.816496580927726,0.002333803387527431,1.0,0.816496580927726
000786,2021-07,0.022099999999999998,4,4,7,5.0,1.4142135623730951,0.009292928204941,0.9709505944546686,1.4142135623730951
000786,2021-10,-0.063,4,4,6,4.666666666666667,0.9428090415820634,0.004817302157272868,0.9709505944546686,0.9428090415820634
000786,2022-01,-0.0849,7,7,6,6.666666666666667,0.4714045207910317,0.000642071396597733,0.8812908992306927,0.4714045207910317
000786,2022-04,-0.005,5,6,6,5.666666666666667,0.4714045207910317,0.0008932948130031191,1.0,0.4714045207910317
000786,2022-07,-0.0935,7,7,6,6.666666666666667,0.4714045207910317,0.000642071396597733,0.8812908992306927,0.4714045207910317
000786,2022-10,0.3667,4,4,5,4.333333333333333,0.4714045207910317,0.0014294885616036141,0.9709505944546686,0.4714045207910317
000786,2023-01,0.0588,6,4,5,5.0,0.816496580927726,0.0033729266193250444,0.9709505944546686,0.816496580927726
000786,2023-04,-0.1568,5,6,6,5.666666666666667,0.4714045207910317,0.0008932948130031191,1.0,0.4714045207910317
000786,2023-07,0.059000000000000004,6,6,5,5.666666666666667,0.4714045207910317,0.0008932948130031191,0.9709505944546686,0.4714045207910317
000786,2023-10,-0.0496,7,6,7,6.666666666666667,0.4714045207910317,0.0006420713965977487,0.8812908992306927,0.4714045207910317
000786,2024-01,0.0552,4,5,6,5.0,0.816496580927726,0.0033729266193250444,0.9709505944546686,0.816496580927726
000786,2024-04,-0.0138,7,6,7,6.666666666666667,0.4714045207910317,0.0006420713965977487,0.8812908992306927,0.4714045207910317
000786,2024-07,-0.006,6,6,7,6.333333333333333,0.4714045207910317,0.0006758874784615638,0.9709505944546686,0.4714045207910317
000786,2024-10,-0.0862,7,8,6,7.0,0.816496580927726,0.001710895898255767,0.8812908992306927,0.816496580927726
000792,2005-01,0.319,5,4,5,4.666666666666667,0.4714045207910317,0.0013272465907683984,1.0,0.4714045207910317
000792,2005-04,-0.3754,7,6,5,6.0,0.816496580927726,0.002333803387527431,0.8812908992306927,0.816496580927726
000792,2005-07,0.21559999999999999,7,8,5,6.666666666666667,1.247219128924647,0.004605278650825295,0.8812908992306927,1.247219128924647
000792,2005-10,-0.15869999999999998,7,8,4,6.333333333333333,1.699673171197595,0.009987340665783205,0.8812908992306927,1.699673171197595
000792,2006-01,-0.048499999999999995,7,7,6,6.666666666666667,0.4714045207910317,0.000642071396597733,0.8812908992306927,0.4714045207910317
000792,2006-04,0.5412,6,7,7,6.666666666666667,0.4714045207910317,0.0006420713965977487,0.9709505944546686,0.4714045207910317
000792,2006-07,0.0679,7,7,7,7.0,0.0,0.0,0.8812908992306927,0.0
000792,2006-10,0.2582,5,6,7,6.0,0.816496580927726,0.002333803387527431,1.0,0.816496580927726
000792,2007-01,-0.030699999999999998,7,6,7,6.666666666666667,0.4714045207910317,0.0006420713965977487,0.8812908992306927,0.4714045207910317
000792,2007-04,0.1582,7,7,7,7.0,0.0,0.0,0.8812908992306927,0.0
000792,2007-07,0.2057,7,8,7,7.333333333333333,0.4714045207910317,0.0005056809102375145,0.8812908992306927,0.4714045207910317
000792,2007-10,-0.20850000000000002,6,8,7,7.0,0.816496580927726,0.0017108958982558105,0.9709505944546686,0.816496580927726
000792,2008-01,-0.0078000000000000005,7,7,6,6.666666666666667,0.4714045207910317,0.000642071396597733,0.8812908992306927,0.4714045207910317
000792,2008-04,0.0215,6,6,7,6.333333333333333,0.4714045207910317,0.0006758874784615638,0.9709505944546686,0.4714045207910317
000792,2009-01,0.2622,3,3,6,4.0,1.4142135623730951,0.014362591564146779,0.8812908992306927,1.4142135623730951
000792,2009-04,-0.0944,6,6,4,5.333333333333333,0.9428090415820634,0.004212595043515672,0.9709505944546686,0.9428090415820634
000792,2009-07,-0.1374,6,6,5,5.666666666666667,0.4714045207910317,0.0008932948130031191,0.9709505944546686,0.4714045207910317
000792,2009-10,0.1917,4,4,4,4.0,0.0,0.0,0.9709505944546686,0.0
000792,2010-01,0.0086,6,5,6,5.666666666666667,0.4714045207910317,0.0008932948130031191,0.9709505944546686,0.4714045207910317
000792,2010-04,-0.0199,4,5,6,5.0,0.816496580927726,0.0033729266193250444,0.9709505944546686,0.816496580927726
000792,2010-07,0.32780000000000004,4,4,4,4.0,0.0,0.0,0.9709505944546686,0.0
000792,2010-10,-0.1458,7,7,6,6.666666666666667,0.4714045207910317,0.000642071396597733,0.8812908992306927,0.4714045207910317
000792,2011-01,0.034,6,8,6,6.666666666666667,0.9428090415820634,0.0023948438453058845,0.9709505944546686,0.9428090415820634
000792,2011-04,0.0006,4,4,6,4.666666666666667,0.9428090415820634,0.004817302157272868,0.9709505944546686,0.9428090415820634
000792,2011-07,-0.0496,6,6,7,6.333333333333333,0.4714045207910317,0.0006758874784615638,0.9709505944546686,0.4714045207910317
000792,2011-10,-0.0475,4,3,4,3.6666666666666665,0.4714045207910317,0.0021766561578771704,0.9709505944546686,0.4714045207910317
000792,2012-01,0.1549,4,3,4,3.6666666666666665,0.4714045207910317,0.0021766561578771704,0.9709505944546686,0.4714045207910317
000792,2012-04,-0.0638,4,4,4,4.0,0.0,0.0,0.9709505944546686,0.0
000792,2012-07,-0.0716,6,7,4,5.666666666666667,1.247219128924647,0.006454904945298079,0.9709505944546686,1.247219128924647
000792,2012-10,-0.0852,4,4,4,4.0,0.0,0.0,0.9709505944546686,0.0
000792,2013-01,-0.0138,6,6,5,5.666666666666667,0.4714045207910317,0.0008932948130031191,0.9709505944546686,0.4714045207910317
000792,2013-04,-0.0365,6,6,6,6.0,0.0,0.0,0.9709505944546686,0.0
000792,2013-07,0.109,3,3,4,3.3333333333333335,0.4714045207910317,0.0023948438453058845,0.8812908992306927,0.4714045207910317
000792,2013-10,0.0672,6,4,4,4.666666666666667,0.9428090415820634,0.004817302157272943,0.9709505944546686,0.9428090415820634
000792,2014-01,0.0040999999999999995,4,4,5,4.333333333333333,0.4714045207910317,0.0014294885616036141,0.9709505944546686,0.4714045207910317
000792,2014-04,0.09939999999999999,4,4,4,4.0,0.0,0.0,0.9709505944546686,0.0
000792,2014-07,0.0978,6,4,6,5.333333333333333,0.9428090415820634,0.004212595043515672,0.9709505944546686,0.9428090415820634
000792,2014-10,0.1616,6,7,6,6.333333333333333,0.4714045207910317,0.0006758874784616383,0.9709505944546686,0.4714045207910317
000792,2015-01,-0.0174,6,7,7,6.666666666666667,0.4714045207910317,0.0006420713965977487,0.9709505944546686,0.4714045207910317
000792,2015-04,0.0652,7,8,7,7.333333333333333,0.4714045207910317,0.0005056809102375145,0.8812908992306927,0.4714045207910317
000792,2015-07,-0.1117,5,6,7,6.0,0.816496580927726,0.002333803387527431,1.0,0.816496580927726
000792,2015-10,0.1589,4,3,4,3.6666666666666665,0.4714045207910317,0.0021766561578771704,0.9709505944546686,0.4714045207910317
000792,2016-01,-0.1261,7,6,6,6.333333333333333,0.4714045207910317,0.0006758874784616383,0.8812908992306927,0.4714045207910317
000792,2016-04,0.052199999999999996,6,7,4,5.666666666666667,1.247219128924647,0.006454904945298079,0.9709505944546686,1.247219128924647
000792,2016-07,0.015,6,6,5,5.666666666666667,0.4714045207910317,0.0008932948130031191,0.9709505944546686,0.4714045207910317
000792,2016-10,0.073,4,4,6,4.666666666666667,0.9428090415820634,0.004817302157272868,0.9709505944546686,0.9428090415820634
000792,2017-01,0.0016,5,4,6,5.0,0.816496580927726,0.0033729266193250444,1.0,0.816496580927726
000792,2017-04,-0.11789999999999999,5,5,6,5.333333333333333,0.4714045207910317,0.0009491787649267315,1.0,0.4714045207910317
000792,2017-07,0.0043,6,6,5,5.666666666666667,0.4714045207910317,0.0008932948130031191,0.9709505944546686,0.4714045207910317
000792,2017-10,-0.1108,7,7,7,7.0,0.0,0.0,0.8812908992306927,0.0
000792,2018-01,-0.0038,5,6,6,5.666666666666667,0.4714045207910317,0.0008932948130031191,1.0,0.4714045207910317
000792,2018-04,0.008199999999999999,4,4,6,4.666666666666667,0.9428090415820634,0.004817302157272868,0.9709505944546686,0.9428090415820634
000792,2018-07,-0.0506,4,4,6,4.666666666666667,0.9428090415820634,0.004817302157272868,0.9709505944546686,0.9428090415820634
000792,2018-10,0.0947,5,5,4,4.666666666666667,0.4714045207910317,0.0013272465907683984,1.0,0.4714045207910317
000792,2019-01,0.2267,4,3,4,3.6666666666666665,0.4714045207910317,0.0021766561578771704,0.9709505944546686,0.4714045207910317
000792,2019-04,0.06509999999999999,5,4,4,4.333333333333333,0.4714045207910317,0.0014294885616036141,1.0,0.4714045207910317
000792,2019-07,0.0848,4,4,4,4.0,0.0,0.0,0.9709505944546686,0.0
000792,2019-10,0.009399999999999999,7,7,5,6.333333333333333,0.9428090415820634,0.002946330098012255,0.8812908992306927,0.9428090415820634
000792,2020-01,0.1274,6,7,7,6.666666666666667,0.4714045207910317,0.0006420713965977487,0.9709505944546686,0.4714045207910317
000792,2020-04,3.5033999999999996,5,6,7,6.0,0.816496580927726,0.002333803387527431,1.0,0.816496580927726
000792,2021-10,-0.0124,4,6,6,5.333333333333333,0.9428090415820634,0.004212595043515672,0.9709505944546686,0.9428090415820634
000792,2022-01,0.1576,7,7,6,6.666666666666667,0.4714045207910317,0.000642071396597733,0.8812908992306927,0.4714045207910317
000792,2022-04,0.08990000000000001,4,4,7,5.0,1.4142135623730951,0.009292928204941,0.9709505944546686,1.4142135623730951
000792,2022-07,-0.042699999999999995,5,4,7,5.333333333333333,1.247219128924647,0.006684370996497373,1.0,1.247219128924647
000792,2022-10,0.1757,4,4,5,4.333333333333333,0.4714045207910317,0.0014294885616036141,0.9709505944546686,0.4714045207910317
000792,2023-01,-0.0092,4,4,4,4.0,0.0,0.0,0.9709505944546686,0.0
000792,2023-04,-0.07980000000000001,5,4,5,4.666666666666667,0.4714045207910317,0.0013272465907683984,1.0,0.4714045207910317
000792,2023-07,-0.105,5,5,4,4.666666666666667,0.4714045207910317,0.0013272465907683984,1.0,0.4714045207910317
000792,2023-10,-0.0638,5,4,4,4.333333333333333,0.4714045207910317,0.0014294885616036141,1.0,0.4714045207910317
000792,2024-01,0.12619999999999998,5,5,5,5.0,0.0,0.0,1.0,0.0
000792,2024-04,0.042199999999999994,6,4,5,5.0,0.816496580927726,0.0033729266193250444,0.9709505944546686,0.816496580927726
000792,2024-07,-0.058600000000000006,6,6,6,6.0,0.0,0.0,0.9709505944546686,0.0
000792,2024-10,-0.0045000000000000005,7,7,6,6.666666666666667,0.4714045207910317,0.000642071396597733,0.8812908992306927,0.4714045207910317
000807,2005-01,0.1778,4,4,5,4.333333333333333,0.4714045207910317,0.0014294885616036141,0.9709505944546686,0.4714045207910317
000807,2005-04,-0.08449999999999999,4,4,6,4.666666666666667,0.9428090415820634,0.004817302157272868,0.9709505944546686,0.9428090415820634
000807,2005-07,0.23170000000000002,4,3,4,3.6666666666666665,0.4714045207910317,0.0021766561578771704,0.9709505944546686,0.4714045207910317
000807,2005-10,0.026699999999999998,6,6,5,5.666666666666667,0.4714045207910317,0.0008932948130031191,0.9709505944546686,0.4714045207910317
000807,2006-01,-0.56,6,7,4,5.666666666666667,1.247219128924647,0.006454904945298079,0.9709505944546686,1.247219128924647
000807,2006-04,-0.5052,3,3,6,4.0,1.4142135623730951,0.014362591564146779,0.8812908992306927,1.4142135623730951
000807,2006-07,0.48719999999999997,4,4,4,4.0,0.0,0.0,0.9709505944546686,0.0
000807,2006-10,0.16899999999999998,6,5,4,5.0,0.816496580927726,0.0033729266193250444,0.9709505944546686,0.816496580927726
000807,2007-01,0.3383,6,7,3,5.333333333333333,1.699673171197595,0.014489122970023622,0.9709505944546686,1.699673171197595
000807,2007-04,0.0182,7,6,3,5.333333333333333,1.699673171197595,0.014489122970023622,0.8812908992306927,1.699673171197595
000807,2007-07,0.5643,6,6,3,5.0,1.4142135623730951,0.011456875501600412,0.9709505944546686,1.4142135623730951
000807,2007-10,-0.3256,7,7,2,5.333333333333333,2.357022603955158,0.03162528845271663,0.8812908992306927,2.357022603955158
000807,2008-01,-0.0132,6,7,6,6.333333333333333,0.4714045207910317,0.0006758874784616383,0.9709505944546686,0.4714045207910317
000807,2008-04,-0.0858,3,3,6,4.0,1.4142135623730951,0.014362591564146779,0.8812908992306927,1.4142135623730951
000807,2008-07,-0.35119999999999996,3,3,4,3.3333333333333335,0.4714045207910317,0.0023948438453058845,0.8812908992306927,0.4714045207910317
000807,2008-10,0.3791,3,3,3,3.0,0.0,0.0,0.8812908992306927,0.0
000807,2009-01,0.16920000000000002,4,3,3,3.3333333333333335,0.4714045207910317,0.0023948438453058845,0.9709505944546686,0.4714045207910317
000807,2009-04,0.0287,7,7,4,6.0,1.4142135623730951,0.007732062599348774,0.8812908992306927,1.4142135623730951
000807,2009-07,-0.3395,7,7,6,6.666666666666667,0.4714045207910317,0.000642071396597733,0.8812908992306927,0.4714045207910317
000807,2009-10,0.051699999999999996,6,6,6,6.0,0.0,0.0,0.9709505944546686,0.0
000807,2010-01,0.0245,6,6,6,6.0,0.0,0.0,0.9709505944546686,0.0
000807,2010-04,-0.1778,4,6,7,5.666666666666667,1.247219128924647,0.006454904945298079,0.9709505944546686,1.247219128924647
000807,2010-07,-0.0017000000000000001,4,3,4,3.6666666666666665,0.4714045207910317,0.0021766561578771704,0.9709505944546686,0.4714045207910317
000807,2010-10,-0.1082,7,5,5,5.666666666666667,0.9428090415820634,0.0032941013770045433,0.8812908992306927,0.9428090415820634
000807,2011-01,0.2452,6,7,5,6.0,0.816496580927726,0.002333803387527431,0.9709505944546686,0.816496580927726
000807,2011-04,-0.193,6,6,6,6.0,0.0,0.0,0.9709505944546686,0.0
000807,2011-07,-0.1444,4,4,6,4.666666666666667,0.9428090415820634,0.004817302157272868,0.9709505944546686,0.9428090415820634
000807,2011-10,-0.0765,4,3,5,4.0,0.816496580927726,0.00530599861166309,0.9709505944546686,0.816496580927726
000807,2012-01,0.16269999999999998,3,3,4,3.3333333333333335,0.4714045207910317,0.0023948438453058845,0.8812908992306927,0.4714045207910317
000807,2012-04,-0.009399999999999999,5,4,4,4.333333333333333,0.4714045207910317,0.0014294885616036141,1.0,0.4714045207910317
000807,2012-07,0.0248,5,6,5,5.333333333333333,0.4714045207910317,0.0009491787649267315,1.0,0.4714045207910317
000807,2012-10,-0.1108,5,5,4,4.666666666666667,0.4714045207910317,0.0013272465907683984,1.0,0.4714045207910317
000807,2013-01,0.0467,7,6,6,6.333333333333333,0.4714045207910317,0.0006758874784616383,0.8812908992306927,0.4714045207910317
000807,2013-04,0.030600000000000002,4,4,5,4.333333333333333,0.4714045207910317,0.0014294885616036141,0.9709505944546686,0.4714045207910317
000807,2013-07,0.1211,3,3,4,3.3333333333333335,0.4714045207910317,0.0023948438453058845,0.8812908992306927,0.4714045207910317
000807,2013-10,-0.0453,7,6,4,5.666666666666667,1.247219128924647,0.006454904945298079,0.8812908992306927,1.247219128924647
000807,2014-01,0.042300000000000004,4,4,4,4.0,0.0,0.0,0.9709505944546686,0.0
000807,2014-04,0.7744,5,4,4,4.333333333333333,0.4714045207910317,0.0014294885616036141,1.0,0.4714045207910317
000807,2014-07,0.0087,4,4,4,4.0,0.0,0.0,0.9709505944546686,0.0
000807,2014-10,0.1732,6,7,7,6.666666666666667,0.4714045207910317,0.0006420713965977487,0.9709505944546686,0.4714045207910317
000807,2015-01,0.2351,6,6,6,6.0,0.0,0.0,0.9709505944546686,0.0
000807,2015-04,-0.0359,7,7,6,6.666666666666667,0.4714045207910317,0.000642071396597733,0.8812908992306927,0.4714045207910317
000807,2015-07,-0.2065,4,6,6,5.333333333333333,0.9428090415820634,0.004212595043515672,0.9709505944546686,0.9428090415820634
000807,2015-10,0.22190000000000001,3,3,4,3.3333333333333335,0.4714045207910317,0.0023948438453058845,0.8812908992306927,0.4714045207910317
000807,2016-01,0.47729999999999995,7,6,6,6.333333333333333,0.4714045207910317,0.0006758874784616383,0.8812908992306927,0.4714045207910317
000807,2016-04,-0.2704,6,7,5,6.0,0.816496580927726,0.002333803387527431,0.9709505944546686,0.816496580927726
000807,2016-07,0.0175,6,6,4,5.333333333333333,0.9428090415820634,0.004212595043515672,0.9709505944546686,0.9428090415820634
000807,2016-10,0.0493,4,4,6,4.666666666666667,0.9428090415820634,0.004817302157272868,0.9709505944546686,0.9428090415820634
000807,2017-01,0.105,4,4,5,4.333333333333333,0.4714045207910317,0.0014294885616036141,0.9709505944546686,0.4714045207910317
000807,2017-04,-0.284,6,6,6,6.0,0.0,0.0,0.9709505944546686,0.0
000807,2017-07,0.4617,7,7,6,6.666666666666667,0.4714045207910317,0.000642071396597733,0.8812908992306927,0.4714045207910317
000807,2017-10,-0.2284,6,7,6,6.333333333333333,0.4714045207910317,0.0006758874784616383,0.9709505944546686,0.4714045207910317
000807,2018-01,-0.135,5,7,6,6.0,0.816496580927726,0.002333803387527431,1.0,0.816496580927726
000807,2018-04,-0.19649999999999998,4,3,5,4.0,0.816496580927726,0.00530599861166309,0.9709505944546686,0.816496580927726
000807,2018-07,-0.016399999999999998,4,3,4,3.6666666666666665,0.4714045207910317,0.0021766561578771704,0.9709505944546686,0.4714045207910317
000807,2018-10,-0.058600000000000006,5,4,4,4.333333333333333,0.4714045207910317,0.0014294885616036141,1.0,0.4714045207910317
000807,2019-01,0.46090000000000003,4,4,4,4.0,0.0,0.0,0.9709505944546686,0.0
000807,2019-04,-0.1097,7,6,4,5.666666666666667,1.247219128924647,0.006454904945298079,0.8812908992306927,1.247219128924647
000807,2019-07,0.10619999999999999,4,6,5,5.0,0.816496580927726,0.0033729266193250444,0.9709505944546686,0.816496580927726
000807,2019-10,0.019,4,4,5,4.333333333333333,0.4714045207910317,0.0014294885616036141,0.9709505944546686,0.4714045207910317
000807,2020-01,-0.1375,7,7,7,7.0,0.0,0.0,0.8812908992306927,0.0
000807,2020-04,0.0,4,4,4,4.0,0.0,0.0,0.9709505944546686,0.0
000807,2020-07,-0.1207,7,6,5,6.0,0.816496580927726,0.002333803387527431,0.8812908992306927,0.816496580927726
000807,2020-10,0.9296,4,5,6,5.0,0.816496580927726,0.0033729266193250444,0.9709505944546686,0.816496580927726
000807,2021-01,0.3165,6,6,6,6.0,0.0,0.0,0.9709505944546686,0.0
000807,2021-04,0.1376,6,6,6,6.0,0.0,0.0,0.9709505944546686,0.0
000807,2021-07,0.2581,5,6,7,6.0,0.816496580927726,0.002333803387527431,1.0,0.816496580927726
000807,2021-10,-0.11259999999999999,5,6,7,6.0,0.816496580927726,0.002333803387527431,1.0,0.816496580927726
000807,2022-01,0.3787,5,6,6,5.666666666666667,0.4714045207910317,0.0008932948130031191,1.0,0.4714045207910317
000807,2022-04,0.1121,6,4,6,5.333333333333333,0.9428090415820634,0.004212595043515672,0.9709505944546686,0.9428090415820634
000807,2022-07,0.005600000000000001,4,4,4,4.0,0.0,0.0,0.9709505944546686,0.0
000807,2022-10,0.1826,4,4,4,4.0,0.0,0.0,0.9709505944546686,0.0
000807,2023-01,-0.0089,6,7,5,6.0,0.816496580927726,0.002333803387527431,0.9709505944546686,0.816496580927726
000807,2023-04,-0.1618,6,7,6,6.333333333333333,0.4714045207910317,0.0006758874784616383,0.9709505944546686,0.4714045207910317
000807,2023-07,-0.0288,6,7,6,6.333333333333333,0.4714045207910317,0.0006758874784616383,0.9709505944546686,0.4714045207910317
000807,2023-10,-0.081,6,6,7,6.333333333333333,0.4714045207910317,0.0006758874784615638,0.9709505944546686,0.4714045207910317
000807,2024-01,0.0902,4,4,6,4.666666666666667,0.9428090415820634,0.004817302157272868,0.9709505944546686,0.9428090415820634
000807,2024-04,0.0045000000000000005,7,6,5,6.0,0.816496580927726,0.002333803387527431,0.8812908992306927,0.816496580927726
000807,2024-07,0.0009,5,6,6,5.666666666666667,0.4714045207910317,0.0008932948130031191,1.0,0.4714045207910317
000807,2024-10,-0.0444,7,7,6,6.666666666666667,0.4714045207910317,0.000642071396597733,0.8812908992306927,0.4714045207910317
000858,2005-01,0.0075,5,5,6,5.333333333333333,0.4714045207910317,0.0009491787649267315,1.0,0.4714045207910317
000858,2005-04,-0.012199999999999999,6,5,6,5.666666666666667,0.4714045207910317,0.0008932948130031191,0.9709505944546686,0.4714045207910317
000858,2005-07,-0.004699999999999999,6,6,6,6.0,0.0,0.0,0.9709505944546686,0.0
000858,2005-10,0.0011,5,6,6,5.666666666666667,0.4714045207910317,0.0008932948130031191,1.0,0.4714045207910317
000858,2006-01,-0.0305,6,5,6,5.666666666666667,0.4714045207910317,0.0008932948130031191,0.9709505944546686,0.4714045207910317
000858,2006-04,0.06860000000000001,6,4,6,5.333333333333333,0.9428090415820634,0.004212595043515672,0.9709505944546686,0.9428090415820634
000858,2006-07,-0.0141,7,8,8,7.666666666666667,0.4714045207910317,0.000483684145855568,0.8812908992306927,0.4714045207910317
000858,2006-10,0.1278,6,7,7,6.666666666666667,0.4714045207910317,0.0006420713965977487,0.9709505944546686,0.4714045207910317
000858,2007-01,-0.0212,7,8,7,7.333333333333333,0.4714045207910317,0.0005056809102375145,0.8812908992306927,0.4714045207910317
000858,2007-04,0.6504000000000001,7,7,8,7.333333333333333,0.4714045207910317,0.0005056809102375145,0.8812908992306927,0.4714045207910317
000858,2007-07,3.6713999999999998,3,7,6,5.333333333333333,1.699673171197595,0.014489122970023622,0.8812908992306927,1.699673171197595
000858,2007-10,-0.7868,1,1,1,1.0,0.0,0.0,0.4689955935892812,0.0
000858,2008-01,-0.28859999999999997,2,1,2,1.6666666666666667,0.4714045207910317,0.011456875501600412,0.7219280948873623,0.4714045207910317
000858,2008-04,-1.4885,1,1,1,1.0,0.0,0.0,0.4689955935892812,0.0
000858,2008-07,-0.17010000000000003,2,2,1,1.6666666666666667,0.4714045207910317,0.011456875501600412,0.7219280948873623,0.4714045207910317
000858,2008-10,0.1617,4,3,3,3.3333333333333335,0.4714045207910317,0.0023948438453058845,0.9709505944546686,0.4714045207910317
000858,2009-01,0.0471,4,3,3,3.3333333333333335,0.4714045207910317,0.0023948438453058845,0.9709505944546686,0.4714045207910317
000858,2009-04,0.0076,7,6,4,5.666666666666667,1.247219128924647,0.006454904945298079,0.8812908992306927,1.247219128924647
000858,2009-07,-0.2213,7,8,6,7.0,0.816496580927726,0.001710895898255767,0.8812908992306927,0.816496580927726
000858,2009-10,0.6071,4,6,6,5.333333333333333,0.9428090415820634,0.004212595043515672,0.9709505944546686,0.9428090415820634
000858,2010-01,-0.36619999999999997,3,3,6,4.0,1.4142135623730951,0.014362591564146779,0.8812908992306927,1.4142135623730951
000858,2010-04,-0.2119,3,2,1,2.0,0.816496580927726,0.022548050379070088,0.8812908992306927,0.816496580927726
000858,2010-07,0.8955,3,2,2,2.3333333333333335,0.4714045207910317,0.004817302157272943,0.8812908992306927,0.4714045207910317
000858,2010-10,0.6088,1,1,3,1.6666666666666667,0.9428090415820634,0.036160391661783364,0.4689955935892812,0.9428090415820634
000858,2011-01,0.1791,4,3,3,3.3333333333333335,0.4714045207910317,0.0023948438453058845,0.9709505944546686,0.4714045207910317
000858,2011-04,0.4304,1,2,2,1.6666666666666667,0.4714045207910317,0.011456875501600412,0.4689955935892812,0.4714045207910317
000858,2011-07,0.3922,1,2,1,1.3333333333333333,0.4714045207910317,0.014362591564146779,0.4689955935892812,0.4714045207910317
000858,2011-10,0.1746,4,3,3,3.3333333333333335,0.4714045207910317,0.0023948438453058845,0.9709505944546686,0.4714045207910317
000858,2012-01,29.5455,2,2,3,2.3333333333333335,0.4714045207910317,0.004817302157272868,0.7219280948873623,0.4714045207910317
000858,2012-04,-0.7674,3,2,2,2.3333333333333335,0.4714045207910317,0.004817302157272943,0.8812908992306927,0.4714045207910317
000858,2012-07,-0.6713,7,3,3,4.333333333333333,1.8856180831641267,0.021556318259027013,0.8812908992306927,1.8856180831641267
000858,2012-10,-2.9865,7,3,4,4.666666666666667,1.699673171197595,0.01582838201775807,0.8812908992306927,1.699673171197595
000858,2013-01,-0.18030000000000002,3,3,1,2.3333333333333335,0.9428090415820634,0.025559141193383414,0.8812908992306927,0.9428090415820634
000858,2013-04,0.1909,2,2,2,2.0,0.0,0.0,0.7219280948873623,0.0
000858,2013-07,0.0361,3,2,4,3.0,0.816496580927726,0.00957506104276447,0.8812908992306927,0.816496580927726
000858,2013-10,0.0308,4,3,4,3.6666666666666665,0.4714045207910317,0.0021766561578771704,0.9709505944546686,0.4714045207910317
000858,2014-01,0.0395,4,4,3,3.6666666666666665,0.4714045207910317,0.0021766561578771704,0.9709505944546686,0.4714045207910317
000858,2014-04,-0.0632,7,6,6,6.333333333333333,0.4714045207910317,0.0006758874784616383,0.8812908992306927,0.4714045207910317
000858,2014-07,-0.0629,7,7,6,6.666666666666667,0.4714045207910317,0.000642071396597733,0.8812908992306927,0.4714045207910317
000858,2014-10,0.0336,6,7,7,6.666666666666667,0.4714045207910317,0.0006420713965977487,0.9709505944546686,0.4714045207910317
000858,2015-01,-0.10679999999999999,8,8,7,7.666666666666667,0.4714045207910317,0.000483684145855568,0.7219280948873623,0.4714045207910317
000858,2015-04,0.191,8,8,7,7.666666666666667,0.4714045207910317,0.000483684145855568,0.7219280948873623,0.4714045207910317
000858,2015-07,-0.4789,2,2,3,2.3333333333333335,0.4714045207910317,0.004817302157272868,0.7219280948873623,0.4714045207910317
000858,2016-01,-0.21350000000000002,3,2,1,2.0,0.816496580927726,0.022548050379070088,0.8812908992306927,0.816496580927726
000858,2016-04,1.8522999999999998,3,7,3,4.333333333333333,1.8856180831641267,0.021556318259027013,0.8812908992306927,1.8856180831641267
000858,2016-07,-0.1638,1,1,1,1.0,0.0,0.0,0.4689955935892812,0.0
000858,2016-10,0.1462,6,4,2,4.0,1.632993161855452,0.022548050379070088,0.9709505944546686,1.632993161855452
000858,2017-01,0.3005,5,6,3,4.666666666666667,1.247219128924647,0.0097112135713919,1.0,1.247219128924647
000858,2017-04,0.19269999999999998,7,7,2,5.333333333333333,2.357022603955158,0.03162528845271663,0.8812908992306927,2.357022603955158
000858,2017-07,-0.0096,7,7,1,5.0,2.8284271247461903,0.05968032599346371,0.8812908992306927,2.8284271247461903
000858,2017-10,-0.026099999999999998,7,8,2,5.666666666666667,2.6246692913372702,0.03482957969649631,0.8812908992306927,2.6246692913372702
000858,2018-01,-0.1778,7,7,3,5.666666666666667,1.8856180831641267,0.01639998447673846,0.8812908992306927,1.8856180831641267
000858,2018-04,0.2723,4,6,7,5.666666666666667,1.247219128924647,0.006454904945298079,0.9709505944546686,1.247219128924647
000858,2018-07,-0.2235,6,4,7,5.666666666666667,1.247219128924647,0.006454904945298079,0.9709505944546686,1.247219128924647
000858,2018-10,0.19390000000000002,6,7,7,6.666666666666667,0.4714045207910317,0.0006420713965977487,0.9709505944546686,0.4714045207910317
000858,2019-01,0.3292,4,4,4,4.0,0.0,0.0,0.9709505944546686,0.0
000858,2019-04,-0.0146,7,8,8,7.666666666666667,0.4714045207910317,0.000483684145855568,0.8812908992306927,0.4714045207910317
000858,2019-07,0.2163,7,7,8,7.333333333333333,0.4714045207910317,0.0005056809102375145,0.8812908992306927,0.4714045207910317
000858,2019-10,-0.0421,6,6,7,6.333333333333333,0.4714045207910317,0.0006758874784615638,0.9709505944546686,0.4714045207910317
000858,2020-01,-0.0547,7,7,7,7.0,0.0,0.0,0.8812908992306927,0.0
000858,2020-04,0.1118,4,4,7,5.0,1.4142135623730951,0.009292928204941,0.9709505944546686,1.4142135623730951
000858,2020-07,0.1153,7,8,7,7.333333333333333,0.4714045207910317,0.0005056809102375145,0.8812908992306927,0.4714045207910317
000858,2020-10,0.0435,6,7,8,7.0,0.816496580927726,0.0017108958982558105,0.9709505944546686,0.816496580927726
000858,2021-01,-0.0414,8,8,7,7.666666666666667,0.4714045207910317,0.000483684145855568,0.7219280948873623,0.4714045207910317
000858,2021-04,0.11470000000000001,5,7,7,6.333333333333333,0.9428090415820634,0.002946330098012255,1.0,0.9428090415820634
000858,2021-07,-0.09480000000000001,6,6,8,6.666666666666667,0.9428090415820634,0.0023948438453058845,0.9709505944546686,0.9428090415820634
000858,2021-10,0.0076,6,6,6,6.0,0.0,0.0,0.9709505944546686,0.0
000858,2022-01,-0.046900000000000004,6,5,6,5.666666666666667,0.4714045207910317,0.0008932948130031191,0.9709505944546686,0.4714045207910317
000858,2022-04,0.06509999999999999,4,3,5,4.0,0.816496580927726,0.00530599861166309,0.9709505944546686,0.816496580927726
000858,2022-07,-0.0694,7,6,6,6.333333333333333,0.4714045207910317,0.0006758874784616383,0.8812908992306927,0.4714045207910317
000858,2022-10,0.20010000000000003,5,7,6,6.0,0.816496580927726,0.002333803387527431,1.0,0.816496580927726
000858,2023-01,-0.023799999999999998,7,6,6,6.333333333333333,0.4714045207910317,0.0006758874784616383,0.8812908992306927,0.4714045207910317
000858,2023-04,-0.051399999999999994,6,7,7,6.666666666666667,0.4714045207910317,0.0006420713965977487,0.9709505944546686,0.4714045207910317
000858,2023-07,-0.1493,6,6,6,6.0,0.0,0.0,0.9709505944546686,0.0
000858,2023-10,-0.0479,5,4,6,5.0,0.816496580927726,0.0033729266193250444,1.0,0.816496580927726
000858,2024-01,0.1408,4,4,6,4.666666666666667,0.9428090415820634,0.004817302157272868,0.9709505944546686,0.9428090415820634
000858,2024-04,-0.0271,7,7,6,6.666666666666667,0.4714045207910317,0.000642071396597733,0.8812908992306927,0.4714045207910317
000858,2024-07,-0.0323,4,4,6,4.666666666666667,0.9428090415820634,0.004817302157272868,0.9709505944546686,0.9428090415820634
000858,2024-10,-0.0004,8,8,7,7.666666666666667,0.4714045207910317,0.000483684145855568,0.7219280948873623,0.4714045207910317
000876,2005-01,0.5263,4,4,6,4.666666666666667,0.9428090415820634,0.004817302157272868,0.9709505944546686,0.9428090415820634
000876,2005-04,-0.2571,2,2,6,3.3333333333333335,1.8856180831641267,0.036160391661783364,0.7219280948873623,1.8856180831641267
000876,2005-07,0.7097,6,4,4,4.666666666666667,0.9428090415820634,0.004817302157272943,0.9709505944546686,0.9428090415820634
000876,2005-10,-0.2045,2,2,3,2.3333333333333335,0.4714045207910317,0.004817302157272868,0.7219280948873623,0.4714045207910317
000876,2006-04,13.0,6,4,3,4.333333333333333,1.247219128924647,0.010136727252065516,0.9709505944546686,1.247219128924647
000876,2006-07,0.125,1,2,3,2.0,0.816496580927726,0.02254805037907019,0.4689955935892812,0.816496580927726
000876,2006-10,1.4516,6,2,4,4.0,1.632993161855452,0.02254805037907019,0.9709505944546686,1.632993161855452
000876,2007-01,0.3333,3,3,1,2.3333333333333335,0.9428090415820634,0.025559141193383414,0.8812908992306927,0.9428090415820634
000876,2007-04,-0.12789999999999999,7,6,1,4.666666666666667,2.6246692913372702,0.0573442002443696,0.8812908992306927,2.6246692913372702
000876,2007-07,0.3176,4,6,4,4.666666666666667,0.9428090415820634,0.004817302157272943,0.9709505944546686,0.9428090415820634
000876,2007-10,-0.1883,5,6,3,4.666666666666667,1.247219128924647,0.0097112135713919,1.0,1.247219128924647
000876,2008-01,0.1264,7,7,6,6.666666666666667,0.4714045207910317,0.000642071396597733,0.8812908992306927,0.4714045207910317
000876,2008-04,-0.1484,3,3,5,3.6666666666666665,0.9428090415820634,0.00771594541165983,0.8812908992306927,0.9428090415820634
000876,2008-07,-0.3601,3,2,4,3.0,0.816496580927726,0.00957506104276447,0.8812908992306927,0.816496580927726
000876,2008-10,0.2871,6,3,4,4.333333333333333,1.247219128924647,0.010136727252065516,0.9709505944546686,1.247219128924647
000876,2009-01,0.1923,4,4,3,3.6666666666666665,0.4714045207910317,0.0021766561578771704,0.9709505944546686,0.4714045207910317
000876,2009-04,0.061200000000000004,7,7,4,6.0,1.4142135623730951,0.007732062599348774,0.8812908992306927,1.4142135623730951
000876,2009-07,-0.1519,7,7,7,7.0,0.0,0.0,0.8812908992306927,0.0
000876,2009-10,0.2234,6,6,7,6.333333333333333,0.4714045207910317,0.0006758874784615638,0.9709505944546686,0.4714045207910317
000876,2010-01,-0.0118,7,7,6,6.666666666666667,0.4714045207910317,0.000642071396597733,0.8812908992306927,0.4714045207910317
000876,2010-04,-0.1942,4,6,6,5.333333333333333,0.9428090415820634,0.004212595043515672,0.9709505944546686,0.9428090415820634
000876,2010-07,1.5543,3,3,4,3.3333333333333335,0.4714045207910317,0.0023948438453058845,0.8812908992306927,0.4714045207910317
000876,2010-10,-0.062,6,7,6,6.333333333333333,0.4714045207910317,0.0006758874784616383,0.9709505944546686,0.4714045207910317
000876,2011-01,0.08220000000000001,6,7,7,6.666666666666667,0.4714045207910317,0.0006420713965977487,0.9709505944546686,0.4714045207910317
000876,2011-04,0.061900000000000004,4,4,7,5.0,1.4142135623730951,0.009292928204941,0.9709505944546686,1.4142135623730951
000876,2011-07,0.0096,7,6,6,6.333333333333333,0.4714045207910317,0.0006758874784616383,0.8812908992306927,0.4714045207910317
000876,2011-10,0.036000000000000004,4,6,6,5.333333333333333,0.9428090415820634,0.004212595043515672,0.9709505944546686,0.9428090415820634
000876,2012-01,0.0745,4,3,4,3.6666666666666665,0.4714045207910317,0.0021766561578771704,0.9709505944546686,0.4714045207910317
000876,2012-04,-0.0329,4,3,5,4.0,0.816496580927726,0.00530599861166309,0.9709505944546686,0.816496580927726
000876,2012-07,-0.1588,4,4,4,4.0,0.0,0.0,0.9709505944546686,0.0
000876,2012-10,-0.1549,4,3,4,3.6666666666666665,0.4714045207910317,0.0021766561578771704,0.9709505944546686,0.4714045207910317
000876,2013-01,0.0036,7,6,4,5.666666666666667,1.247219128924647,0.006454904945298079,0.8812908992306927,1.247219128924647
000876,2013-04,0.1945,4,3,5,4.0,0.816496580927726,0.00530599861166309,0.9709505944546686,0.816496580927726
000876,2013-07,0.20489999999999997,3,3,4,3.3333333333333335,0.4714045207910317,0.0023948438453058845,0.8812908992306927,0.4714045207910317
000876,2013-10,0.1258,7,6,4,5.666666666666667,1.247219128924647,0.006454904945298079,0.8812908992306927,1.247219128924647
000876,2014-01,-0.0533,6,7,6,6.333333333333333,0.4714045207910317,0.0006758874784616383,0.9709505944546686,0.4714045207910317
000876,2014-04,0.0022,5,6,5,5.333333333333333,0.4714045207910317,0.0009491787649267315,1.0,0.4714045207910317
000876,2014-07,0.046799999999999994,5,4,6,5.0,0.816496580927726,0.0033729266193250444,1.0,0.816496580927726
000876,2014-10,0.08039999999999999,6,6,6,6.0,0.0,0.0,0.9709505944546686,0.0
000876,2015-01,0.0392,5,6,5,5.333333333333333,0.4714045207910317,0.0009491787649267315,1.0,0.4714045207910317
000876,2015-04,-0.025,7,7,6,6.666666666666667,0.4714045207910317,0.000642071396597733,0.8812908992306927,0.4714045207910317
000876,2015-07,0.047599999999999996,4,6,6,5.333333333333333,0.9428090415820634,0.004212595043515672,0.9709505944546686,0.9428090415820634
000876,2016-04,0.038900000000000004,3,3,5,3.6666666666666665,0.9428090415820634,0.00771594541165983,0.8812908992306927,0.9428090415820634
000876,2016-07,-0.0026,6,4,6,5.333333333333333,0.9428090415820634,0.004212595043515672,0.9709505944546686,0.9428090415820634
000876,2016-10,0.0564,4,5,5,4.666666666666667,0.4714045207910317,0.0013272465907683984,0.9709505944546686,0.4714045207910317
000876,2017-01,0.0181,4,4,5,4.333333333333333,0.4714045207910317,0.0014294885616036141,0.9709505944546686,0.4714045207910317
000876,2017-04,-0.0232,5,4,6,5.0,0.816496580927726,0.0033729266193250444,1.0,0.816496580927726
000876,2017-07,-0.0349,6,6,4,5.333333333333333,0.9428090415820634,0.004212595043515672,0.9709505944546686,0.9428090415820634
000876,2017-10,0.0298,4,4,5,4.333333333333333,0.4714045207910317,0.0014294885616036141,0.9709505944546686,0.4714045207910317
000876,2018-01,-0.0941,5,4,5,4.666666666666667,0.4714045207910317,0.0013272465907683984,1.0,0.4714045207910317
000876,2018-04,-0.0073,4,4,5,4.333333333333333,0.4714045207910317,0.0014294885616036141,0.9709505944546686,0.4714045207910317
000876,2018-07,-0.0728,4,4,4,4.0,0.0,0.0,0.9709505944546686,0.0
000876,2018-10,0.193,5,4,4,4.333333333333333,0.4714045207910317,0.0014294885616036141,1.0,0.4714045207910317
000876,2019-01,0.3419,7,6,5,6.0,0.816496580927726,0.002333803387527431,0.8812908992306927,0.816496580927726
000876,2019-04,0.1923,7,7,6,6.666666666666667,0.4714045207910317,0.000642071396597733,0.8812908992306927,0.4714045207910317
000876,2019-07,0.0083,5,6,6,5.666666666666667,0.4714045207910317,0.0008932948130031191,1.0,0.4714045207910317
000876,2019-10,-0.0681,4,5,6,5.0,0.816496580927726,0.0033729266193250444,0.9709505944546686,0.816496580927726
000876,2020-01,0.3372,6,6,6,6.0,0.0,0.0,0.9709505944546686,0.0
000876,2020-04,-0.1491,7,7,6,6.666666666666667,0.4714045207910317,0.000642071396597733,0.8812908992306927,0.4714045207910317
000876,2020-07,0.1686,6,7,7,6.666666666666667,0.4714045207910317,0.0006420713965977487,0.9709505944546686,0.4714045207910317
000876,2020-10,-0.0339,4,3,6,4.333333333333333,1.247219128924647,0.01013672725206552,0.9709505944546686,1.247219128924647
000876,2021-01,0.1382,4,4,5,4.333333333333333,0.4714045207910317,0.0014294885616036141,0.9709505944546686,0.4714045207910317
000876,2021-04,-0.0837,4,3,4,3.6666666666666665,0.4714045207910317,0.0021766561578771704,0.9709505944546686,0.4714045207910317
000876,2021-07,-0.041299999999999996,4,4,4,4.0,0.0,0.0,0.9709505944546686,0.0
000876,2021-10,-0.0014000000000000002,6,6,4,5.333333333333333,0.9428090415820634,0.004212595043515672,0.9709505944546686,0.9428090415820634
000876,2022-01,-0.044800000000000006,6,6,4,5.333333333333333,0.9428090415820634,0.004212595043515672,0.9709505944546686,0.9428090415820634
000876,2022-04,0.0178,6,7,4,5.666666666666667,1.247219128924647,0.006454904945298079,0.9709505944546686,1.247219128924647
000876,2022-07,-0.012,6,6,6,6.0,0.0,0.0,0.9709505944546686,0.0
000876,2022-10,0.0567,4,4,5,4.333333333333333,0.4714045207910317,0.0014294885616036141,0.9709505944546686,0.4714045207910317
000876,2023-01,0.0069,4,4,4,4.0,0.0,0.0,0.9709505944546686,0.0
000876,2023-04,-0.13390000000000002,6,5,4,5.0,0.816496580927726,0.0033729266193250444,0.9709505944546686,0.816496580927726
000876,2023-07,-0.0673,5,5,4,4.666666666666667,0.4714045207910317,0.0013272465907683984,1.0,0.4714045207910317
000876,2023-10,-0.0158,4,4,4,4.0,0.0,0.0,0.9709505944546686,0.0
000876,2024-01,0.08470000000000001,4,4,4,4.0,0.0,0.0,0.9709505944546686,0.0
000876,2024-04,0.12359999999999999,6,6,4,5.333333333333333,0.9428090415820634,0.004212595043515672,0.9709505944546686,0.9428090415820634
000876,2024-07,-0.0487,4,4,5,4.333333333333333,0.4714045207910317,0.0014294885616036141,0.9709505944546686,0.4714045207910317
000876,2024-10,-0.0286,7,7,5,6.333333333333333,0.9428090415820634,0.002946330098012255,0.8812908992306927,0.9428090415820634
000977,2005-01,0.039900000000000005,4,4,5,4.333333333333333,0.4714045207910317,0.0014294885616036141,0.9709505944546686,0.4714045207910317
000977,2005-04,0.0286,4,4,5,4.333333333333333,0.4714045207910317,0.0014294885616036141,0.9709505944546686,0.4714045207910317
000977,2005-07,0.042,5,4,5,4.666666666666667,0.4714045207910317,0.0013272465907683984,1.0,0.4714045207910317
000977,2005-10,-0.0111,5,4,5,4.666666666666667,0.4714045207910317,0.0013272465907683984,1.0,0.4714045207910317
000977,2006-01,0.0,4,4,6,4.666666666666667,0.9428090415820634,0.004817302157272868,0.9709505944546686,0.9428090415820634
000977,2006-04,0.0663,4,4,6,4.666666666666667,0.9428090415820634,0.004817302157272868,0.9709505944546686,0.9428090415820634
000977,2006-07,-0.022400000000000003,6,4,6,5.333333333333333,0.9428090415820634,0.004212595043515672,0.9709505944546686,0.9428090415820634
000977,2006-10,-0.0058,5,6,5,5.333333333333333,0.4714045207910317,0.0009491787649267315,1.0,0.4714045207910317
000977,2007-01,0.0333,5,4,6,5.0,0.816496580927726,0.0033729266193250444,1.0,0.816496580927726
000977,2007-04,-0.0229,7,7,6,6.666666666666667,0.4714045207910317,0.000642071396597733,0.8812908992306927,0.4714045207910317
000977,2007-07,0.0374,4,5,6,5.0,0.816496580927726,0.0033729266193250444,0.9709505944546686,0.816496580927726
000977,2007-10,-0.0026,6,6,6,6.0,0.0,0.0,0.9709505944546686,0.0
000977,2008-01,0.0521,6,7,6,6.333333333333333,0.4714045207910317,0.0006758874784616383,0.9709505944546686,0.4714045207910317
000977,2008-04,-0.0177,4,4,6,4.666666666666667,0.9428090415820634,0.004817302157272868,0.9709505944546686,0.9428090415820634
000977,2008-07,-0.0681,4,4,6,4.666666666666667,0.9428090415820634,0.004817302157272868,0.9709505944546686,0.9428090415820634
000977,2008-10,0.028300000000000002,5,4,5,4.666666666666667,0.4714045207910317,0.0013272465907683984,1.0,0.4714045207910317
000977,2009-01,0.0202,5,5,5,5.0,0.0,0.0,1.0,0.0
000977,2009-04,0.0075,7,7,5,6.333333333333333,0.9428090415820634,0.002946330098012255,0.8812908992306927,0.9428090415820634
000977,2009-07,-0.12710000000000002,6,6,6,6.0,0.0,0.0,0.9709505944546686,0.0
000977,2009-10,0.0354,5,6,6,5.666666666666667,0.4714045207910317,0.0008932948130031191,1.0,0.4714045207910317
000977,2010-01,0.0788,6,6,7,6.333333333333333,0.4714045207910317,0.0006758874784615638,0.9709505944546686,0.4714045207910317
000977,2010-04,-0.0458,6,6,7,6.333333333333333,0.4714045207910317,0.0006758874784615638,0.9709505944546686,0.4714045207910317
000977,2010-07,0.0292,4,5,6,5.0,0.816496580927726,0.0033729266193250444,0.9709505944546686,0.816496580927726
000977,2010-10,0.231,6,6,7,6.333333333333333,0.4714045207910317,0.0006758874784615638,0.9709505944546686,0.4714045207910317
000977,2011-01,0.1889,5,6,7,6.0,0.816496580927726,0.002333803387527431,1.0,0.816496580927726
000977,2011-04,0.0697,5,6,6,5.666666666666667,0.4714045207910317,0.0008932948130031191,1.0,0.4714045207910317
000977,2011-07,0.0085,4,4,6,4.666666666666667,0.9428090415820634,0.004817302157272868,0.9709505944546686,0.9428090415820634
000977,2011-10,-0.060599999999999994,4,4,6,4.666666666666667,0.9428090415820634,0.004817302157272868,0.9709505944546686,0.9428090415820634
000977,2012-01,0.058499999999999996,4,4,6,4.666666666666667,0.9428090415820634,0.004817302157272868,0.9709505944546686,0.9428090415820634
000977,2012-04,0.0323,4,4,6,4.666666666666667,0.9428090415820634,0.004817302157272868,0.9709505944546686,0.9428090415820634
000977,2012-07,0.043899999999999995,4,4,6,4.666666666666667,0.9428090415820634,0.004817302157272868,0.9709505944546686,0.9428090415820634
000977,2012-10,-0.073,5,5,6,5.333333333333333,0.4714045207910317,0.0009491787649267315,1.0,0.4714045207910317
000977,2013-01,0.1219,6,6,6,6.0,0.0,0.0,0.9709505944546686,0.0
000977,2013-04,0.2622,6,7,6,6.333333333333333,0.4714045207910317,0.0006758874784616383,0.9709505944546686,0.4714045207910317
000977,2013-07,0.2339,6,6,6,6.0,0.0,0.0,0.9709505944546686,0.0
000977,2013-10,0.08220000000000001,7,7,7,7.0,0.0,0.0,0.8812908992306927,0.0
000977,2014-01,0.1568,4,6,7,5.666666666666667,1.247219128924647,0.006454904945298079,0.9709505944546686,1.247219128924647
000977,2014-04,0.40630000000000005,6,4,7,5.666666666666667,1.247219128924647,0.006454904945298079,0.9709505944546686,1.247219128924647
000977,2014-07,0.0587,7,6,7,6.666666666666667,0.4714045207910317,0.0006420713965977487,0.8812908992306927,0.4714045207910317
000977,2014-10,0.0125,6,7,7,6.666666666666667,0.4714045207910317,0.0006420713965977487,0.9709505944546686,0.4714045207910317
000977,2015-01,0.08900000000000001,5,7,7,6.333333333333333,0.9428090415820634,0.002946330098012255,1.0,0.9428090415820634
000977,2015-04,0.2041,7,7,7,7.0,0.0,0.0,0.8812908992306927,0.0
000977,2015-07,-0.20629999999999998,4,4,6,4.666666666666667,0.9428090415820634,0.004817302157272868,0.9709505944546686,0.9428090415820634
000977,2015-10,-0.0533,6,6,6,6.0,0.0,0.0,0.9709505944546686,0.0
000977,2016-01,-0.0581,6,7,6,6.333333333333333,0.4714045207910317,0.0006758874784616383,0.9709505944546686,0.4714045207910317
000977,2016-04,0.0288,6,7,5,6.0,0.816496580927726,0.002333803387527431,0.9709505944546686,0.816496580927726
000977,2016-07,0.013999999999999999,5,4,5,4.666666666666667,0.4714045207910317,0.0013272465907683984,1.0,0.4714045207910317
000977,2016-10,-0.006999999999999999,6,6,6,6.0,0.0,0.0,0.9709505944546686,0.0
000977,2017-01,0.057300000000000004,4,4,6,4.666666666666667,0.9428090415820634,0.004817302157272868,0.9709505944546686,0.9428090415820634
000977,2017-04,-0.0584,4,4,6,4.666666666666667,0.9428090415820634,0.004817302157272868,0.9709505944546686,0.9428090415820634
000977,2017-07,0.0375,5,4,6,5.0,0.816496580927726,0.0033729266193250444,1.0,0.816496580927726
000977,2017-10,0.056299999999999996,6,7,6,6.333333333333333,0.4714045207910317,0.0006758874784616383,0.9709505944546686,0.4714045207910317
000977,2018-01,0.10529999999999999,6,7,6,6.333333333333333,0.4714045207910317,0.0006758874784616383,0.9709505944546686,0.4714045207910317
000977,2018-04,-0.0453,7,7,6,6.666666666666667,0.4714045207910317,0.000642071396597733,0.8812908992306927,0.4714045207910317
000977,2018-07,0.0383,6,7,7,6.666666666666667,0.4714045207910317,0.0006420713965977487,0.9709505944546686,0.4714045207910317
000977,2018-10,-0.029900000000000003,5,4,7,5.333333333333333,1.247219128924647,0.006684370996497373,1.0,1.247219128924647
000977,2019-01,0.26039999999999996,4,4,5,4.333333333333333,0.4714045207910317,0.0014294885616036141,0.9709505944546686,0.4714045207910317
000977,2019-04,-0.054000000000000006,7,7,6,6.666666666666667,0.4714045207910317,0.000642071396597733,0.8812908992306927,0.4714045207910317
000977,2019-07,0.18710000000000002,4,6,6,5.333333333333333,0.9428090415820634,0.004212595043515672,0.9709505944546686,0.9428090415820634
000977,2019-10,0.1313,6,5,6,5.666666666666667,0.4714045207910317,0.0008932948130031191,0.9709505944546686,0.4714045207910317
000977,2020-01,0.22760000000000002,6,6,7,6.333333333333333,0.4714045207910317,0.0006758874784615638,0.9709505944546686,0.4714045207910317
000977,2020-04,-0.0713,6,7,7,6.666666666666667,0.4714045207910317,0.0006420713965977487,0.9709505944546686,0.4714045207910317
000977,2020-07,-0.05,6,6,7,6.333333333333333,0.4714045207910317,0.0006758874784615638,0.9709505944546686,0.4714045207910317
000977,2020-10,-0.084,4,4,6,4.666666666666667,0.9428090415820634,0.004817302157272868,0.9709505944546686,0.9428090415820634
000977,2021-01,0.21530000000000002,5,4,5,4.666666666666667,0.4714045207910317,0.0013272465907683984,1.0,0.4714045207910317
000977,2021-04,0.08900000000000001,5,4,6,5.0,0.816496580927726,0.0033729266193250444,1.0,0.816496580927726
000977,2021-07,-0.016399999999999998,6,6,6,6.0,0.0,0.0,0.9709505944546686,0.0
000977,2021-10,0.0466,5,5,5,5.0,0.0,0.0,1.0,0.0
000977,2022-01,-0.0253,7,7,7,7.0,0.0,0.0,0.8812908992306927,0.0
000977,2022-04,0.0054,4,4,5,4.333333333333333,0.4714045207910317,0.0014294885616036141,0.9709505944546686,0.4714045207910317
000977,2022-07,-0.0446,6,5,4,5.0,0.816496580927726,0.0033729266193250444,0.9709505944546686,0.816496580927726
000977,2022-10,-0.0364,4,4,5,4.333333333333333,0.4714045207910317,0.0014294885616036141,0.9709505944546686,0.4714045207910317
000977,2023-01,0.6618,6,4,5,5.0,0.816496580927726,0.0033729266193250444,0.9709505944546686,0.816496580927726
000977,2023-04,0.0852,6,6,6,6.0,0.0,0.0,0.9709505944546686,0.0
000977,2023-07,-0.145,6,7,7,6.666666666666667,0.4714045207910317,0.0006420713965977487,0.9709505944546686,0.4714045207910317
000977,2023-10,0.201,4,6,7,5.666666666666667,1.247219128924647,0.006454904945298079,0.9709505944546686,1.247219128924647
000977,2024-01,0.336,4,4,6,4.666666666666667,0.9428090415820634,0.004817302157272868,0.9709505944546686,0.9428090415820634
000977,2024-04,-0.1109,7,7,6,6.666666666666667,0.4714045207910317,0.000642071396597733,0.8812908992306927,0.4714045207910317
000977,2024-07,-0.1317,4,6,5,5.0,0.816496580927726,0.0033729266193250444,0.9709505944546686,0.816496580927726
000977,2024-10,0.0219,7,6,6,6.333333333333333,0.4714045207910317,0.0006758874784616383,0.8812908992306927,0.4714045207910317
000983,2005-01,0.1321,5,4,6,5.0,0.816496580927726,0.0033729266193250444,1.0,0.816496580927726
000983,2005-04,-0.17370000000000002,5,4,5,4.666666666666667,0.4714045207910317,0.0013272465907683984,1.0,0.4714045207910317
000983,2005-07,-0.0246,4,4,5,4.333333333333333,0.4714045207910317,0.0014294885616036141,0.9709505944546686,0.4714045207910317
000983,2005-10,-0.011699999999999999,5,5,5,5.0,0.0,0.0,1.0,0.0
000983,2006-01,0.0647,7,7,6,6.666666666666667,0.4714045207910317,0.000642071396597733,0.8812908992306927,0.4714045207910317
000983,2006-04,0.1417,7,7,6,6.666666666666667,0.4714045207910317,0.000642071396597733,0.8812908992306927,0.4714045207910317
000983,2006-07,0.0259,5,6,7,6.0,0.816496580927726,0.002333803387527431,1.0,0.816496580927726
000983,2006-10,0.0906,4,4,6,4.666666666666667,0.9428090415820634,0.004817302157272868,0.9709505944546686,0.9428090415820634
000983,2007-01,0.6887000000000001,7,7,7,7.0,0.0,0.0,0.8812908992306927,0.0
000983,2007-04,1.2778,2,1,3,2.0,0.816496580927726,0.02254805037907019,0.7219280948873623,0.816496580927726
000983,2007-07,0.2816,3,4,3,3.3333333333333335,0.4714045207910317,0.0023948438453058845,0.8812908992306927,0.4714045207910317
000983,2007-10,-0.1198,6,3,2,3.6666666666666665,1.699673171197595,0.02575266944219168,0.9709505944546686,1.699673171197595
000983,2008-01,-0.1286,6,7,3,5.333333333333333,1.699673171197595,0.014489122970023622,0.9709505944546686,1.699673171197595
000983,2008-04,-0.0038,3,3,4,3.3333333333333335,0.4714045207910317,0.0023948438453058845,0.8812908992306927,0.4714045207910317
000983,2008-07,-0.36229999999999996,6,4,7,5.666666666666667,1.247219128924647,0.006454904945298079,0.9709505944546686,1.247219128924647
000983,2008-10,0.7368000000000001,2,2,3,2.3333333333333335,0.4714045207910317,0.004817302157272868,0.7219280948873623,0.4714045207910317
000983,2009-01,-0.2208,4,4,3,3.6666666666666665,0.4714045207910317,0.0021766561578771704,0.9709505944546686,0.4714045207910317
000983,2009-04,0.26839999999999997,6,7,4,5.666666666666667,1.247219128924647,0.006454904945298079,0.9709505944546686,1.247219128924647
000983,2009-07,-0.3134,7,8,6,7.0,0.816496580927726,0.001710895898255767,0.8812908992306927,0.816496580927726
000983,2009-10,0.1432,6,8,6,6.666666666666667,0.9428090415820634,0.0023948438453058845,0.9709505944546686,0.9428090415820634
000983,2010-01,0.0732,7,6,6,6.333333333333333,0.4714045207910317,0.0006758874784616383,0.8812908992306927,0.4714045207910317
000983,2010-04,-0.1408,6,7,7,6.666666666666667,0.4714045207910317,0.0006420713965977487,0.9709505944546686,0.4714045207910317
000983,2010-07,-0.0403,4,3,4,3.6666666666666665,0.4714045207910317,0.0021766561578771704,0.9709505944546686,0.4714045207910317
000983,2010-10,-0.16329999999999997,6,4,5,5.0,0.816496580927726,0.0033729266193250444,0.9709505944546686,0.816496580927726
000983,2011-01,0.061799999999999994,7,8,5,6.666666666666667,1.247219128924647,0.004605278650825295,0.8812908992306927,1.247219128924647
000983,2011-04,-0.1033,5,6,6,5.666666666666667,0.4714045207910317,0.0008932948130031191,1.0,0.4714045207910317
000983,2011-07,-0.0832,6,6,7,6.333333333333333,0.4714045207910317,0.0006758874784615638,0.9709505944546686,0.4714045207910317
000983,2011-10,-0.09539999999999998,4,4,6,4.666666666666667,0.9428090415820634,0.004817302157272868,0.9709505944546686,0.9428090415820634
000983,2012-01,0.1106,3,3,4,3.3333333333333335,0.4714045207910317,0.0023948438453058845,0.8812908992306927,0.4714045207910317
000983,2012-04,0.0512,4,3,4,3.6666666666666665,0.4714045207910317,0.0021766561578771704,0.9709505944546686,0.4714045207910317
000983,2012-07,-0.1942,4,5,5,4.666666666666667,0.4714045207910317,0.0013272465907683984,0.9709505944546686,0.4714045207910317
000983,2012-10,-0.17579999999999998,6,6,4,5.333333333333333,0.9428090415820634,0.004212595043515672,0.9709505944546686,0.9428090415820634
000983,2013-01,-0.1117,7,6,5,6.0,0.816496580927726,0.002333803387527431,0.8812908992306927,0.816496580927726
000983,2013-04,-0.0066,3,3,4,3.3333333333333335,0.4714045207910317,0.0023948438453058845,0.8812908992306927,0.4714045207910317
000983,2013-07,0.31129999999999997,3,2,3,2.6666666666666665,0.4714045207910317,0.004212595043515672,0.8812908992306927,0.4714045207910317
000983,2013-10,0.0669,5,4,4,4.333333333333333,0.4714045207910317,0.0014294885616036141,1.0,0.4714045207910317
000983,2014-01,-0.3761,4,3,4,3.6666666666666665,0.4714045207910317,0.0021766561578771704,0.9709505944546686,0.4714045207910317
000983,2014-04,0.4103,3,2,3,2.6666666666666665,0.4714045207910317,0.004212595043515672,0.8812908992306927,0.4714045207910317
000983,2014-07,-0.08109999999999999,6,3,3,4.0,1.4142135623730951,0.014362591564146779,0.9709505944546686,1.4142135623730951
000983,2014-10,0.3056,7,7,4,6.0,1.4142135623730951,0.007732062599348774,0.8812908992306927,1.4142135623730951
000983,2015-01,-0.028300000000000002,7,7,7,7.0,0.0,0.0,0.8812908992306927,0.0
000983,2015-04,-0.0955,7,8,6,7.0,0.816496580927726,0.001710895898255767,0.8812908992306927,0.816496580927726
000983,2015-07,-0.3056,7,7,7,7.0,0.0,0.0,0.8812908992306927,0.0
000983,2015-10,0.1613,2,2,4,2.6666666666666665,0.9428090415820634,0.014362591564146779,0.7219280948873623,0.9428090415820634
000983,2016-01,0.32659999999999995,8,4,4,5.333333333333333,1.8856180831641267,0.014362591564146779,0.7219280948873623,1.8856180831641267
000983,2016-04,-0.2922,6,6,5,5.666666666666667,0.4714045207910317,0.0008932948130031191,0.9709505944546686,0.4714045207910317
000983,2016-07,0.2011,7,8,4,6.333333333333333,1.699673171197595,0.009987340665783205,0.8812908992306927,1.699673171197595
000983,2016-10,0.0552,6,6,6,6.0,0.0,0.0,0.9709505944546686,0.0
000983,2017-01,0.1131,4,4,6,4.666666666666667,0.9428090415820634,0.004817302157272868,0.9709505944546686,0.9428090415820634
000983,2017-04,-0.2569,7,6,6,6.333333333333333,0.4714045207910317,0.0006758874784616383,0.8812908992306927,0.4714045207910317
000983,2017-07,0.027000000000000003,6,7,6,6.333333333333333,0.4714045207910317,0.0006758874784616383,0.9709505944546686,0.4714045207910317
000983,2017-10,0.0252,5,5,6,5.333333333333333,0.4714045207910317,0.0009491787649267315,1.0,0.4714045207910317
000983,2018-01,-0.2286,6,7,7,6.666666666666667,0.4714045207910317,0.0006420713965977487,0.9709505944546686,0.4714045207910317
000983,2018-04,-0.0242,3,3,4,3.3333333333333335,0.4714045207910317,0.0023948438453058845,0.8812908992306927,0.4714045207910317
000983,2018-07,-0.11599999999999999,4,3,4,3.6666666666666665,0.4714045207910317,0.0021766561578771704,0.9709505944546686,0.4714045207910317
000983,2018-10,-0.2039,5,4,4,4.333333333333333,0.4714045207910317,0.0014294885616036141,1.0,0.4714045207910317
000983,2019-01,0.8108,3,2,3,2.6666666666666665,0.4714045207910317,0.004212595043515672,0.8812908992306927,0.4714045207910317
000983,2019-04,-0.306,7,4,4,5.0,1.4142135623730951,0.009292928204941,0.8812908992306927,1.4142135623730951
000983,2019-07,-0.13419999999999999,6,8,4,6.0,1.632993161855452,0.009575061042764446,0.9709505944546686,1.632993161855452
000983,2019-10,0.0708,4,5,5,4.666666666666667,0.4714045207910317,0.0013272465907683984,0.9709505944546686,0.4714045207910317
000983,2020-01,-0.3774,7,7,7,7.0,0.0,0.0,0.8812908992306927,0.0
000983,2020-04,0.0732,3,3,4,3.3333333333333335,0.4714045207910317,0.0023948438453058845,0.8812908992306927,0.4714045207910317
000983,2020-07,0.0095,7,6,4,5.666666666666667,1.247219128924647,0.006454904945298079,0.8812908992306927,1.247219128924647
000983,2020-10,0.585,7,8,5,6.666666666666667,1.247219128924647,0.004605278650825295,0.8812908992306927,1.247219128924647
000983,2021-01,0.1265,7,7,7,7.0,0.0,0.0,0.8812908992306927,0.0
000983,2021-04,0.46149999999999997,4,7,6,5.666666666666667,1.247219128924647,0.006454904945298079,0.9709505944546686,1.247219128924647
000983,2021-07,0.4629,6,7,6,6.333333333333333,0.4714045207910317,0.0006758874784616383,0.9709505944546686,0.4714045207910317
000983,2021-10,-0.2039,7,7,7,7.0,0.0,0.0,0.8812908992306927,0.0
000983,2022-01,0.6034,4,6,6,5.333333333333333,0.9428090415820634,0.004212595043515672,0.9709505944546686,0.9428090415820634
000983,2022-04,0.0219,7,7,6,6.666666666666667,0.4714045207910317,0.000642071396597733,0.8812908992306927,0.4714045207910317
000983,2022-07,0.1173,6,6,7,6.333333333333333,0.4714045207910317,0.0006758874784615638,0.9709505944546686,0.4714045207910317
000983,2022-10,0.19390000000000002,7,8,7,7.333333333333333,0.4714045207910317,0.0005056809102375145,0.8812908992306927,0.4714045207910317
000983,2023-01,0.1349,4,4,6,4.666666666666667,0.9428090415820634,0.004817302157272868,0.9709505944546686,0.9428090415820634
000983,2023-04,-0.0524,4,4,6,4.666666666666667,0.9428090415820634,0.004817302157272868,0.9709505944546686,0.9428090415820634
000983,2023-07,-0.09230000000000001,6,6,5,5.666666666666667,0.4714045207910317,0.0008932948130031191,0.9709505944546686,0.4714045207910317
000983,2023-10,0.1438,7,7,5,6.333333333333333,0.9428090415820634,0.002946330098012255,0.8812908992306927,0.9428090415820634
000983,2024-01,0.12300000000000001,6,6,6,6.0,0.0,0.0,0.9709505944546686,0.0
000983,2024-04,0.056100000000000004,5,4,6,5.0,0.816496580927726,0.0033729266193250444,1.0,0.816496580927726
000983,2024-07,-0.0374,4,5,6,5.0,0.816496580927726,0.0033729266193250444,0.9709505944546686,0.816496580927726
000983,2024-10,-0.0113,7,6,6,6.333333333333333,0.4714045207910317,0.0006758874784616383,0.8812908992306927,0.4714045207910317
000999,2005-01,0.0319,5,4,6,5.0,0.816496580927726,0.0033729266193250444,1.0,0.816496580927726
000999,2005-04,0.0349,6,5,6,5.666666666666667,0.4714045207910317,0.0008932948130031191,0.9709505944546686,0.4714045207910317
000999,2005-07,0.07139999999999999,6,6,6,6.0,0.0,0.0,0.9709505944546686,0.0
000999,2005-10,-0.0022,5,5,6,5.333333333333333,0.4714045207910317,0.0009491787649267315,1.0,0.4714045207910317
000999,2006-01,0.0348,6,6,6,6.0,0.0,0.0,0.9709505944546686,0.0
000999,2006-04,0.12240000000000001,6,4,6,5.333333333333333,0.9428090415820634,0.004212595043515672,0.9709505944546686,0.9428090415820634
000999,2006-07,0.07200000000000001,7,8,8,7.666666666666667,0.4714045207910317,0.000483684145855568,0.8812908992306927,0.4714045207910317
000999,2007-01,0.22579999999999997,7,8,8,7.666666666666667,0.4714045207910317,0.000483684145855568,0.8812908992306927,0.4714045207910317
000999,2007-04,0.0161,2,2,2,2.0,0.0,0.0,0.7219280948873623,0.0
000999,2007-07,-0.0124,7,6,3,5.333333333333333,1.699673171197595,0.014489122970023622,0.8812908992306927,1.699673171197595
000999,2007-10,-0.3102,6,7,3,5.333333333333333,1.699673171197595,0.014489122970023622,0.9709505944546686,1.699673171197595
000999,2008-01,0.07980000000000001,7,8,3,6.0,2.160246899469287,0.019209548095934934,0.8812908992306927,2.160246899469287
000999,2008-04,0.213,3,3,6,4.0,1.4142135623730951,0.014362591564146779,0.8812908992306927,1.4142135623730951
000999,2008-07,-0.534,4,3,6,4.333333333333333,1.247219128924647,0.01013672725206552,0.9709505944546686,1.247219128924647
000999,2009-01,-0.09050000000000001,6,6,4,5.333333333333333,0.9428090415820634,0.004212595043515672,0.9709505944546686,0.9428090415820634
000999,2009-04,-0.21899999999999997,7,6,4,5.666666666666667,1.247219128924647,0.006454904945298079,0.8812908992306927,1.247219128924647
000999,2009-07,0.20679999999999998,8,8,6,7.333333333333333,0.9428090415820634,0.0021766561578771704,0.7219280948873623,0.9428090415820634
000999,2009-10,0.1398,7,8,7,7.333333333333333,0.4714045207910317,0.0005056809102375145,0.8812908992306927,0.4714045207910317
000999,2010-01,0.24480000000000002,6,7,8,7.0,0.816496580927726,0.0017108958982558105,0.9709505944546686,0.816496580927726
000999,2010-04,0.1244,7,7,8,7.333333333333333,0.4714045207910317,0.0005056809102375145,0.8812908992306927,0.4714045207910317
000999,2010-07,-0.0155,4,4,7,5.0,1.4142135623730951,0.009292928204941,0.9709505944546686,1.4142135623730951
000999,2010-10,0.1332,8,8,7,7.666666666666667,0.4714045207910317,0.000483684145855568,0.7219280948873623,0.4714045207910317
000999,2011-01,0.15710000000000002,5,6,7,6.0,0.816496580927726,0.002333803387527431,1.0,0.816496580927726
000999,2011-04,-0.11789999999999999,4,4,6,4.666666666666667,0.9428090415820634,0.004817302157272868,0.9709505944546686,0.9428090415820634
000999,2011-07,0.2525,4,3,6,4.333333333333333,1.247219128924647,0.01013672725206552,0.9709505944546686,1.247219128924647
000999,2011-10,0.1066,4,4,6,4.666666666666667,0.9428090415820634,0.004817302157272868,0.9709505944546686,0.9428090415820634
000999,2012-01,0.22699999999999998,4,3,4,3.6666666666666665,0.4714045207910317,0.0021766561578771704,0.9709505944546686,0.4714045207910317
000999,2012-04,0.11449999999999999,5,4,4,4.333333333333333,0.4714045207910317,0.0014294885616036141,1.0,0.4714045207910317
000999,2012-07,0.04,8,8,8,8.0,0.0,0.0,0.7219280948873623,0.0
000999,2012-10,-0.1948,7,8,8,7.666666666666667,0.4714045207910317,0.000483684145855568,0.8812908992306927,0.4714045207910317
000999,2013-01,0.1197,7,8,7,7.333333333333333,0.4714045207910317,0.0005056809102375145,0.8812908992306927,0.4714045207910317
000999,2013-04,0.1361,8,8,7,7.666666666666667,0.4714045207910317,0.000483684145855568,0.7219280948873623,0.4714045207910317
000999,2013-10,0.018600000000000002,5,4,7,5.333333333333333,1.247219128924647,0.006684370996497373,1.0,1.247219128924647
000999,2014-01,-0.0092,6,6,7,6.333333333333333,0.4714045207910317,0.0006758874784615638,0.9709505944546686,0.4714045207910317
000999,2014-04,-0.22719999999999999,4,4,6,4.666666666666667,0.9428090415820634,0.004817302157272868,0.9709505944546686,0.9428090415820634
000999,2014-07,-0.0601,4,3,4,3.6666666666666665,0.4714045207910317,0.0021766561578771704,0.9709505944546686,0.4714045207910317
000999,2014-10,-0.032799999999999996,8,7,6,7.0,0.816496580927726,0.001710895898255767,0.7219280948873623,0.816496580927726
000999,2015-01,0.025099999999999997,7,8,6,7.0,0.816496580927726,0.001710895898255767,0.8812908992306927,0.816496580927726
000999,2015-04,0.171,8,8,8,8.0,0.0,0.0,0.7219280948873623,0.0
000999,2015-07,-0.1959,6,6,8,6.666666666666667,0.9428090415820634,0.0023948438453058845,0.9709505944546686,0.9428090415820634
000999,2015-10,-0.044800000000000006,4,4,6,4.666666666666667,0.9428090415820634,0.004817302157272868,0.9709505944546686,0.9428090415820634
000999,2016-01,-0.0653,7,6,7,6.666666666666667,0.4714045207910317,0.0006420713965977487,0.8812908992306927,0.4714045207910317
000999,2016-04,0.1016,6,7,6,6.333333333333333,0.4714045207910317,0.0006758874784616383,0.9709505944546686,0.4714045207910317
000999,2016-07,-0.0571,7,6,6,6.333333333333333,0.4714045207910317,0.0006758874784616383,0.8812908992306927,0.4714045207910317
000999,2016-10,-0.0326,6,7,7,6.666666666666667,0.4714045207910317,0.0006420713965977487,0.9709505944546686,0.4714045207910317
000999,2017-01,0.0506,5,6,6,5.666666666666667,0.4714045207910317,0.0008932948130031191,1.0,0.4714045207910317
000999,2017-04,0.0928,7,7,7,7.0,0.0,0.0,0.8812908992306927,0.0
000999,2017-07,-0.009300000000000001,7,8,8,7.666666666666667,0.4714045207910317,0.000483684145855568,0.8812908992306927,0.4714045207910317
000999,2017-10,-0.1096,5,6,7,6.0,0.816496580927726,0.002333803387527431,1.0,0.816496580927726
000999,2018-01,-0.0713,6,6,7,6.333333333333333,0.4714045207910317,0.0006758874784615638,0.9709505944546686,0.4714045207910317
000999,2018-04,0.2104,7,7,7,7.0,0.0,0.0,0.8812908992306927,0.0
000999,2018-07,0.055999999999999994,6,6,6,6.0,0.0,0.0,0.9709505944546686,0.0
000999,2018-10,0.0319,5,4,6,5.0,0.816496580927726,0.0033729266193250444,1.0,0.816496580927726
000999,2019-01,0.22089999999999999,6,6,6,6.0,0.0,0.0,0.9709505944546686,0.0
000999,2019-04,-0.09179999999999999,8,8,7,7.666666666666667,0.4714045207910317,0.000483684145855568,0.7219280948873623,0.4714045207910317
000999,2019-07,0.0288,7,8,7,7.333333333333333,0.4714045207910317,0.0005056809102375145,0.8812908992306927,0.4714045207910317
000999,2019-10,-0.0039000000000000003,6,6,8,6.666666666666667,0.9428090415820634,0.0023948438453058845,0.9709505944546686,0.9428090415820634
000999,2020-01,-0.1056,7,8,8,7.666666666666667,0.4714045207910317,0.000483684145855568,0.8812908992306927,0.4714045207910317
000999,2020-04,-0.0929,4,4,6,4.666666666666667,0.9428090415820634,0.004817302157272868,0.9709505944546686,0.9428090415820634
000999,2020-07,-0.078,7,6,6,6.333333333333333,0.4714045207910317,0.0006758874784616383,0.8812908992306927,0.4714045207910317
000999,2020-10,0.0009,4,4,6,4.666666666666667,0.9428090415820634,0.004817302157272868,0.9709505944546686,0.9428090415820634
000999,2021-01,0.0783,5,4,6,5.0,0.816496580927726,0.0033729266193250444,1.0,0.816496580927726
000999,2021-04,0.0603,5,4,6,5.0,0.816496580927726,0.0033729266193250444,1.0,0.816496580927726
000999,2021-07,0.2401,7,7,6,6.666666666666667,0.4714045207910317,0.000642071396597733,0.8812908992306927,0.4714045207910317
000999,2021-10,0.0176,6,7,7,6.666666666666667,0.4714045207910317,0.0006420713965977487,0.9709505944546686,0.4714045207910317
000999,2022-01,0.0407,8,8,7,7.666666666666667,0.4714045207910317,0.000483684145855568,0.7219280948873623,0.4714045207910317
000999,2022-04,0.2334,7,8,8,7.666666666666667,0.4714045207910317,0.000483684145855568,0.8812908992306927,0.4714045207910317
000999,2022-07,0.14029999999999998,6,7,7,6.666666666666667,0.4714045207910317,0.0006420713965977487,0.9709505944546686,0.4714045207910317
000999,2022-10,0.0964,5,4,7,5.333333333333333,1.247219128924647,0.006684370996497373,1.0,1.247219128924647
000999,2023-01,0.055099999999999996,5,4,7,5.333333333333333,1.247219128924647,0.006684370996497373,1.0,1.247219128924647
000999,2023-04,0.12029999999999999,7,8,7,7.333333333333333,0.4714045207910317,0.0005056809102375145,0.8812908992306927,0.4714045207910317
000999,2023-07,-0.0562,6,7,8,7.0,0.816496580927726,0.0017108958982558105,0.9709505944546686,0.816496580927726
000999,2023-10,0.1426,6,6,7,6.333333333333333,0.4714045207910317,0.0006758874784615638,0.9709505944546686,0.4714045207910317
000999,2024-01,0.056799999999999996,6,5,7,6.0,0.816496580927726,0.002333803387527431,0.9709505944546686,0.816496580927726
000999,2024-04,0.016,6,6,6,6.0,0.0,0.0,0.9709505944546686,0.0
000999,2024-07,0.0946,6,6,6,6.0,0.0,0.0,0.9709505944546686,0.0
000999,2024-10,0.026099999999999998,7,8,8,7.666666666666667,0.4714045207910317,0.000483684145855568,0.8812908992306927,0.4714045207910317
002001,2005-01,0.0245,5,5,6,5.333333333333333,0.4714045207910317,0.0009491787649267315,1.0,0.4714045207910317
002001,2005-04,-0.0018,5,5,6,5.333333333333333,0.4714045207910317,0.0009491787649267315,1.0,0.4714045207910317
002001,2005-07,-0.0232,5,5,6,5.333333333333333,0.4714045207910317,0.0009491787649267315,1.0,0.4714045207910317
002001,2005-10,0.009000000000000001,6,5,6,5.666666666666667,0.4714045207910317,0.0008932948130031191,0.9709505944546686,0.4714045207910317
002001,2006-01,-0.0182,6,6,6,6.0,0.0,0.0,0.9709505944546686,0.0
002001,2006-04,0.0236,6,6,7,6.333333333333333,0.4714045207910317,0.0006758874784615638,0.9709505944546686,0.4714045207910317
002001,2006-07,-0.005600000000000001,6,6,7,6.333333333333333,0.4714045207910317,0.0006758874784615638,0.9709505944546686,0.4714045207910317
002001,2006-10,-0.0073,5,5,7,5.666666666666667,0.9428090415820634,0.0032941013770045433,1.0,0.9428090415820634
002001,2007-01,0.026000000000000002,5,4,6,5.0,0.816496580927726,0.0033729266193250444,1.0,0.816496580927726
002001,2007-04,0.0143,7,7,7,7.0,0.0,0.0,0.8812908992306927,0.0
002001,2007-07,0.0434,5,6,7,6.0,0.816496580927726,0.002333803387527431,1.0,0.816496580927726
002001,2007-10,-0.08130000000000001,7,8,7,7.333333333333333,0.4714045207910317,0.0005056809102375145,0.8812908992306927,0.4714045207910317
002001,2008-01,0.7452,7,8,7,7.333333333333333,0.4714045207910317,0.0005056809102375145,0.8812908992306927,0.4714045207910317
002001,2008-04,12.0714,2,2,3,2.3333333333333335,0.4714045207910317,0.004817302157272868,0.7219280948873623,0.4714045207910317
002001,2008-07,0.0,1,3,1,1.6666666666666667,0.9428090415820634,0.036160391661783364,0.4689955935892812,0.9428090415820634
002001,2008-10,-0.009300000000000001,6,2,2,3.3333333333333335,1.8856180831641267,0.036160391661783364,0.9709505944546686,1.8856180831641267
002001,2009-01,0.1592,6,7,6,6.333333333333333,0.4714045207910317,0.0006758874784616383,0.9709505944546686,0.4714045207910317
002001,2009-04,-0.057300000000000004,6,5,3,4.666666666666667,1.247219128924647,0.0097112135713919,0.9709505944546686,1.247219128924647
002001,2009-07,-0.1209,7,8,7,7.333333333333333,0.4714045207910317,0.0005056809102375145,0.8812908992306927,0.4714045207910317
002001,2009-10,1.4516,6,7,7,6.666666666666667,0.4714045207910317,0.0006420713965977487,0.9709505944546686,0.4714045207910317
002001,2010-01,0.1014,7,6,6,6.333333333333333,0.4714045207910317,0.0006758874784616383,0.8812908992306927,0.4714045207910317
002001,2010-04,-1.2062,3,4,6,4.333333333333333,1.247219128924647,0.01013672725206552,0.8812908992306927,1.247219128924647
002001,2010-07,13.0,3,1,3,2.3333333333333335,0.9428090415820634,0.025559141193383414,0.8812908992306927,0.9428090415820634
002001,2010-10,-0.2464,2,1,2,1.6666666666666667,0.4714045207910317,0.011456875501600412,0.7219280948873623,0.4714045207910317
002001,2011-01,0.5765,3,1,1,1.6666666666666667,0.9428090415820634,0.036160391661783364,0.8812908992306927,0.9428090415820634
002001,2011-04,-0.1818,6,2,2,3.3333333333333335,1.8856180831641267,0.036160391661783364,0.9709505944546686,1.8856180831641267
002001,2011-07,-0.3982,7,8,3,6.0,2.160246899469287,0.019209548095934934,0.8812908992306927,2.160246899469287
002001,2011-10,-0.16670000000000001,2,2,3,2.3333333333333335,0.4714045207910317,0.004817302157272868,0.7219280948873623,0.4714045207910317
002001,2012-01,1.5102000000000002,1,1,3,1.6666666666666667,0.9428090415820634,0.036160391661783364,0.4689955935892812,0.9428090415820634
002001,2012-04,1.9687999999999999,1,3,3,2.3333333333333335,0.9428090415820634,0.025559141193383414,0.4689955935892812,0.9428090415820634
002001,2012-07,0.1818,6,2,3,3.6666666666666665,1.699673171197595,0.02575266944219168,0.9709505944546686,1.699673171197595
002001,2012-10,-0.5893,2,2,2,2.0,0.0,0.0,0.7219280948873623,0.0
002001,2013-01,-0.0152,6,4,6,5.333333333333333,0.9428090415820634,0.004212595043515672,0.9709505944546686,0.9428090415820634
002001,2013-04,0.44329999999999997,6,6,3,5.0,1.4142135623730951,0.011456875501600412,0.9709505944546686,1.4142135623730951
002001,2013-07,0.7368000000000001,3,3,2,2.6666666666666665,0.4714045207910317,0.004212595043515672,0.8812908992306927,0.4714045207910317
002001,2013-10,1.35,3,2,2,2.3333333333333335,0.4714045207910317,0.004817302157272943,0.8812908992306927,0.4714045207910317
002001,2014-01,0.21739999999999998,3,2,1,2.0,0.816496580927726,0.022548050379070088,0.8812908992306927,0.816496580927726
002001,2014-04,0.2,3,2,1,2.0,0.816496580927726,0.022548050379070088,0.8812908992306927,0.816496580927726
002001,2014-07,-0.10769999999999999,1,3,1,1.6666666666666667,0.9428090415820634,0.036160391661783364,0.4689955935892812,0.9428090415820634
002001,2014-10,0.0,6,3,1,3.3333333333333335,2.0548046676563256,0.0528920798585217,0.9709505944546686,2.0548046676563256
002001,2015-01,-0.051,7,6,3,5.333333333333333,1.699673171197595,0.014489122970023622,0.8812908992306927,1.699673171197595
002001,2015-04,0.6822,7,7,3,5.666666666666667,1.8856180831641267,0.01639998447673846,0.8812908992306927,1.8856180831641267
002001,2015-07,-0.2639,4,4,6,4.666666666666667,0.9428090415820634,0.004817302157272868,0.9709505944546686,0.9428090415820634
002001,2015-10,0.17920000000000003,2,2,3,2.3333333333333335,0.4714045207910317,0.004817302157272868,0.7219280948873623,0.4714045207910317
002001,2016-01,3.6429,7,7,4,6.0,1.4142135623730951,0.007732062599348774,0.8812908992306927,1.4142135623730951
002001,2016-04,-0.0644,7,7,4,6.0,1.4142135623730951,0.007732062599348774,0.8812908992306927,1.4142135623730951
002001,2016-07,0.0235,7,7,7,7.0,0.0,0.0,0.8812908992306927,0.0
002001,2016-10,-0.0885,6,6,8,6.666666666666667,0.9428090415820634,0.0023948438453058845,0.9709505944546686,0.9428090415820634
002001,2017-01,0.1648,4,4,7,5.0,1.4142135623730951,0.009292928204941,0.9709505944546686,1.4142135623730951
002001,2017-04,-0.1285,6,4,5,5.0,0.816496580927726,0.0033729266193250444,0.9709505944546686,0.816496580927726
002001,2017-07,0.18469999999999998,7,8,5,6.666666666666667,1.247219128924647,0.004605278650825295,0.8812908992306927,1.247219128924647
002001,2017-10,0.9515,7,8,7,7.333333333333333,0.4714045207910317,0.0005056809102375145,0.8812908992306927,0.4714045207910317
002001,2018-01,-0.0587,7,7,7,7.0,0.0,0.0,0.8812908992306927,0.0
002001,2018-04,0.0526,4,6,7,5.666666666666667,1.247219128924647,0.006454904945298079,0.9709505944546686,1.247219128924647
002001,2018-07,-0.1469,5,4,7,5.333333333333333,1.247219128924647,0.006684370996497373,1.0,1.247219128924647
002001,2018-10,0.2824,5,5,6,5.333333333333333,0.4714045207910317,0.0009491787649267315,1.0,0.4714045207910317
002001,2019-01,0.3096,4,4,5,4.333333333333333,0.4714045207910317,0.0014294885616036141,0.9709505944546686,0.4714045207910317
002001,2019-04,0.031200000000000002,8,7,6,7.0,0.816496580927726,0.001710895898255767,0.7219280948873623,0.816496580927726
002001,2019-07,0.1678,6,7,7,6.666666666666667,0.4714045207910317,0.0006420713965977487,0.9709505944546686,0.4714045207910317
002001,2019-10,0.0719,6,6,7,6.333333333333333,0.4714045207910317,0.0006758874784615638,0.9709505944546686,0.4714045207910317
002001,2020-01,0.0292,7,8,7,7.333333333333333,0.4714045207910317,0.0005056809102375145,0.8812908992306927,0.4714045207910317
002001,2020-04,-0.09269999999999999,7,8,8,7.666666666666667,0.4714045207910317,0.000483684145855568,0.8812908992306927,0.4714045207910317
002001,2020-07,0.1381,7,8,7,7.333333333333333,0.4714045207910317,0.0005056809102375145,0.8812908992306927,0.4714045207910317
002001,2020-10,0.11599999999999999,5,6,7,6.0,0.816496580927726,0.002333803387527431,1.0,0.816496580927726
002001,2021-01,0.1957,7,7,7,7.0,0.0,0.0,0.8812908992306927,0.0
002001,2021-04,-0.0026,5,6,7,6.0,0.816496580927726,0.002333803387527431,1.0,0.816496580927726
002001,2021-07,0.132,4,6,7,5.666666666666667,1.247219128924647,0.006454904945298079,0.9709505944546686,1.247219128924647
002001,2021-10,0.081,4,4,7,5.0,1.4142135623730951,0.009292928204941,0.9709505944546686,1.4142135623730951
002001,2022-01,0.1506,7,7,7,7.0,0.0,0.0,0.8812908992306927,0.0
002001,2022-04,-0.0519,5,6,6,5.666666666666667,0.4714045207910317,0.0008932948130031191,1.0,0.4714045207910317
002001,2022-07,0.10289999999999999,6,6,6,6.0,0.0,0.0,0.9709505944546686,0.0
002001,2022-10,0.1166,5,4,6,5.0,0.816496580927726,0.0033729266193250444,1.0,0.816496580927726
002001,2023-01,-0.030299999999999997,4,4,5,4.333333333333333,0.4714045207910317,0.0014294885616036141,0.9709505944546686,0.4714045207910317
002001,2023-04,-0.1366,4,4,6,4.666666666666667,0.9428090415820634,0.004817302157272868,0.9709505944546686,0.9428090415820634
002001,2023-07,-0.015300000000000001,6,6,5,5.666666666666667,0.4714045207910317,0.0008932948130031191,0.9709505944546686,0.4714045207910317
002001,2023-10,0.0599,6,4,6,5.333333333333333,0.9428090415820634,0.004212595043515672,0.9709505944546686,0.9428090415820634
002001,2024-01,0.1411,6,7,6,6.333333333333333,0.4714045207910317,0.0006758874784616383,0.9709505944546686,0.4714045207910317
002001,2024-04,0.0129,5,5,6,5.333333333333333,0.4714045207910317,0.0009491787649267315,1.0,0.4714045207910317
002001,2024-07,-0.08130000000000001,7,7,7,7.0,0.0,0.0,0.8812908992306927,0.0
002001,2024-10,-0.0425,7,8,7,7.333333333333333,0.4714045207910317,0.0005056809102375145,0.8812908992306927,0.4714045207910317
002027,2005-01,0.07629999999999999,5,5,6,5.333333333333333,0.4714045207910317,0.0009491787649267315,1.0,0.4714045207910317
002027,2005-04,-0.1585,7,7,6,6.666666666666667,0.4714045207910317,0.000642071396597733,0.8812908992306927,0.4714045207910317
002027,2005-07,0.4643,7,8,6,7.0,0.816496580927726,0.001710895898255767,0.8812908992306927,0.816496580927726
002027,2005-10,-0.8636,6,7,6,6.333333333333333,0.4714045207910317,0.0006758874784616383,0.9709505944546686,0.4714045207910317
002027,2006-01,-0.0946,3,3,3,3.0,0.0,0.0,0.8812908992306927,0.0
002027,2006-04,0.7903,5,3,3,3.6666666666666665,0.9428090415820634,0.007715945411659827,1.0,0.9428090415820634
002027,2006-07,0.1724,7,7,4,6.0,1.4142135623730951,0.007732062599348774,0.8812908992306927,1.4142135623730951
002027,2006-10,-0.1061,3,3,3,3.0,0.0,0.0,0.8812908992306927,0.0
002027,2007-01,0.16670000000000001,3,3,2,2.6666666666666665,0.4714045207910317,0.004212595043515672,0.8812908992306927,0.4714045207910317
002027,2007-04,0.6154,8,8,3,6.333333333333333,2.357022603955158,0.02112692293417683,0.7219280948873623,2.357022603955158
002027,2007-07,2.125,1,1,1,1.0,0.0,0.0,0.4689955935892812,0.0
002027,2007-10,-0.0857,7,1,1,3.0,2.8284271247461903,0.10385139292108965,0.8812908992306927,2.8284271247461903
002027,2008-01,1.4615,3,3,1,2.3333333333333335,0.9428090415820634,0.025559141193383414,0.8812908992306927,0.9428090415820634
002027,2008-04,-0.1277,1,1,1,1.0,0.0,0.0,0.4689955935892812,0.0
002027,2008-07,-0.3407,2,2,2,2.0,0.0,0.0,0.7219280948873623,0.0
002027,2008-10,0.0823,4,3,6,4.333333333333333,1.247219128924647,0.01013672725206552,0.9709505944546686,1.247219128924647
002027,2009-01,0.0179,7,6,4,5.666666666666667,1.247219128924647,0.006454904945298079,0.8812908992306927,1.247219128924647
002027,2009-04,0.0159,7,8,3,6.0,2.160246899469287,0.019209548095934934,0.8812908992306927,2.160246899469287
002027,2009-07,-0.8332999999999999,7,8,7,7.333333333333333,0.4714045207910317,0.0005056809102375145,0.8812908992306927,0.4714045207910317
002027,2009-10,0.3934,4,4,4,4.0,0.0,0.0,0.9709505944546686,0.0
002027,2010-01,0.3947,8,4,4,5.333333333333333,1.8856180831641267,0.014362591564146779,0.7219280948873623,1.8856180831641267
002027,2010-04,-0.7631999999999999,8,8,6,7.333333333333333,0.9428090415820634,0.0021766561578771704,0.7219280948873623,0.9428090415820634
002027,2010-07,0.5,3,3,3,3.0,0.0,0.0,0.8812908992306927,0.0
002027,2010-10,0.3448,3,2,3,2.6666666666666665,0.4714045207910317,0.004212595043515672,0.8812908992306927,0.4714045207910317
002027,2011-01,0.3636,3,2,3,2.6666666666666665,0.4714045207910317,0.004212595043515672,0.8812908992306927,0.4714045207910317
002027,2011-04,-0.1481,7,5,3,5.0,1.632993161855452,0.014003950467891324,0.8812908992306927,1.632993161855452
002027,2011-07,-0.2826,3,3,4,3.3333333333333335,0.4714045207910317,0.0023948438453058845,0.8812908992306927,0.4714045207910317
002027,2011-10,-0.0526,3,3,3,3.0,0.0,0.0,0.8812908992306927,0.0
002027,2012-01,0.1048,4,3,3,3.3333333333333335,0.4714045207910317,0.0023948438453058845,0.9709505944546686,0.4714045207910317
002027,2012-04,-0.033,5,4,4,4.333333333333333,0.4714045207910317,0.0014294885616036141,1.0,0.4714045207910317
002027,2012-07,0.0496,4,4,4,4.0,0.0,0.0,0.9709505944546686,0.0
002027,2012-10,-0.1101,6,6,5,5.666666666666667,0.4714045207910317,0.0008932948130031191,0.9709505944546686,0.4714045207910317
002027,2013-01,0.0481,7,6,6,6.333333333333333,0.4714045207910317,0.0006758874784616383,0.8812908992306927,0.4714045207910317
002027,2013-04,0.1416,5,5,6,5.333333333333333,0.4714045207910317,0.0009491787649267315,1.0,0.4714045207910317
002027,2013-07,0.19820000000000002,4,3,6,4.333333333333333,1.247219128924647,0.01013672725206552,0.9709505944546686,1.247219128924647
002027,2013-10,-0.42310000000000003,8,8,7,7.666666666666667,0.4714045207910317,0.000483684145855568,0.7219280948873623,0.4714045207910317
002027,2014-01,-1.5293999999999999,2,2,2,2.0,0.0,0.0,0.7219280948873623,0.0
002027,2014-04,0.7368000000000001,3,1,2,2.0,0.816496580927726,0.02254805037907019,0.8812908992306927,0.816496580927726
002027,2014-07,4.0,2,1,3,2.0,0.816496580927726,0.02254805037907019,0.7219280948873623,0.816496580927726
002027,2014-10,0.1923,1,2,1,1.3333333333333333,0.4714045207910317,0.014362591564146779,0.4689955935892812,0.4714045207910317
002027,2015-01,2.2,2,1,2,1.6666666666666667,0.4714045207910317,0.011456875501600412,0.7219280948873623,0.4714045207910317
002027,2015-04,1.5878999999999999,2,3,1,2.0,0.816496580927726,0.022548050379070088,0.7219280948873623,0.816496580927726
002027,2015-10,0.7545000000000001,7,3,1,3.6666666666666665,2.494438257849294,0.062410457549092635,0.8812908992306927,2.494438257849294
002027,2016-01,-0.0567,6,6,3,5.0,1.4142135623730951,0.011456875501600412,0.9709505944546686,1.4142135623730951
002027,2016-04,-0.13449999999999998,6,7,3,5.333333333333333,1.699673171197595,0.014489122970023622,0.9709505944546686,1.699673171197595
002027,2016-07,-0.0183,7,6,7,6.666666666666667,0.4714045207910317,0.0006420713965977487,0.8812908992306927,0.4714045207910317
002027,2016-10,0.1096,4,4,7,5.0,1.4142135623730951,0.009292928204941,0.9709505944546686,1.4142135623730951
002027,2017-01,-0.1222,4,4,5,4.333333333333333,0.4714045207910317,0.0014294885616036141,0.9709505944546686,0.4714045207910317
002027,2017-04,0.0281,4,4,5,4.333333333333333,0.4714045207910317,0.0014294885616036141,0.9709505944546686,0.4714045207910317
002027,2017-07,0.0751,7,6,6,6.333333333333333,0.4714045207910317,0.0006758874784616383,0.8812908992306927,0.4714045207910317
002027,2017-10,0.01,7,8,6,7.0,0.816496580927726,0.001710895898255767,0.8812908992306927,0.816496580927726
002027,2018-01,0.0601,8,8,8,8.0,0.0,0.0,0.7219280948873623,0.0
002027,2018-04,0.14150000000000001,4,6,7,5.666666666666667,1.247219128924647,0.006454904945298079,0.9709505944546686,1.247219128924647
002027,2018-07,-0.2297,4,4,7,5.0,1.4142135623730951,0.009292928204941,0.9709505944546686,1.4142135623730951
002027,2018-10,-0.0602,5,4,6,5.0,0.816496580927726,0.0033729266193250444,1.0,0.816496580927726
002027,2019-01,0.36210000000000003,4,3,4,3.6666666666666665,0.4714045207910317,0.0021766561578771704,0.9709505944546686,0.4714045207910317
002027,2019-04,-0.12710000000000002,6,4,5,5.0,0.816496580927726,0.0033729266193250444,0.9709505944546686,0.816496580927726
002027,2019-07,0.09369999999999999,4,5,4,4.333333333333333,0.4714045207910317,0.0014294885616036141,0.9709505944546686,0.4714045207910317
002027,2019-10,-0.0941,6,4,6,5.333333333333333,0.9428090415820634,0.004212595043515672,0.9709505944546686,0.9428090415820634
002027,2020-01,-0.1308,8,8,7,7.666666666666667,0.4714045207910317,0.000483684145855568,0.7219280948873623,0.4714045207910317
002027,2020-04,0.0391,4,4,4,4.0,0.0,0.0,0.9709505944546686,0.0
002027,2020-07,0.3379,8,6,6,6.666666666666667,0.9428090415820634,0.0023948438453058845,0.7219280948873623,0.9428090415820634
002027,2020-10,0.047,7,8,8,7.666666666666667,0.4714045207910317,0.000483684145855568,0.8812908992306927,0.4714045207910317
002027,2021-01,0.0098,7,8,7,7.333333333333333,0.4714045207910317,0.0005056809102375145,0.8812908992306927,0.4714045207910317
002027,2021-04,-0.0593,4,6,7,5.666666666666667,1.247219128924647,0.006454904945298079,0.9709505944546686,1.247219128924647
002027,2021-07,-0.052300000000000006,6,4,7,5.666666666666667,1.247219128924647,0.006454904945298079,0.9709505944546686,1.247219128924647
002027,2021-10,-0.0483,5,5,5,5.0,0.0,0.0,1.0,0.0
002027,2022-01,0.0048,7,6,6,6.333333333333333,0.4714045207910317,0.0006758874784616383,0.8812908992306927,0.4714045207910317
002027,2022-04,0.132,4,4,5,4.333333333333333,0.4714045207910317,0.0014294885616036141,0.9709505944546686,0.4714045207910317
002027,2022-07,0.061500000000000006,7,6,6,6.333333333333333,0.4714045207910317,0.0006758874784616383,0.8812908992306927,0.4714045207910317
002027,2022-10,0.4646,4,4,6,4.666666666666667,0.9428090415820634,0.004817302157272868,0.9709505944546686,0.9428090415820634
002027,2023-01,-0.07,7,7,5,6.333333333333333,0.9428090415820634,0.002946330098012255,0.8812908992306927,0.9428090415820634
002027,2023-04,-0.0037,6,7,7,6.666666666666667,0.4714045207910317,0.0006420713965977487,0.9709505944546686,0.4714045207910317
002027,2023-07,0.0377,6,7,7,6.666666666666667,0.4714045207910317,0.0006420713965977487,0.9709505944546686,0.4714045207910317
002027,2023-10,-0.0622,6,6,7,6.333333333333333,0.4714045207910317,0.0006758874784615638,0.9709505944546686,0.4714045207910317
002027,2024-01,0.1343,5,4,6,5.0,0.816496580927726,0.0033729266193250444,1.0,0.816496580927726
002027,2024-04,-0.0281,6,6,6,6.0,0.0,0.0,0.9709505944546686,0.0
002027,2024-07,-0.0132,6,6,6,6.0,0.0,0.0,0.9709505944546686,0.0
002027,2024-10,-0.044000000000000004,8,8,7,7.666666666666667,0.4714045207910317,0.000483684145855568,0.7219280948873623,0.4714045207910317
002028,2005-01,0.3146,5,5,6,5.333333333333333,0.4714045207910317,0.0009491787649267315,1.0,0.4714045207910317
002028,2005-04,-0.2579,4,4,6,4.666666666666667,0.9428090415820634,0.004817302157272868,0.9709505944546686,0.9428090415820634
002028,2005-07,0.326,6,5,5,5.333333333333333,0.4714045207910317,0.0009491787649267315,0.9709505944546686,0.4714045207910317
002028,2005-10,-0.2241,5,4,6,5.0,0.816496580927726,0.0033729266193250444,1.0,0.816496580927726
002028,2006-01,-0.10279999999999999,7,7,5,6.333333333333333,0.9428090415820634,0.002946330098012255,0.8812908992306927,0.9428090415820634
002028,2006-04,0.25,7,7,6,6.666666666666667,0.4714045207910317,0.000642071396597733,0.8812908992306927,0.4714045207910317
002028,2006-07,0.0,7,7,7,7.0,0.0,0.0,0.8812908992306927,0.0
002028,2006-10,-0.17859999999999998,3,6,1,3.3333333333333335,2.0548046676563256,0.0528920798585217,0.8812908992306927,2.0548046676563256
002028,2007-01,0.1461,7,6,3,5.333333333333333,1.699673171197595,0.014489122970023622,0.8812908992306927,1.699673171197595
002028,2007-04,0.1754,7,6,4,5.666666666666667,1.247219128924647,0.006454904945298079,0.8812908992306927,1.247219128924647
002028,2007-07,0.12279999999999999,7,7,4,6.0,1.4142135623730951,0.007732062599348774,0.8812908992306927,1.4142135623730951
002028,2007-10,0.1562,6,7,7,6.666666666666667,0.4714045207910317,0.0006420713965977487,0.9709505944546686,0.4714045207910317
002028,2008-01,-0.1377,7,8,7,7.333333333333333,0.4714045207910317,0.0005056809102375145,0.8812908992306927,0.4714045207910317
002028,2008-04,-0.1938,4,4,7,5.0,1.4142135623730951,0.009292928204941,0.9709505944546686,1.4142135623730951
002028,2008-07,-0.0466,4,3,4,3.6666666666666665,0.4714045207910317,0.0021766561578771704,0.9709505944546686,0.4714045207910317
002028,2008-10,0.6365999999999999,6,4,5,5.0,0.816496580927726,0.0033729266193250444,0.9709505944546686,0.816496580927726
002028,2009-01,-0.114,7,7,5,6.333333333333333,0.9428090415820634,0.002946330098012255,0.8812908992306927,0.9428090415820634
002028,2009-04,0.309,7,7,6,6.666666666666667,0.4714045207910317,0.000642071396597733,0.8812908992306927,0.4714045207910317
002028,2009-07,-0.15039999999999998,6,6,7,6.333333333333333,0.4714045207910317,0.0006758874784615638,0.9709505944546686,0.4714045207910317
002028,2009-10,0.1728,7,8,7,7.333333333333333,0.4714045207910317,0.0005056809102375145,0.8812908992306927,0.4714045207910317
002028,2010-01,0.1099,7,7,7,7.0,0.0,0.0,0.8812908992306927,0.0
002028,2010-04,-0.033,6,7,8,7.0,0.816496580927726,0.0017108958982558105,0.9709505944546686,0.816496580927726
002028,2010-07,-0.0478,4,4,7,5.0,1.4142135623730951,0.009292928204941,0.9709505944546686,1.4142135623730951
002028,2010-10,-0.0368,5,4,6,5.0,0.816496580927726,0.0033729266193250444,1.0,0.816496580927726
002028,2011-01,0.0414,6,6,6,6.0,0.0,0.0,0.9709505944546686,0.0
002028,2011-04,-0.209,4,4,6,4.666666666666667,0.9428090415820634,0.004817302157272868,0.9709505944546686,0.9428090415820634
002028,2011-07,-0.0949,3,3,4,3.3333333333333335,0.4714045207910317,0.0023948438453058845,0.8812908992306927,0.4714045207910317
002028,2011-10,0.0078000000000000005,6,4,5,5.0,0.816496580927726,0.0033729266193250444,0.9709505944546686,0.816496580927726
002028,2012-01,0.287,4,4,5,4.333333333333333,0.4714045207910317,0.0014294885616036141,0.9709505944546686,0.4714045207910317
002028,2012-04,-0.069,6,4,4,4.666666666666667,0.9428090415820634,0.004817302157272943,0.9709505944546686,0.9428090415820634
002028,2012-07,0.13140000000000002,4,4,5,4.333333333333333,0.4714045207910317,0.0014294885616036141,0.9709505944546686,0.4714045207910317
002028,2012-10,-0.0836,6,5,6,5.666666666666667,0.4714045207910317,0.0008932948130031191,0.9709505944546686,0.4714045207910317
002028,2013-01,-0.034300000000000004,7,8,7,7.333333333333333,0.4714045207910317,0.0005056809102375145,0.8812908992306927,0.4714045207910317
002028,2013-04,0.2967,6,7,7,6.666666666666667,0.4714045207910317,0.0006420713965977487,0.9709505944546686,0.4714045207910317
002028,2013-07,0.0415,5,5,7,5.666666666666667,0.9428090415820634,0.0032941013770045433,1.0,0.9428090415820634
002028,2013-10,0.0362,6,7,7,6.666666666666667,0.4714045207910317,0.0006420713965977487,0.9709505944546686,0.4714045207910317
002028,2014-01,0.058899999999999994,6,6,7,6.333333333333333,0.4714045207910317,0.0006758874784615638,0.9709505944546686,0.4714045207910317
002028,2014-04,0.0017000000000000001,4,4,6,4.666666666666667,0.9428090415820634,0.004817302157272868,0.9709505944546686,0.9428090415820634
002028,2014-07,0.0634,4,4,6,4.666666666666667,0.9428090415820634,0.004817302157272868,0.9709505944546686,0.9428090415820634
002028,2014-10,0.0377,7,7,7,7.0,0.0,0.0,0.8812908992306927,0.0
002028,2015-01,0.0528,6,7,7,6.666666666666667,0.4714045207910317,0.0006420713965977487,0.9709505944546686,0.4714045207910317
002028,2015-04,0.0571,8,8,7,7.666666666666667,0.4714045207910317,0.000483684145855568,0.7219280948873623,0.4714045207910317
002028,2015-07,-0.1631,6,7,8,7.0,0.816496580927726,0.0017108958982558105,0.9709505944546686,0.816496580927726
002028,2015-10,0.0377,4,4,5,4.333333333333333,0.4714045207910317,0.0014294885616036141,0.9709505944546686,0.4714045207910317
002028,2016-01,-0.0843,7,6,7,6.666666666666667,0.4714045207910317,0.0006420713965977487,0.8812908992306927,0.4714045207910317
002028,2016-04,-0.0518,6,7,5,6.0,0.816496580927726,0.002333803387527431,0.9709505944546686,0.816496580927726
002028,2016-07,0.057300000000000004,6,6,6,6.0,0.0,0.0,0.9709505944546686,0.0
002028,2016-10,0.0857,5,6,7,6.0,0.816496580927726,0.002333803387527431,1.0,0.816496580927726
002028,2017-01,0.08839999999999999,7,8,6,7.0,0.816496580927726,0.001710895898255767,0.8812908992306927,0.816496580927726
002028,2017-04,-0.0276,7,8,7,7.333333333333333,0.4714045207910317,0.0005056809102375145,0.8812908992306927,0.4714045207910317
002028,2017-07,-0.115,6,6,7,6.333333333333333,0.4714045207910317,0.0006758874784615638,0.9709505944546686,0.4714045207910317
002028,2017-10,-0.1106,7,7,7,7.0,0.0,0.0,0.8812908992306927,0.0
002028,2018-01,0.1364,5,4,7,5.333333333333333,1.247219128924647,0.006684370996497373,1.0,1.247219128924647
002028,2018-04,0.0361,6,5,6,5.666666666666667,0.4714045207910317,0.0008932948130031191,0.9709505944546686,0.4714045207910317
002028,2018-07,-0.09480000000000001,5,6,7,6.0,0.816496580927726,0.002333803387527431,1.0,0.816496580927726
002028,2018-10,-0.0602,4,4,5,4.333333333333333,0.4714045207910317,0.0014294885616036141,0.9709505944546686,0.4714045207910317
002028,2019-01,0.2078,4,3,5,4.0,0.816496580927726,0.00530599861166309,0.9709505944546686,0.816496580927726
002028,2019-04,-0.17120000000000002,7,7,6,6.666666666666667,0.4714045207910317,0.000642071396597733,0.8812908992306927,0.4714045207910317
002028,2019-07,-0.0394,4,6,6,5.333333333333333,0.9428090415820634,0.004212595043515672,0.9709505944546686,0.9428090415820634
002028,2019-10,0.1609,7,6,6,6.333333333333333,0.4714045207910317,0.0006758874784616383,0.8812908992306927,0.4714045207910317
002028,2020-01,0.19440000000000002,7,7,7,7.0,0.0,0.0,0.8812908992306927,0.0
002028,2020-04,-0.11900000000000001,7,8,8,7.666666666666667,0.4714045207910317,0.000483684145855568,0.8812908992306927,0.4714045207910317
002028,2020-07,-0.0993,7,8,7,7.333333333333333,0.4714045207910317,0.0005056809102375145,0.8812908992306927,0.4714045207910317
002028,2020-10,0.0689,6,6,7,6.333333333333333,0.4714045207910317,0.0006758874784615638,0.9709505944546686,0.4714045207910317
002028,2021-01,0.23370000000000002,4,4,7,5.0,1.4142135623730951,0.009292928204941,0.9709505944546686,1.4142135623730951
002028,2021-04,-0.1288,7,8,7,7.333333333333333,0.4714045207910317,0.0005056809102375145,0.8812908992306927,0.4714045207910317
002028,2021-07,0.151,7,8,7,7.333333333333333,0.4714045207910317,0.0005056809102375145,0.8812908992306927,0.4714045207910317
002028,2021-10,0.3335,7,8,7,7.333333333333333,0.4714045207910317,0.0005056809102375145,0.8812908992306927,0.4714045207910317
002028,2022-01,0.0349,6,7,7,6.666666666666667,0.4714045207910317,0.0006420713965977487,0.9709505944546686,0.4714045207910317
002028,2022-04,0.2256,4,3,6,4.333333333333333,1.247219128924647,0.01013672725206552,0.9709505944546686,1.247219128924647
002028,2022-07,-0.0757,6,4,6,5.333333333333333,0.9428090415820634,0.004212595043515672,0.9709505944546686,0.9428090415820634
002028,2022-10,0.1355,6,6,6,6.0,0.0,0.0,0.9709505944546686,0.0
002028,2023-01,0.0832,5,6,6,5.666666666666667,0.4714045207910317,0.0008932948130031191,1.0,0.4714045207910317
002028,2023-04,0.0308,7,6,8,7.0,0.816496580927726,0.0017108958982558105,0.8812908992306927,0.816496580927726
002028,2023-07,0.0453,6,7,7,6.666666666666667,0.4714045207910317,0.0006420713965977487,0.9709505944546686,0.4714045207910317
002028,2023-10,0.0052,6,7,8,7.0,0.816496580927726,0.0017108958982558105,0.9709505944546686,0.816496580927726
002028,2024-01,0.13470000000000001,7,7,7,7.0,0.0,0.0,0.8812908992306927,0.0
002028,2024-04,0.0837,7,7,8,7.333333333333333,0.4714045207910317,0.0005056809102375145,0.8812908992306927,0.4714045207910317
002028,2024-07,-0.0138,6,7,7,6.666666666666667,0.4714045207910317,0.0006420713965977487,0.9709505944546686,0.4714045207910317
002028,2024-10,0.0196,7,8,7,7.333333333333333,0.4714045207910317,0.0005056809102375145,0.8812908992306927,0.4714045207910317
002049,2005-07,0.3151,6,7,6,6.333333333333333,0.4714045207910317,0.0006758874784616383,0.9709505944546686,0.4714045207910317
002049,2005-10,-0.5645,4,4,6,4.666666666666667,0.9428090415820634,0.004817302157272868,0.9709505944546686,0.9428090415820634
002049,2006-01,-0.5926,3,3,4,3.3333333333333335,0.4714045207910317,0.0023948438453058845,0.8812908992306927,0.4714045207910317
002049,2006-04,2.48,1,2,4,2.3333333333333335,1.247219128924647,0.03635797646202721,0.4689955935892812,1.247219128924647
002049,2006-07,0.8371999999999999,3,7,3,4.333333333333333,1.8856180831641267,0.021556318259027013,0.8812908992306927,1.8856180831641267
002049,2006-10,-0.1485,7,3,6,5.333333333333333,1.699673171197595,0.014489122970023622,0.8812908992306927,1.699673171197595
002049,2007-01,0.1825,7,8,7,7.333333333333333,0.4714045207910317,0.0005056809102375145,0.8812908992306927,0.4714045207910317
002049,2007-04,-0.0691,8,8,3,6.333333333333333,2.357022603955158,0.02112692293417683,0.7219280948873623,2.357022603955158
002049,2007-07,0.1329,3,4,6,4.333333333333333,1.247219128924647,0.01013672725206552,0.8812908992306927,1.247219128924647
002049,2007-10,0.17859999999999998,6,4,6,5.333333333333333,0.9428090415820634,0.004212595043515672,0.9709505944546686,0.9428090415820634
002049,2008-01,0.1973,7,8,7,7.333333333333333,0.4714045207910317,0.0005056809102375145,0.8812908992306927,0.4714045207910317
002049,2008-04,-0.0877,3,3,4,3.3333333333333335,0.4714045207910317,0.0023948438453058845,0.8812908992306927,0.4714045207910317
002049,2008-07,-0.34619999999999995,1,1,3,1.6666666666666667,0.9428090415820634,0.036160391661783364,0.4689955935892812,0.9428090415820634
002049,2008-10,0.3243,4,2,2,2.6666666666666665,0.9428090415820634,0.014362591564146779,0.9709505944546686,0.9428090415820634
002049,2009-01,0.48,2,3,2,2.3333333333333335,0.4714045207910317,0.004817302157272943,0.7219280948873623,0.4714045207910317
002049,2009-04,0.1139,3,3,1,2.3333333333333335,0.9428090415820634,0.025559141193383414,0.8812908992306927,0.9428090415820634
002049,2009-07,-0.3006,7,3,1,3.6666666666666665,2.494438257849294,0.062410457549092635,0.8812908992306927,2.494438257849294
002049,2009-10,0.2414,6,8,2,5.333333333333333,2.494438257849294,0.03356831678879539,0.9709505944546686,2.494438257849294
002049,2010-01,0.10460000000000001,7,8,6,7.0,0.816496580927726,0.001710895898255767,0.8812908992306927,0.816496580927726
002049,2010-04,-0.0177,7,8,7,7.333333333333333,0.4714045207910317,0.0005056809102375145,0.8812908992306927,0.4714045207910317
002049,2010-07,0.218,5,7,7,6.333333333333333,0.9428090415820634,0.002946330098012255,1.0,0.9428090415820634
002049,2011-01,0.2646,7,8,7,7.333333333333333,0.4714045207910317,0.0005056809102375145,0.8812908992306927,0.4714045207910317
002049,2011-04,-0.049,4,7,7,6.0,1.4142135623730951,0.007732062599348774,0.9709505944546686,1.4142135623730951
002049,2011-07,0.262,4,4,7,5.0,1.4142135623730951,0.009292928204941,0.9709505944546686,1.4142135623730951
002049,2011-10,0.0808,4,3,7,4.666666666666667,1.699673171197595,0.01582838201775807,0.9709505944546686,1.699673171197595
002049,2012-01,0.22829999999999998,4,4,5,4.333333333333333,0.4714045207910317,0.0014294885616036141,0.9709505944546686,0.4714045207910317
002049,2012-04,0.1075,5,4,5,4.666666666666667,0.4714045207910317,0.0013272465907683984,1.0,0.4714045207910317
002049,2012-07,0.0191,7,7,7,7.0,0.0,0.0,0.8812908992306927,0.0
002049,2012-10,-0.1456,7,8,7,7.333333333333333,0.4714045207910317,0.0005056809102375145,0.8812908992306927,0.4714045207910317
002049,2013-01,0.21719999999999998,7,7,6,6.666666666666667,0.4714045207910317,0.000642071396597733,0.8812908992306927,0.4714045207910317
002049,2013-04,0.11289999999999999,7,6,7,6.666666666666667,0.4714045207910317,0.0006420713965977487,0.8812908992306927,0.4714045207910317
002049,2013-07,0.132,6,6,7,6.333333333333333,0.4714045207910317,0.0006758874784615638,0.9709505944546686,0.4714045207910317
002049,2013-10,0.38780000000000003,7,8,7,7.333333333333333,0.4714045207910317,0.0005056809102375145,0.8812908992306927,0.4714045207910317
002049,2014-01,-0.0546,6,7,7,6.666666666666667,0.4714045207910317,0.0006420713965977487,0.9709505944546686,0.4714045207910317
002049,2014-04,0.213,4,4,7,5.0,1.4142135623730951,0.009292928204941,0.9709505944546686,1.4142135623730951
002049,2014-07,0.1707,7,5,7,6.333333333333333,0.9428090415820634,0.002946330098012255,0.8812908992306927,0.9428090415820634
002049,2014-10,-0.0969,7,8,7,7.333333333333333,0.4714045207910317,0.0005056809102375145,0.8812908992306927,0.4714045207910317
002049,2015-01,0.1396,4,4,6,4.666666666666667,0.9428090415820634,0.004817302157272868,0.9709505944546686,0.9428090415820634
002049,2015-04,0.4403,7,7,7,7.0,0.0,0.0,0.8812908992306927,0.0
002049,2015-07,-0.21539999999999998,6,7,7,6.666666666666667,0.4714045207910317,0.0006420713965977487,0.9709505944546686,0.4714045207910317
002049,2015-10,0.9211,3,4,5,4.0,0.816496580927726,0.00530599861166309,0.8812908992306927,0.816496580927726
002049,2016-04,0.0698,5,4,7,5.333333333333333,1.247219128924647,0.006684370996497373,1.0,1.247219128924647
002049,2016-07,-0.0169,6,7,6,6.333333333333333,0.4714045207910317,0.0006758874784616383,0.9709505944546686,0.4714045207910317
002049,2016-10,-0.0171,4,4,6,4.666666666666667,0.9428090415820634,0.004817302157272868,0.9709505944546686,0.9428090415820634
002049,2017-01,-0.0005,4,4,6,4.666666666666667,0.9428090415820634,0.004817302157272868,0.9709505944546686,0.9428090415820634
002049,2017-07,0.1449,4,4,4,4.0,0.0,0.0,0.9709505944546686,0.0
002049,2017-10,0.505,7,7,6,6.666666666666667,0.4714045207910317,0.000642071396597733,0.8812908992306927,0.4714045207910317
002049,2018-01,0.17300000000000001,7,7,7,7.0,0.0,0.0,0.8812908992306927,0.0
002049,2018-04,-0.0901,7,8,7,7.333333333333333,0.4714045207910317,0.0005056809102375145,0.8812908992306927,0.4714045207910317
002049,2018-07,-0.0256,4,4,7,5.0,1.4142135623730951,0.009292928204941,0.9709505944546686,1.4142135623730951
002049,2018-10,0.0381,4,4,5,4.333333333333333,0.4714045207910317,0.0014294885616036141,0.9709505944546686,0.4714045207910317
002049,2019-01,0.2725,4,4,4,4.0,0.0,0.0,0.9709505944546686,0.0
002049,2019-04,0.0898,8,7,6,7.0,0.816496580927726,0.001710895898255767,0.7219280948873623,0.816496580927726
002049,2019-07,0.1035,5,7,6,6.0,0.816496580927726,0.002333803387527431,1.0,0.816496580927726
002049,2019-10,-0.1252,6,6,7,6.333333333333333,0.4714045207910317,0.0006758874784615638,0.9709505944546686,0.4714045207910317
002049,2020-01,0.0388,7,7,7,7.0,0.0,0.0,0.8812908992306927,0.0
002049,2020-04,0.1222,4,4,6,4.666666666666667,0.9428090415820634,0.004817302157272868,0.9709505944546686,0.9428090415820634
002049,2020-07,-0.0123,7,7,7,7.0,0.0,0.0,0.8812908992306927,0.0
002049,2020-10,-0.06509999999999999,6,7,7,6.666666666666667,0.4714045207910317,0.0006420713965977487,0.9709505944546686,0.4714045207910317
002049,2021-01,-0.0828,7,8,7,7.333333333333333,0.4714045207910317,0.0005056809102375145,0.8812908992306927,0.4714045207910317
002049,2021-04,0.19210000000000002,4,4,7,5.0,1.4142135623730951,0.009292928204941,0.9709505944546686,1.4142135623730951
002049,2021-07,0.1722,7,7,7,7.0,0.0,0.0,0.8812908992306927,0.0
002049,2021-10,0.1405,6,7,7,6.666666666666667,0.4714045207910317,0.0006420713965977487,0.9709505944546686,0.4714045207910317
002049,2022-01,0.032,6,7,7,6.666666666666667,0.4714045207910317,0.0006420713965977487,0.9709505944546686,0.4714045207910317
002049,2022-04,-0.030899999999999997,4,4,7,5.0,1.4142135623730951,0.009292928204941,0.9709505944546686,1.4142135623730951
002049,2022-07,0.0371,6,6,7,6.333333333333333,0.4714045207910317,0.0006758874784615638,0.9709505944546686,0.4714045207910317
002049,2022-10,-0.1998,6,4,6,5.333333333333333,0.9428090415820634,0.004212595043515672,0.9709505944546686,0.9428090415820634
002049,2023-01,-0.1193,5,5,6,5.333333333333333,0.4714045207910317,0.0009491787649267315,1.0,0.4714045207910317
002049,2023-04,-0.1318,5,4,5,4.666666666666667,0.4714045207910317,0.0013272465907683984,1.0,0.4714045207910317
002049,2023-07,-0.006,5,4,5,4.666666666666667,0.4714045207910317,0.0013272465907683984,1.0,0.4714045207910317
002049,2023-10,-0.0383,5,4,6,5.0,0.816496580927726,0.0033729266193250444,1.0,0.816496580927726
002049,2024-01,0.3746,4,4,4,4.0,0.0,0.0,0.9709505944546686,0.0
002049,2024-04,-0.0545,5,4,5,4.666666666666667,0.4714045207910317,0.0013272465907683984,1.0,0.4714045207910317
002049,2024-07,-0.1177,4,4,5,4.333333333333333,0.4714045207910317,0.0014294885616036141,0.9709505944546686,0.4714045207910317
002049,2024-10,-0.015,7,7,6,6.666666666666667,0.4714045207910317,0.000642071396597733,0.8812908992306927,0.4714045207910317
002050,2005-07,0.1948,6,7,6,6.333333333333333,0.4714045207910317,0.0006758874784616383,0.9709505944546686,0.4714045207910317
002050,2005-10,-0.1739,5,5,6,5.333333333333333,0.4714045207910317,0.0009491787649267315,1.0,0.4714045207910317
002050,2006-01,-0.0113,4,4,6,4.666666666666667,0.9428090415820634,0.004817302157272868,0.9709505944546686,0.9428090415820634
002050,2006-04,0.0765,5,4,6,5.0,0.816496580927726,0.0033729266193250444,1.0,0.816496580927726
002050,2006-07,-0.018000000000000002,6,6,6,6.0,0.0,0.0,0.9709505944546686,0.0
002050,2006-10,-0.0366,6,7,6,6.333333333333333,0.4714045207910317,0.0006758874784616383,0.9709505944546686,0.4714045207910317
002050,2007-01,0.1765,6,6,7,6.333333333333333,0.4714045207910317,0.0006758874784615638,0.9709505944546686,0.4714045207910317
002050,2007-04,-0.2346,7,8,8,7.666666666666667,0.4714045207910317,0.000483684145855568,0.8812908992306927,0.4714045207910317
002050,2007-07,1.8,4,4,6,4.666666666666667,0.9428090415820634,0.004817302157272868,0.9709505944546686,0.9428090415820634
002050,2007-10,-0.7333,6,8,6,6.666666666666667,0.9428090415820634,0.0023948438453058845,0.9709505944546686,0.9428090415820634
002050,2008-01,0.8,2,3,4,3.0,0.816496580927726,0.00957506104276447,0.7219280948873623,0.816496580927726
002050,2008-04,-2.2857,2,2,4,2.6666666666666665,0.9428090415820634,0.014362591564146779,0.7219280948873623,0.9428090415820634
002050,2008-07,-1.1739,1,1,3,1.6666666666666667,0.9428090415820634,0.036160391661783364,0.4689955935892812,0.9428090415820634
002050,2008-10,0.0559,3,2,3,2.6666666666666665,0.4714045207910317,0.004212595043515672,0.8812908992306927,0.4714045207910317
002050,2009-01,0.12119999999999999,7,4,3,4.666666666666667,1.699673171197595,0.01582838201775807,0.8812908992306927,1.699673171197595
002050,2009-04,-0.0141,8,8,3,6.333333333333333,2.357022603955158,0.02112692293417683,0.7219280948873623,2.357022603955158
002050,2009-07,-0.7308,4,6,4,4.666666666666667,0.9428090415820634,0.004817302157272943,0.9709505944546686,0.9428090415820634
002050,2009-10,1.2973,6,6,4,5.333333333333333,0.9428090415820634,0.004212595043515672,0.9709505944546686,0.9428090415820634
002050,2010-01,3.8,6,6,5,5.666666666666667,0.4714045207910317,0.0008932948130031191,0.9709505944546686,0.4714045207910317
002050,2010-04,0.4583,3,3,1,2.3333333333333335,0.9428090415820634,0.025559141193383414,0.8812908992306927,0.9428090415820634
002050,2010-07,0.6,3,2,2,2.3333333333333335,0.4714045207910317,0.004817302157272943,0.8812908992306927,0.4714045207910317
002050,2010-10,0.16510000000000002,7,7,3,5.666666666666667,1.8856180831641267,0.01639998447673846,0.8812908992306927,1.8856180831641267
002050,2011-01,0.2595,7,7,2,5.333333333333333,2.357022603955158,0.03162528845271663,0.8812908992306927,2.357022603955158
002050,2011-04,0.0917,6,7,7,6.666666666666667,0.4714045207910317,0.0006420713965977487,0.9709505944546686,0.4714045207910317
002050,2011-07,-0.2893,6,7,7,6.666666666666667,0.4714045207910317,0.0006420713965977487,0.9709505944546686,0.4714045207910317
002050,2011-10,-0.0581,3,3,5,3.6666666666666665,0.9428090415820634,0.00771594541165983,0.8812908992306927,0.9428090415820634
002050,2012-01,2.3333,3,2,4,3.0,0.816496580927726,0.00957506104276447,0.8812908992306927,0.816496580927726
002050,2012-04,0.4571,5,3,3,3.6666666666666665,0.9428090415820634,0.007715945411659827,1.0,0.9428090415820634
002050,2012-07,0.4857,3,2,3,2.6666666666666665,0.4714045207910317,0.004212595043515672,0.8812908992306927,0.4714045207910317
002050,2012-10,-2.4286000000000003,2,2,3,2.3333333333333335,0.4714045207910317,0.004817302157272868,0.7219280948873623,0.4714045207910317
002050,2013-01,-0.9412,3,4,2,3.0,0.816496580927726,0.009575061042764446,0.8812908992306927,0.816496580927726
002050,2013-04,4.1429,2,1,1,1.3333333333333333,0.4714045207910317,0.014362591564146779,0.7219280948873623,0.4714045207910317
002050,2013-07,0.08109999999999999,6,4,2,4.0,1.632993161855452,0.022548050379070088,0.9709505944546686,1.632993161855452
002050,2013-10,0.3077,5,6,3,4.666666666666667,1.247219128924647,0.0097112135713919,1.0,1.247219128924647
002050,2014-01,1.0,6,6,4,5.333333333333333,0.9428090415820634,0.004212595043515672,0.9709505944546686,0.9428090415820634
002050,2014-04,-0.0149,8,6,7,7.0,0.816496580927726,0.0017108958982558105,0.7219280948873623,0.816496580927726
002050,2014-07,0.2908,7,8,8,7.666666666666667,0.4714045207910317,0.000483684145855568,0.8812908992306927,0.4714045207910317
002050,2014-10,0.1751,7,8,8,7.666666666666667,0.4714045207910317,0.000483684145855568,0.8812908992306927,0.4714045207910317
002050,2015-01,0.1827,6,6,7,6.333333333333333,0.4714045207910317,0.0006758874784615638,0.9709505944546686,0.4714045207910317
002050,2015-04,0.8233,7,8,7,7.333333333333333,0.4714045207910317,0.0005056809102375145,0.8812908992306927,0.4714045207910317
002050,2015-07,-0.4096,4,6,6,5.333333333333333,0.9428090415820634,0.004212595043515672,0.9709505944546686,0.9428090415820634
002050,2015-10,0.19399999999999998,4,4,6,4.666666666666667,0.9428090415820634,0.004817302157272868,0.9709505944546686,0.9428090415820634
002050,2016-01,-0.0727,7,6,7,6.666666666666667,0.4714045207910317,0.0006420713965977487,0.8812908992306927,0.4714045207910317
002050,2016-04,0.5352,6,7,4,5.666666666666667,1.247219128924647,0.006454904945298079,0.9709505944546686,1.247219128924647
002050,2016-07,0.2552,7,6,6,6.333333333333333,0.4714045207910317,0.0006758874784616383,0.8812908992306927,0.4714045207910317
002050,2016-10,-0.0385,7,8,7,7.333333333333333,0.4714045207910317,0.0005056809102375145,0.8812908992306927,0.4714045207910317
002050,2017-01,0.0756,6,7,7,6.666666666666667,0.4714045207910317,0.0006420713965977487,0.9709505944546686,0.4714045207910317
002050,2017-04,0.0526,6,6,7,6.333333333333333,0.4714045207910317,0.0006758874784615638,0.9709505944546686,0.4714045207910317
002050,2017-07,-0.0962,8,8,8,8.0,0.0,0.0,0.7219280948873623,0.0
002050,2017-10,-0.0941,5,7,7,6.333333333333333,0.9428090415820634,0.002946330098012255,1.0,0.9428090415820634
002050,2018-01,-0.001,7,7,7,7.0,0.0,0.0,0.8812908992306927,0.0
002050,2018-04,0.1223,5,6,7,6.0,0.816496580927726,0.002333803387527431,1.0,0.816496580927726
002050,2018-07,-0.185,7,7,7,7.0,0.0,0.0,0.8812908992306927,0.0
002050,2018-10,0.24280000000000002,6,6,5,5.666666666666667,0.4714045207910317,0.0008932948130031191,0.9709505944546686,0.4714045207910317
002050,2019-01,0.1426,4,4,5,4.333333333333333,0.4714045207910317,0.0014294885616036141,0.9709505944546686,0.4714045207910317
002050,2019-04,-0.2018,7,7,6,6.666666666666667,0.4714045207910317,0.000642071396597733,0.8812908992306927,0.4714045207910317
002050,2019-07,0.1096,6,7,6,6.333333333333333,0.4714045207910317,0.0006758874784616383,0.9709505944546686,0.4714045207910317
002050,2019-10,0.0649,7,7,7,7.0,0.0,0.0,0.8812908992306927,0.0
002050,2020-01,-0.0496,8,8,8,8.0,0.0,0.0,0.7219280948873623,0.0
002050,2020-04,0.016399999999999998,4,6,7,5.666666666666667,1.247219128924647,0.006454904945298079,0.9709505944546686,1.247219128924647
002050,2020-07,-0.0506,7,8,7,7.333333333333333,0.4714045207910317,0.0005056809102375145,0.8812908992306927,0.4714045207910317
002050,2020-10,-0.044800000000000006,6,7,8,7.0,0.816496580927726,0.0017108958982558105,0.9709505944546686,0.816496580927726
002050,2021-01,0.056299999999999996,7,7,8,7.333333333333333,0.4714045207910317,0.0005056809102375145,0.8812908992306927,0.4714045207910317
002050,2021-04,0.0576,4,4,8,5.333333333333333,1.8856180831641267,0.014362591564146779,0.9709505944546686,1.8856180831641267
002050,2021-07,0.19079999999999997,7,7,7,7.0,0.0,0.0,0.8812908992306927,0.0
002050,2021-10,-0.0218,4,6,6,5.333333333333333,0.9428090415820634,0.004212595043515672,0.9709505944546686,0.9428090415820634
002050,2022-01,0.0553,7,7,6,6.666666666666667,0.4714045207910317,0.000642071396597733,0.8812908992306927,0.4714045207910317
002050,2022-04,0.053399999999999996,4,4,5,4.333333333333333,0.4714045207910317,0.0014294885616036141,0.9709505944546686,0.4714045207910317
002050,2022-07,-0.2183,7,8,7,7.333333333333333,0.4714045207910317,0.0005056809102375145,0.8812908992306927,0.4714045207910317
002050,2022-10,0.037000000000000005,5,7,6,6.0,0.816496580927726,0.002333803387527431,1.0,0.816496580927726
002050,2023-01,-0.0004,5,4,5,4.666666666666667,0.4714045207910317,0.0013272465907683984,1.0,0.4714045207910317
002050,2023-04,0.1185,7,6,8,7.0,0.816496580927726,0.0017108958982558105,0.8812908992306927,0.816496580927726
002050,2023-07,0.0683,7,8,7,7.333333333333333,0.4714045207910317,0.0005056809102375145,0.8812908992306927,0.4714045207910317
002050,2023-10,0.08380000000000001,5,7,7,6.333333333333333,0.9428090415820634,0.002946330098012255,1.0,0.9428090415820634
002050,2024-01,0.19329999999999997,6,6,7,6.333333333333333,0.4714045207910317,0.0006758874784615638,0.9709505944546686,0.4714045207910317
002050,2024-04,0.0524,4,4,6,4.666666666666667,0.9428090415820634,0.004817302157272868,0.9709505944546686,0.9428090415820634
002050,2024-07,-0.0602,4,4,6,4.666666666666667,0.9428090415820634,0.004817302157272868,0.9709505944546686,0.9428090415820634
002050,2024-10,0.061399999999999996,8,7,6,7.0,0.816496580927726,0.001710895898255767,0.7219280948873623,0.816496580927726
002074,2006-10,0.0019,4,4,6,4.666666666666667,0.9428090415820634,0.004817302157272868,0.9709505944546686,0.9428090415820634
002074,2007-01,0.015,6,4,6,5.333333333333333,0.9428090415820634,0.004212595043515672,0.9709505944546686,0.9428090415820634
002074,2007-04,-0.053899999999999997,7,7,6,6.666666666666667,0.4714045207910317,0.000642071396597733,0.8812908992306927,0.4714045207910317
002074,2007-07,0.1937,5,6,6,5.666666666666667,0.4714045207910317,0.0008932948130031191,1.0,0.4714045207910317
002074,2007-10,0.0146,5,6,7,6.0,0.816496580927726,0.002333803387527431,1.0,0.816496580927726
002074,2008-01,0.1697,7,7,6,6.666666666666667,0.4714045207910317,0.000642071396597733,0.8812908992306927,0.4714045207910317
002074,2008-04,-0.0225,4,6,6,5.333333333333333,0.9428090415820634,0.004212595043515672,0.9709505944546686,0.9428090415820634
002074,2008-07,-0.0883,4,3,5,4.0,0.816496580927726,0.00530599861166309,0.9709505944546686,0.816496580927726
002074,2008-10,0.299,4,4,4,4.0,0.0,0.0,0.9709505944546686,0.0
002074,2009-01,0.045,7,7,5,6.333333333333333,0.9428090415820634,0.002946330098012255,0.8812908992306927,0.9428090415820634
002074,2009-04,0.1435,6,7,5,6.0,0.816496580927726,0.002333803387527431,0.9709505944546686,0.816496580927726
002074,2009-07,-0.11689999999999999,5,6,6,5.666666666666667,0.4714045207910317,0.0008932948130031191,1.0,0.4714045207910317
002074,2009-10,-0.0322,6,7,7,6.666666666666667,0.4714045207910317,0.0006420713965977487,0.9709505944546686,0.4714045207910317
002074,2010-01,0.0177,6,7,6,6.333333333333333,0.4714045207910317,0.0006758874784616383,0.9709505944546686,0.4714045207910317
002074,2010-04,-0.08990000000000001,6,7,6,6.333333333333333,0.4714045207910317,0.0006758874784616383,0.9709505944546686,0.4714045207910317
002074,2010-07,0.2158,4,4,5,4.333333333333333,0.4714045207910317,0.0014294885616036141,0.9709505944546686,0.4714045207910317
002074,2010-10,0.1561,6,4,6,5.333333333333333,0.9428090415820634,0.004212595043515672,0.9709505944546686,0.9428090415820634
002074,2011-01,0.0321,6,6,6,6.0,0.0,0.0,0.9709505944546686,0.0
002074,2011-04,0.0076,6,6,6,6.0,0.0,0.0,0.9709505944546686,0.0
002074,2011-07,-0.04769999999999999,6,6,7,6.333333333333333,0.4714045207910317,0.0006758874784615638,0.9709505944546686,0.4714045207910317
002074,2011-10,-0.0068000000000000005,4,4,6,4.666666666666667,0.9428090415820634,0.004817302157272868,0.9709505944546686,0.9428090415820634
002074,2012-01,0.079,6,5,5,5.333333333333333,0.4714045207910317,0.0009491787649267315,0.9709505944546686,0.4714045207910317
002074,2012-04,0.008,4,4,4,4.0,0.0,0.0,0.9709505944546686,0.0
002074,2012-07,0.0146,5,4,5,4.666666666666667,0.4714045207910317,0.0013272465907683984,1.0,0.4714045207910317
002074,2012-10,-0.0793,5,5,5,5.0,0.0,0.0,1.0,0.0
002074,2013-04,0.0872,6,5,5,5.333333333333333,0.4714045207910317,0.0009491787649267315,0.9709505944546686,0.4714045207910317
002074,2013-07,0.0406,4,4,5,4.333333333333333,0.4714045207910317,0.0014294885616036141,0.9709505944546686,0.4714045207910317
002074,2013-10,0.0866,7,7,6,6.666666666666667,0.4714045207910317,0.000642071396597733,0.8812908992306927,0.4714045207910317
002074,2014-01,0.0472,4,5,5,4.666666666666667,0.4714045207910317,0.0013272465907683984,0.9709505944546686,0.4714045207910317
002074,2014-10,0.09630000000000001,7,7,6,6.666666666666667,0.4714045207910317,0.000642071396597733,0.8812908992306927,0.4714045207910317
002074,2015-01,0.4389,4,6,6,5.333333333333333,0.9428090415820634,0.004212595043515672,0.9709505944546686,0.9428090415820634
002074,2015-04,0.0588,7,7,6,6.666666666666667,0.4714045207910317,0.000642071396597733,0.8812908992306927,0.4714045207910317
002074,2015-07,-0.0407,4,6,6,5.333333333333333,0.9428090415820634,0.004212595043515672,0.9709505944546686,0.9428090415820634
002074,2015-10,0.0876,7,6,7,6.666666666666667,0.4714045207910317,0.0006420713965977487,0.8812908992306927,0.4714045207910317
002074,2016-01,0.2635,6,6,7,6.333333333333333,0.4714045207910317,0.0006758874784615638,0.9709505944546686,0.4714045207910317
002074,2016-04,-0.0603,7,7,6,6.666666666666667,0.4714045207910317,0.000642071396597733,0.8812908992306927,0.4714045207910317
002074,2016-07,-0.0062,6,7,7,6.666666666666667,0.4714045207910317,0.0006420713965977487,0.9709505944546686,0.4714045207910317
002074,2016-10,-0.0663,4,4,6,4.666666666666667,0.9428090415820634,0.004817302157272868,0.9709505944546686,0.9428090415820634
002074,2017-01,-0.023700000000000002,4,4,5,4.333333333333333,0.4714045207910317,0.0014294885616036141,0.9709505944546686,0.4714045207910317
002074,2017-04,-0.1364,6,6,6,6.0,0.0,0.0,0.9709505944546686,0.0
002074,2017-07,-0.1464,7,6,5,6.0,0.816496580927726,0.002333803387527431,0.8812908992306927,0.816496580927726
002074,2017-10,-0.10060000000000001,6,6,6,6.0,0.0,0.0,0.9709505944546686,0.0
002074,2018-01,0.0104,4,4,5,4.333333333333333,0.4714045207910317,0.0014294885616036141,0.9709505944546686,0.4714045207910317
002074,2018-04,-0.0509,6,6,5,5.666666666666667,0.4714045207910317,0.0008932948130031191,0.9709505944546686,0.4714045207910317
002074,2018-07,-0.0383,4,4,4,4.0,0.0,0.0,0.9709505944546686,0.0
002074,2018-10,0.0331,6,4,4,4.666666666666667,0.9428090415820634,0.004817302157272943,0.9709505944546686,0.9428090415820634
002074,2019-01,0.39640000000000003,4,4,4,4.0,0.0,0.0,0.9709505944546686,0.0
002074,2019-04,-0.1376,7,7,5,6.333333333333333,0.9428090415820634,0.002946330098012255,0.8812908992306927,0.9428090415820634
002074,2019-07,-0.0359,5,6,5,5.333333333333333,0.4714045207910317,0.0009491787649267315,1.0,0.4714045207910317
002074,2019-10,-0.0168,5,4,6,5.0,0.816496580927726,0.0033729266193250444,1.0,0.816496580927726
002074,2020-01,-0.10830000000000001,7,7,6,6.666666666666667,0.4714045207910317,0.000642071396597733,0.8812908992306927,0.4714045207910317
002074,2020-04,0.3126,5,5,5,5.0,0.0,0.0,1.0,0.0
002074,2020-07,0.0032,6,6,6,6.0,0.0,0.0,0.9709505944546686,0.0
002074,2020-10,0.1117,4,6,6,5.333333333333333,0.9428090415820634,0.004212595043515672,0.9709505944546686,0.9428090415820634
002074,2021-01,0.0083,7,7,7,7.0,0.0,0.0,0.8812908992306927,0.0
002074,2021-04,0.0334,4,6,7,5.666666666666667,1.247219128924647,0.006454904945298079,0.9709505944546686,1.247219128924647
002074,2021-07,-0.016399999999999998,7,7,7,7.0,0.0,0.0,0.8812908992306927,0.0
002074,2021-10,0.13,5,6,6,5.666666666666667,0.4714045207910317,0.0008932948130031191,1.0,0.4714045207910317
002074,2022-01,0.0776,4,4,6,4.666666666666667,0.9428090415820634,0.004817302157272868,0.9709505944546686,0.9428090415820634
002074,2022-04,0.3804,4,3,4,3.6666666666666665,0.4714045207910317,0.0021766561578771704,0.9709505944546686,0.4714045207910317
002074,2022-07,-0.12119999999999999,7,6,5,6.0,0.816496580927726,0.002333803387527431,0.8812908992306927,0.816496580927726
002074,2022-10,0.0653,4,4,4,4.0,0.0,0.0,0.9709505944546686,0.0
002074,2023-01,-0.08929999999999999,4,4,4,4.0,0.0,0.0,0.9709505944546686,0.0
002074,2023-04,-0.0326,5,5,5,5.0,0.0,0.0,1.0,0.0
002074,2023-07,-0.12140000000000001,6,6,4,5.333333333333333,0.9428090415820634,0.004212595043515672,0.9709505944546686,0.9428090415820634
002074,2023-10,-0.027000000000000003,4,4,5,4.333333333333333,0.4714045207910317,0.0014294885616036141,0.9709505944546686,0.4714045207910317
002074,2024-01,0.058899999999999994,4,4,5,4.333333333333333,0.4714045207910317,0.0014294885616036141,0.9709505944546686,0.4714045207910317
002074,2024-04,0.083,6,5,4,5.0,0.816496580927726,0.0033729266193250444,0.9709505944546686,0.816496580927726
002074,2024-07,-0.044800000000000006,4,4,5,4.333333333333333,0.4714045207910317,0.0014294885616036141,0.9709505944546686,0.4714045207910317
002074,2024-10,0.0194,7,7,6,6.666666666666667,0.4714045207910317,0.000642071396597733,0.8812908992306927,0.4714045207910317
002142,2007-07,-0.0593,5,5,6,5.333333333333333,0.4714045207910317,0.0009491787649267315,1.0,0.4714045207910317
002142,2007-10,-0.0712,6,4,6,5.333333333333333,0.9428090415820634,0.004212595043515672,0.9709505944546686,0.9428090415820634
002142,2008-01,0.1286,7,3,4,4.666666666666667,1.699673171197595,0.01582838201775807,0.8812908992306927,1.699673171197595
002142,2008-04,-0.23600000000000002,3,2,6,3.6666666666666665,1.699673171197595,0.02575266944219168,0.8812908992306927,1.699673171197595
002142,2008-07,-0.6689,3,2,6,3.6666666666666665,1.699673171197595,0.02575266944219168,0.8812908992306927,1.699673171197595
002142,2008-10,0.5139,1,1,1,1.0,0.0,0.0,0.4689955935892812,0.0
002142,2009-01,21.25,2,4,1,2.3333333333333335,1.247219128924647,0.03635797646202721,0.7219280948873623,1.247219128924647
002142,2009-04,0.3386,1,2,1,1.3333333333333333,0.4714045207910317,0.014362591564146779,0.4689955935892812,0.4714045207910317
002142,2009-07,-0.5103,6,1,2,3.0,2.160246899469287,0.06297904566134363,0.9709505944546686,2.160246899469287
002142,2009-10,0.1133,7,7,2,5.333333333333333,2.357022603955158,0.03162528845271663,0.8812908992306927,2.357022603955158
002142,2010-01,0.037200000000000004,7,7,3,5.666666666666667,1.8856180831641267,0.01639998447673846,0.8812908992306927,1.8856180831641267
002142,2010-04,-0.337,6,8,7,7.0,0.816496580927726,0.0017108958982558105,0.9709505944546686,0.816496580927726
002142,2010-07,0.009300000000000001,4,4,4,4.0,0.0,0.0,0.9709505944546686,0.0
002142,2010-10,-0.2306,6,3,6,5.0,1.4142135623730951,0.011456875501600412,0.9709505944546686,1.4142135623730951
002142,2011-01,0.0124,7,7,5,6.333333333333333,0.9428090415820634,0.002946330098012255,0.8812908992306927,0.9428090415820634
002142,2011-04,-0.17579999999999998,7,8,6,7.0,0.816496580927726,0.001710895898255767,0.8812908992306927,0.816496580927726
002142,2011-07,-0.188,4,4,6,4.666666666666667,0.9428090415820634,0.004817302157272868,0.9709505944546686,0.9428090415820634
002142,2011-10,-0.2713,4,3,4,3.6666666666666665,0.4714045207910317,0.0021766561578771704,0.9709505944546686,0.4714045207910317
002142,2012-01,0.11109999999999999,6,4,4,4.666666666666667,0.9428090415820634,0.004817302157272943,0.9709505944546686,0.9428090415820634
002142,2012-04,-0.139,4,4,4,4.0,0.0,0.0,0.9709505944546686,0.0
002142,2012-07,-0.16190000000000002,7,7,6,6.666666666666667,0.4714045207910317,0.000642071396597733,0.8812908992306927,0.4714045207910317
002142,2012-10,-0.0935,4,5,6,5.0,0.816496580927726,0.0033729266193250444,0.9709505944546686,0.816496580927726
002142,2013-01,-0.0964,7,7,6,6.666666666666667,0.4714045207910317,0.000642071396597733,0.8812908992306927,0.4714045207910317
002142,2013-04,0.1185,4,6,7,5.666666666666667,1.247219128924647,0.006454904945298079,0.9709505944546686,1.247219128924647
002142,2013-07,0.35,2,2,4,2.6666666666666665,0.9428090415820634,0.014362591564146779,0.7219280948873623,0.9428090415820634
002142,2013-10,-0.0059,7,6,5,6.0,0.816496580927726,0.002333803387527431,0.8812908992306927,0.816496580927726
002142,2014-01,0.0068000000000000005,6,7,6,6.333333333333333,0.4714045207910317,0.0006758874784616383,0.9709505944546686,0.4714045207910317
002142,2014-04,0.0256,5,6,6,5.666666666666667,0.4714045207910317,0.0008932948130031191,1.0,0.4714045207910317
002142,2014-07,-0.1369,8,6,7,7.0,0.816496580927726,0.0017108958982558105,0.7219280948873623,0.816496580927726
002142,2014-10,0.3815,8,8,7,7.666666666666667,0.4714045207910317,0.000483684145855568,0.7219280948873623,0.4714045207910317
002142,2015-01,0.1011,7,7,7,7.0,0.0,0.0,0.8812908992306927,0.0
002142,2015-04,-0.0381,7,8,7,7.333333333333333,0.4714045207910317,0.0005056809102375145,0.8812908992306927,0.4714045207910317
002142,2015-07,-0.0797,8,8,6,7.333333333333333,0.9428090415820634,0.0021766561578771704,0.7219280948873623,0.9428090415820634
002142,2015-10,0.154,4,4,6,4.666666666666667,0.9428090415820634,0.004817302157272868,0.9709505944546686,0.9428090415820634
002142,2016-01,-0.0226,7,6,7,6.666666666666667,0.4714045207910317,0.0006420713965977487,0.8812908992306927,0.4714045207910317
002142,2016-04,0.09369999999999999,6,8,6,6.666666666666667,0.9428090415820634,0.0023948438453058845,0.9709505944546686,0.9428090415820634
002142,2016-07,0.1124,7,6,6,6.333333333333333,0.4714045207910317,0.0006758874784616383,0.8812908992306927,0.4714045207910317
002142,2016-10,0.0574,6,6,8,6.666666666666667,0.9428090415820634,0.0023948438453058845,0.9709505944546686,0.9428090415820634
002142,2017-01,0.0785,6,7,7,6.666666666666667,0.4714045207910317,0.0006420713965977487,0.9709505944546686,0.4714045207910317
002142,2017-04,0.062400000000000004,7,7,8,7.333333333333333,0.4714045207910317,0.0005056809102375145,0.8812908992306927,0.4714045207910317
002142,2017-07,0.0077,7,8,8,7.666666666666667,0.4714045207910317,0.000483684145855568,0.8812908992306927,0.4714045207910317
002142,2017-10,0.0864,6,7,8,7.0,0.816496580927726,0.0017108958982558105,0.9709505944546686,0.816496580927726
002142,2018-01,0.013500000000000002,7,7,8,7.333333333333333,0.4714045207910317,0.0005056809102375145,0.8812908992306927,0.4714045207910317
002142,2018-04,-0.07150000000000001,6,7,8,7.0,0.816496580927726,0.0017108958982558105,0.9709505944546686,0.816496580927726
002142,2018-07,-0.0434,4,4,7,5.0,1.4142135623730951,0.009292928204941,0.9709505944546686,1.4142135623730951
002142,2018-10,-0.0458,7,7,7,7.0,0.0,0.0,0.8812908992306927,0.0
002142,2019-01,0.1234,5,6,6,5.666666666666667,0.4714045207910317,0.0008932948130031191,1.0,0.4714045207910317
002142,2019-04,0.014499999999999999,8,8,7,7.666666666666667,0.4714045207910317,0.000483684145855568,0.7219280948873623,0.4714045207910317
002142,2019-07,-0.0348,7,8,7,7.333333333333333,0.4714045207910317,0.0005056809102375145,0.8812908992306927,0.4714045207910317
002142,2019-10,-0.0172,7,8,8,7.666666666666667,0.4714045207910317,0.000483684145855568,0.8812908992306927,0.4714045207910317
002142,2020-01,-0.0713,7,8,8,7.666666666666667,0.4714045207910317,0.000483684145855568,0.8812908992306927,0.4714045207910317
002142,2020-04,-0.0184,4,4,7,5.0,1.4142135623730951,0.009292928204941,0.9709505944546686,1.4142135623730951
002142,2020-07,0.2382,7,6,7,6.666666666666667,0.4714045207910317,0.0006420713965977487,0.8812908992306927,0.4714045207910317
002142,2020-10,0.09029999999999999,6,7,7,6.666666666666667,0.4714045207910317,0.0006420713965977487,0.9709505944546686,0.4714045207910317
002142,2021-01,0.0441,7,7,7,7.0,0.0,0.0,0.8812908992306927,0.0
002142,2021-04,0.0019,6,7,8,7.0,0.816496580927726,0.0017108958982558105,0.9709505944546686,0.816496580927726
002142,2021-07,-0.0032,6,6,8,6.666666666666667,0.9428090415820634,0.0023948438453058845,0.9709505944546686,0.9428090415820634
002142,2021-10,0.0184,6,6,7,6.333333333333333,0.4714045207910317,0.0006758874784615638,0.9709505944546686,0.4714045207910317
002142,2022-01,-0.0273,7,7,7,7.0,0.0,0.0,0.8812908992306927,0.0
002142,2022-04,-0.10619999999999999,5,7,7,6.333333333333333,0.9428090415820634,0.002946330098012255,1.0,0.9428090415820634
002142,2022-07,-0.047400000000000005,7,7,6,6.666666666666667,0.4714045207910317,0.000642071396597733,0.8812908992306927,0.4714045207910317
002142,2022-10,0.38909999999999995,6,6,6,6.0,0.0,0.0,0.9709505944546686,0.0
002142,2023-01,-0.1069,6,6,6,6.0,0.0,0.0,0.9709505944546686,0.0
002142,2023-04,-0.1108,4,4,6,4.666666666666667,0.9428090415820634,0.004817302157272868,0.9709505944546686,0.9428090415820634
002142,2023-07,-0.10800000000000001,6,6,6,6.0,0.0,0.0,0.9709505944546686,0.0
002142,2023-10,-0.08929999999999999,7,6,6,6.333333333333333,0.4714045207910317,0.0006758874784616383,0.8812908992306927,0.4714045207910317
002142,2024-01,0.0391,4,4,4,4.0,0.0,0.0,0.9709505944546686,0.0
002142,2024-04,0.08710000000000001,6,4,6,5.333333333333333,0.9428090415820634,0.004212595043515672,0.9709505944546686,0.9428090415820634
002142,2024-07,-0.0611,6,6,6,6.0,0.0,0.0,0.9709505944546686,0.0
002142,2024-10,-0.035699999999999996,7,8,7,7.333333333333333,0.4714045207910317,0.0005056809102375145,0.8812908992306927,0.4714045207910317
002179,2008-01,0.21050000000000002,6,7,6,6.333333333333333,0.4714045207910317,0.0006758874784616383,0.9709505944546686,0.4714045207910317
002179,2008-04,0.0174,4,2,6,4.0,1.632993161855452,0.02254805037907019,0.9709505944546686,1.632993161855452
002179,2008-07,-0.1852,2,2,4,2.6666666666666665,0.9428090415820634,0.014362591564146779,0.7219280948873623,0.9428090415820634
002179,2008-10,0.124,4,3,6,4.333333333333333,1.247219128924647,0.01013672725206552,0.9709505944546686,1.247219128924647
002179,2009-01,-0.0588,7,7,4,6.0,1.4142135623730951,0.007732062599348774,0.8812908992306927,1.4142135623730951
002179,2009-04,-0.48479999999999995,8,8,4,6.666666666666667,1.8856180831641267,0.011456875501600412,0.7219280948873623,1.8856180831641267
002179,2009-07,-7.1111,4,6,6,5.333333333333333,0.9428090415820634,0.004212595043515672,0.9709505944546686,0.9428090415820634
002179,2009-10,1.7,2,2,1,1.6666666666666667,0.4714045207910317,0.011456875501600412,0.7219280948873623,0.4714045207910317
002179,2010-01,2.3333,6,2,1,3.0,2.160246899469287,0.06297904566134355,0.9709505944546686,2.160246899469287
002179,2010-04,-6.2222,6,7,3,5.333333333333333,1.699673171197595,0.014489122970023622,0.9709505944546686,1.699673171197595
002179,2010-07,0.0,3,4,1,2.6666666666666665,1.247219128924647,0.03356831678879539,0.8812908992306927,1.247219128924647
002179,2010-10,-0.09050000000000001,2,1,1,1.3333333333333333,0.4714045207910317,0.014362591564146779,0.7219280948873623,0.4714045207910317
002179,2011-01,0.38020000000000004,4,6,3,4.333333333333333,1.247219128924647,0.010136727252065516,0.9709505944546686,1.247219128924647
002179,2011-04,-0.3093,7,8,3,6.0,2.160246899469287,0.019209548095934934,0.8812908992306927,2.160246899469287
002179,2011-07,0.0038,7,8,6,7.0,0.816496580927726,0.001710895898255767,0.8812908992306927,0.816496580927726
002179,2011-10,-0.08,4,4,7,5.0,1.4142135623730951,0.009292928204941,0.9709505944546686,1.4142135623730951
002179,2012-01,1.2444,3,3,4,3.3333333333333335,0.4714045207910317,0.0023948438453058845,0.8812908992306927,0.4714045207910317
002179,2012-04,-0.38539999999999996,3,2,3,2.6666666666666665,0.4714045207910317,0.004212595043515672,0.8812908992306927,0.4714045207910317
002179,2012-07,-1.12,3,2,3,2.6666666666666665,0.4714045207910317,0.004212595043515672,0.8812908992306927,0.4714045207910317
002179,2012-10,-5.625,3,3,3,3.0,0.0,0.0,0.8812908992306927,0.0
002179,2013-01,1.3333000000000002,3,3,3,3.0,0.0,0.0,0.8812908992306927,0.0
002179,2013-04,4.1429,6,2,1,3.0,2.160246899469287,0.06297904566134355,0.9709505944546686,2.160246899469287
002179,2013-07,13.5,1,1,2,1.3333333333333333,0.4714045207910317,0.014362591564146779,0.4689955935892812,0.4714045207910317
002179,2013-10,7.875,6,1,1,2.6666666666666665,2.3570226039551585,0.09024627190021624,0.9709505944546686,2.3570226039551585
002179,2014-01,0.0202,6,3,3,4.0,1.4142135623730951,0.014362591564146779,0.9709505944546686,1.4142135623730951
002179,2014-04,0.3148,4,6,3,4.333333333333333,1.247219128924647,0.010136727252065516,0.9709505944546686,1.247219128924647
002179,2014-07,0.32,7,8,4,6.333333333333333,1.699673171197595,0.009987340665783205,0.8812908992306927,1.699673171197595
002179,2014-10,-0.20600000000000002,8,8,2,6.0,2.8284271247461903,0.03703306698873225,0.7219280948873623,2.8284271247461903
002179,2015-01,0.16620000000000001,4,7,7,6.0,1.4142135623730951,0.007732062599348774,0.9709505944546686,1.4142135623730951
002179,2015-04,0.5257000000000001,8,8,7,7.666666666666667,0.4714045207910317,0.000483684145855568,0.7219280948873623,0.4714045207910317
002179,2015-07,-0.2486,6,6,7,6.333333333333333,0.4714045207910317,0.0006758874784615638,0.9709505944546686,0.4714045207910317
002179,2015-10,0.0277,6,7,7,6.666666666666667,0.4714045207910317,0.0006420713965977487,0.9709505944546686,0.4714045207910317
002179,2016-01,0.0661,6,6,7,6.333333333333333,0.4714045207910317,0.0006758874784615638,0.9709505944546686,0.4714045207910317
002179,2016-04,0.1084,7,7,7,7.0,0.0,0.0,0.8812908992306927,0.0
002179,2016-07,-0.0319,7,7,7,7.0,0.0,0.0,0.8812908992306927,0.0
002179,2016-10,-0.0288,4,7,7,6.0,1.4142135623730951,0.007732062599348774,0.9709505944546686,1.4142135623730951
002179,2017-01,-0.0435,5,4,6,5.0,0.816496580927726,0.0033729266193250444,1.0,0.816496580927726
002179,2017-04,-0.057699999999999994,6,4,7,5.666666666666667,1.247219128924647,0.006454904945298079,0.9709505944546686,1.247219128924647
002179,2017-07,-0.044500000000000005,7,8,6,7.0,0.816496580927726,0.001710895898255767,0.8812908992306927,0.816496580927726
002179,2017-10,-0.0349,7,8,7,7.333333333333333,0.4714045207910317,0.0005056809102375145,0.8812908992306927,0.4714045207910317
002179,2018-01,0.025,7,8,8,7.666666666666667,0.4714045207910317,0.000483684145855568,0.8812908992306927,0.4714045207910317
002179,2018-04,0.0075,7,8,8,7.666666666666667,0.4714045207910317,0.000483684145855568,0.8812908992306927,0.4714045207910317
002179,2018-07,-0.0197,5,6,7,6.0,0.816496580927726,0.002333803387527431,1.0,0.816496580927726
002179,2018-10,0.0274,7,7,8,7.333333333333333,0.4714045207910317,0.0005056809102375145,0.8812908992306927,0.4714045207910317
002179,2019-01,0.2079,4,4,6,4.666666666666667,0.9428090415820634,0.004817302157272868,0.9709505944546686,0.9428090415820634
002179,2019-04,0.04190000000000001,7,5,6,6.0,0.816496580927726,0.002333803387527431,0.8812908992306927,0.816496580927726
002179,2019-07,0.2046,7,7,8,7.333333333333333,0.4714045207910317,0.0005056809102375145,0.8812908992306927,0.4714045207910317
002179,2019-10,-0.0526,6,7,8,7.0,0.816496580927726,0.0017108958982558105,0.9709505944546686,0.816496580927726
002179,2020-01,0.059800000000000006,6,7,8,7.0,0.816496580927726,0.0017108958982558105,0.9709505944546686,0.816496580927726
002179,2020-04,-0.0233,4,4,7,5.0,1.4142135623730951,0.009292928204941,0.9709505944546686,1.4142135623730951
002179,2020-07,0.1241,8,7,7,7.333333333333333,0.4714045207910317,0.0005056809102375145,0.7219280948873623,0.4714045207910317
002179,2020-10,0.07150000000000001,6,7,7,6.666666666666667,0.4714045207910317,0.0006420713965977487,0.9709505944546686,0.4714045207910317
002179,2021-01,-0.0105,8,8,8,8.0,0.0,0.0,0.7219280948873623,0.0
002179,2021-04,0.1417,5,7,8,6.666666666666667,1.247219128924647,0.004605278650825295,1.0,1.247219128924647
002179,2021-07,0.22219999999999998,7,6,8,7.0,0.816496580927726,0.0017108958982558105,0.8812908992306927,0.816496580927726
002179,2021-10,0.12269999999999999,5,6,7,6.0,0.816496580927726,0.002333803387527431,1.0,0.816496580927726
002179,2022-01,-0.0013,7,7,7,7.0,0.0,0.0,0.8812908992306927,0.0
002179,2022-04,0.10279999999999999,4,4,7,5.0,1.4142135623730951,0.009292928204941,0.9709505944546686,1.4142135623730951
002179,2022-07,-0.0025,7,6,7,6.666666666666667,0.4714045207910317,0.0006420713965977487,0.8812908992306927,0.4714045207910317
002179,2022-10,-0.114,4,6,6,5.333333333333333,0.9428090415820634,0.004212595043515672,0.9709505944546686,0.9428090415820634
002179,2023-01,-0.013600000000000001,5,5,6,5.333333333333333,0.4714045207910317,0.0009491787649267315,1.0,0.4714045207910317
002179,2023-04,0.0171,5,4,6,5.0,0.816496580927726,0.0033729266193250444,1.0,0.816496580927726
002179,2023-07,0.0602,7,7,6,6.666666666666667,0.4714045207910317,0.000642071396597733,0.8812908992306927,0.4714045207910317
002179,2023-10,-0.0404,4,6,6,5.333333333333333,0.9428090415820634,0.004212595043515672,0.9709505944546686,0.9428090415820634
002179,2024-01,0.1162,5,5,6,5.333333333333333,0.4714045207910317,0.0009491787649267315,1.0,0.4714045207910317
002179,2024-04,0.0472,5,5,6,5.333333333333333,0.4714045207910317,0.0009491787649267315,1.0,0.4714045207910317
002179,2024-07,-0.0553,7,6,7,6.666666666666667,0.4714045207910317,0.0006420713965977487,0.8812908992306927,0.4714045207910317
002179,2024-10,-0.0953,8,8,7,7.666666666666667,0.4714045207910317,0.000483684145855568,0.7219280948873623,0.4714045207910317
600000,2005-01,0.0239,4,4,5,4.333333333333333,0.4714045207910317,0.0014294885616036141,0.9709505944546686,0.4714045207910317
600000,2005-04,-0.0104,4,4,5,4.333333333333333,0.4714045207910317,0.0014294885616036141,0.9709505944546686,0.4714045207910317
600000,2005-07,0.0085,6,6,5,5.666666666666667,0.4714045207910317,0.0008932948130031191,0.9709505944546686,0.4714045207910317
600000,2005-10,0.0202,5,6,5,5.333333333333333,0.4714045207910317,0.0009491787649267315,1.0,0.4714045207910317
600000,2006-01,0.0739,6,6,6,6.0,0.0,0.0,0.9709505944546686,0.0
600000,2006-07,0.071,4,5,6,5.0,0.816496580927726,0.0033729266193250444,0.9709505944546686,0.816496580927726
600000,2006-10,0.2955,6,5,6,5.666666666666667,0.4714045207910317,0.0008932948130031191,0.9709505944546686,0.4714045207910317
600000,2007-01,-2.0,3,2,3,2.6666666666666665,0.4714045207910317,0.004212595043515672,0.8812908992306927,0.4714045207910317
600000,2007-04,2.1081,1,1,2,1.3333333333333333,0.4714045207910317,0.014362591564146779,0.4689955935892812,0.4714045207910317
600000,2007-07,0.8793000000000001,3,3,1,2.3333333333333335,0.9428090415820634,0.025559141193383414,0.8812908992306927,0.9428090415820634
600000,2007-10,-0.19579999999999997,5,3,3,3.6666666666666665,0.9428090415820634,0.007715945411659827,1.0,0.9428090415820634
600000,2008-01,-0.17190000000000003,6,6,3,5.0,1.4142135623730951,0.011456875501600412,0.9709505944546686,1.4142135623730951
600000,2008-04,-0.2974,3,2,3,2.6666666666666665,0.4714045207910317,0.004212595043515672,0.8812908992306927,0.4714045207910317
600000,2008-07,-0.156,2,2,3,2.3333333333333335,0.4714045207910317,0.004817302157272868,0.7219280948873623,0.4714045207910317
600000,2008-10,0.0435,2,1,3,2.0,0.816496580927726,0.02254805037907019,0.7219280948873623,0.816496580927726
600000,2009-01,0.8649,4,4,2,3.3333333333333335,0.9428090415820634,0.011456875501600412,0.9709505944546686,0.9428090415820634
600000,2009-04,0.474,1,1,1,1.0,0.0,0.0,0.4689955935892812,0.0
600000,2009-07,-0.6433,3,1,1,1.6666666666666667,0.9428090415820634,0.036160391661783364,0.8812908992306927,0.9428090415820634
600000,2009-10,0.029300000000000003,4,4,3,3.6666666666666665,0.4714045207910317,0.0021766561578771704,0.9709505944546686,0.4714045207910317
600000,2010-01,0.1597,6,4,3,4.333333333333333,1.247219128924647,0.010136727252065516,0.9709505944546686,1.247219128924647
600000,2010-04,-0.2591,6,7,4,5.666666666666667,1.247219128924647,0.006454904945298079,0.9709505944546686,1.247219128924647
600000,2010-07,-0.184,3,3,4,3.3333333333333335,0.4714045207910317,0.0023948438453058845,0.8812908992306927,0.4714045207910317
600000,2010-10,-0.3678,4,3,4,3.6666666666666665,0.4714045207910317,0.0021766561578771704,0.9709505944546686,0.4714045207910317
600000,2011-01,-0.006,4,4,3,3.6666666666666665,0.4714045207910317,0.0021766561578771704,0.9709505944546686,0.4714045207910317
600000,2011-04,-0.0916,6,6,4,5.333333333333333,0.9428090415820634,0.004212595043515672,0.9709505944546686,0.9428090415820634
600000,2011-07,-0.0473,4,4,4,4.0,0.0,0.0,0.9709505944546686,0.0
600000,2011-10,-0.3704,3,2,3,2.6666666666666665,0.4714045207910317,0.004212595043515672,0.8812908992306927,0.4714045207910317
600000,2012-01,0.1618,5,4,4,4.333333333333333,0.4714045207910317,0.0014294885616036141,1.0,0.4714045207910317
600000,2012-04,-0.302,4,4,4,4.0,0.0,0.0,0.9709505944546686,0.0
600000,2012-07,-0.0833,3,3,3,3.0,0.0,0.0,0.8812908992306927,0.0
600000,2012-10,-0.08109999999999999,2,2,3,2.3333333333333335,0.4714045207910317,0.004817302157272868,0.7219280948873623,0.4714045207910317
600000,2013-01,-0.09519999999999999,1,1,4,2.0,1.4142135623730951,0.05663301226513243,0.4689955935892812,1.4142135623730951
600000,2013-04,0.20199999999999999,4,3,4,3.6666666666666665,0.4714045207910317,0.0021766561578771704,0.9709505944546686,0.4714045207910317
600000,2013-07,0.79,3,2,4,3.0,0.816496580927726,0.00957506104276447,0.8812908992306927,0.816496580927726
600000,2013-10,-0.08789999999999999,6,6,3,5.0,1.4142135623730951,0.011456875501600412,0.9709505944546686,1.4142135623730951
600000,2014-01,-0.099,3,4,4,3.6666666666666665,0.4714045207910317,0.0021766561578771704,0.8812908992306927,0.4714045207910317
600000,2014-04,-0.059800000000000006,6,6,5,5.666666666666667,0.4714045207910317,0.0008932948130031191,0.9709505944546686,0.4714045207910317
600000,2014-07,-0.0816,6,6,6,6.0,0.0,0.0,0.9709505944546686,0.0
600000,2014-10,0.4968,6,6,6,6.0,0.0,0.0,0.9709505944546686,0.0
600000,2015-01,0.008199999999999999,3,3,4,3.3333333333333335,0.4714045207910317,0.0023948438453058845,0.8812908992306927,0.4714045207910317
600000,2015-04,-0.0837,6,6,4,5.333333333333333,0.9428090415820634,0.004212595043515672,0.9709505944546686,0.9428090415820634
600000,2015-07,-0.01,7,6,4,5.666666666666667,1.247219128924647,0.006454904945298079,0.8812908992306927,1.247219128924647
600000,2015-10,0.1985,6,6,4,5.333333333333333,0.9428090415820634,0.004212595043515672,0.9709505944546686,0.9428090415820634
600000,2016-01,0.13119999999999998,5,5,6,5.333333333333333,0.4714045207910317,0.0009491787649267315,1.0,0.4714045207910317
600000,2016-04,0.0368,4,5,6,5.0,0.816496580927726,0.0033729266193250444,0.9709505944546686,0.816496580927726
600000,2016-07,0.0672,4,4,6,4.666666666666667,0.9428090415820634,0.004817302157272868,0.9709505944546686,0.9428090415820634
600000,2016-10,0.0736,5,6,6,5.666666666666667,0.4714045207910317,0.0008932948130031191,1.0,0.4714045207910317
600000,2017-01,-0.0113,4,4,5,4.333333333333333,0.4714045207910317,0.0014294885616036141,0.9709505944546686,0.4714045207910317
600000,2017-04,0.1507,4,4,5,4.333333333333333,0.4714045207910317,0.0014294885616036141,0.9709505944546686,0.4714045207910317
600000,2017-07,-0.06269999999999999,5,5,6,5.333333333333333,0.4714045207910317,0.0009491787649267315,1.0,0.4714045207910317
600000,2017-10,0.031200000000000002,5,6,5,5.333333333333333,0.4714045207910317,0.0009491787649267315,1.0,0.4714045207910317
600000,2018-01,-0.0697,5,4,6,5.0,0.816496580927726,0.0033729266193250444,1.0,0.816496580927726
600000,2018-04,-0.12300000000000001,4,4,4,4.0,0.0,0.0,0.9709505944546686,0.0
600000,2018-07,0.022000000000000002,4,3,4,3.6666666666666665,0.4714045207910317,0.0021766561578771704,0.9709505944546686,0.4714045207910317
600000,2018-10,-0.0334,6,5,4,5.0,0.816496580927726,0.0033729266193250444,0.9709505944546686,0.816496580927726
600000,2019-01,0.1288,4,4,4,4.0,0.0,0.0,0.9709505944546686,0.0
600000,2019-04,-0.0925,6,5,5,5.333333333333333,0.4714045207910317,0.0009491787649267315,0.9709505944546686,0.4714045207910317
600000,2019-07,-0.0632,6,6,6,6.0,0.0,0.0,0.9709505944546686,0.0
600000,2019-10,-0.0602,6,6,6,6.0,0.0,0.0,0.9709505944546686,0.0
600000,2020-01,-0.056799999999999996,6,6,6,6.0,0.0,0.0,0.9709505944546686,0.0
600000,2020-04,-0.0074,4,4,4,4.0,0.0,0.0,0.9709505944546686,0.0
600000,2020-07,0.0,6,4,4,4.666666666666667,0.9428090415820634,0.004817302157272943,0.9709505944546686,0.9428090415820634
600000,2020-10,0.1093,4,4,4,4.0,0.0,0.0,0.9709505944546686,0.0
600000,2021-01,0.0723,5,4,4,4.333333333333333,0.4714045207910317,0.0014294885616036141,1.0,0.4714045207910317
600000,2021-04,0.0271,6,6,6,6.0,0.0,0.0,0.9709505944546686,0.0
600000,2021-07,0.0026,4,5,5,4.666666666666667,0.4714045207910317,0.0013272465907683984,0.9709505944546686,0.4714045207910317
600000,2021-10,-0.0575,4,4,5,4.333333333333333,0.4714045207910317,0.0014294885616036141,0.9709505944546686,0.4714045207910317
600000,2022-01,-0.0029,5,4,5,4.666666666666667,0.4714045207910317,0.0013272465907683984,1.0,0.4714045207910317
600000,2022-04,-0.0137,4,4,4,4.0,0.0,0.0,0.9709505944546686,0.0
600000,2022-07,0.0016,5,5,4,4.666666666666667,0.4714045207910317,0.0013272465907683984,1.0,0.4714045207910317
600000,2022-10,0.1038,4,4,4,4.0,0.0,0.0,0.9709505944546686,0.0
600000,2023-01,-0.0301,5,5,5,5.0,0.0,0.0,1.0,0.0
600000,2023-04,-0.0382,5,4,5,4.666666666666667,0.4714045207910317,0.0013272465907683984,1.0,0.4714045207910317
600000,2023-07,-0.0902,5,4,5,4.666666666666667,0.4714045207910317,0.0013272465907683984,1.0,0.4714045207910317
600000,2023-10,0.0049,5,5,6,5.333333333333333,0.4714045207910317,0.0009491787649267315,1.0,0.4714045207910317
600000,2024-01,0.0525,4,4,5,4.333333333333333,0.4714045207910317,0.0014294885616036141,0.9709505944546686,0.4714045207910317
600000,2024-04,0.09179999999999999,6,4,6,5.333333333333333,0.9428090415820634,0.004212595043515672,0.9709505944546686,0.9428090415820634
600000,2024-07,0.0038,6,6,6,6.0,0.0,0.0,0.9709505944546686,0.0
600000,2024-10,-0.0403,6,6,6,6.0,0.0,0.0,0.9709505944546686,0.0
600009,2005-01,-0.0042,4,4,6,4.666666666666667,0.9428090415820634,0.004817302157272868,0.9709505944546686,0.9428090415820634
600009,2005-04,-0.1863,7,6,6,6.333333333333333,0.4714045207910317,0.0006758874784616383,0.8812908992306927,0.4714045207910317
600009,2005-07,-0.062,6,7,5,6.0,0.816496580927726,0.002333803387527431,0.9709505944546686,0.816496580927726
600009,2005-10,-0.1164,4,4,5,4.333333333333333,0.4714045207910317,0.0014294885616036141,0.9709505944546686,0.4714045207910317
600009,2006-01,0.0013,6,5,4,5.0,0.816496580927726,0.0033729266193250444,0.9709505944546686,0.816496580927726
600009,2006-04,0.1435,4,3,4,3.6666666666666665,0.4714045207910317,0.0021766561578771704,0.9709505944546686,0.4714045207910317
600009,2006-07,0.0194,7,7,5,6.333333333333333,0.9428090415820634,0.002946330098012255,0.8812908992306927,0.9428090415820634
600009,2006-10,0.11359999999999999,6,7,6,6.333333333333333,0.4714045207910317,0.0006758874784616383,0.9709505944546686,0.4714045207910317
600009,2007-01,-0.025099999999999997,7,8,7,7.333333333333333,0.4714045207910317,0.0005056809102375145,0.8812908992306927,0.4714045207910317
600009,2007-04,0.0793,6,6,7,6.333333333333333,0.4714045207910317,0.0006758874784615638,0.9709505944546686,0.4714045207910317
600009,2007-07,0.0277,7,7,7,7.0,0.0,0.0,0.8812908992306927,0.0
600009,2007-10,-0.1081,5,6,7,6.0,0.816496580927726,0.002333803387527431,1.0,0.816496580927726
600009,2008-01,-0.0509,7,6,6,6.333333333333333,0.4714045207910317,0.0006758874784616383,0.8812908992306927,0.4714045207910317
600009,2008-04,-0.034300000000000004,3,3,4,3.3333333333333335,0.4714045207910317,0.0023948438453058845,0.8812908992306927,0.4714045207910317
600009,2008-07,-0.0781,3,2,3,2.6666666666666665,0.4714045207910317,0.004212595043515672,0.8812908992306927,0.4714045207910317
600009,2008-10,0.0712,6,4,4,4.666666666666667,0.9428090415820634,0.004817302157272943,0.9709505944546686,0.9428090415820634
600009,2009-01,-0.0111,5,4,3,4.0,0.816496580927726,0.00530599861166309,1.0,0.816496580927726
600009,2009-04,0.0169,7,6,4,5.666666666666667,1.247219128924647,0.006454904945298079,0.8812908992306927,1.247219128924647
600009,2009-07,-0.3172,7,8,6,7.0,0.816496580927726,0.001710895898255767,0.8812908992306927,0.816496580927726
600009,2009-10,0.1277,4,4,4,4.0,0.0,0.0,0.9709505944546686,0.0
600009,2010-01,0.0449,7,7,6,6.666666666666667,0.4714045207910317,0.000642071396597733,0.8812908992306927,0.4714045207910317
600009,2010-04,-0.2509,6,6,7,6.333333333333333,0.4714045207910317,0.0006758874784615638,0.9709505944546686,0.4714045207910317
600009,2010-07,0.0038,3,3,4,3.3333333333333335,0.4714045207910317,0.0023948438453058845,0.8812908992306927,0.4714045207910317
600009,2010-10,-0.2217,6,3,4,4.333333333333333,1.247219128924647,0.010136727252065516,0.9709505944546686,1.247219128924647
600009,2011-01,0.0587,6,6,4,5.333333333333333,0.9428090415820634,0.004212595043515672,0.9709505944546686,0.9428090415820634
600009,2011-04,-0.09390000000000001,5,5,4,4.666666666666667,0.4714045207910317,0.0013272465907683984,1.0,0.4714045207910317
600009,2011-07,0.0259,4,5,6,5.0,0.816496580927726,0.0033729266193250444,0.9709505944546686,0.816496580927726
600009,2011-10,0.0239,4,3,4,3.6666666666666665,0.4714045207910317,0.0021766561578771704,0.9709505944546686,0.4714045207910317
600009,2012-01,0.0855,5,4,5,4.666666666666667,0.4714045207910317,0.0013272465907683984,1.0,0.4714045207910317
600009,2012-04,0.013000000000000001,6,6,5,5.666666666666667,0.4714045207910317,0.0008932948130031191,0.9709505944546686,0.4714045207910317
600009,2012-07,0.0069,5,6,6,5.666666666666667,0.4714045207910317,0.0008932948130031191,1.0,0.4714045207910317
600009,2012-10,-0.027999999999999997,4,4,6,4.666666666666667,0.9428090415820634,0.004817302157272868,0.9709505944546686,0.9428090415820634
600009,2013-01,-0.0104,7,7,6,6.666666666666667,0.4714045207910317,0.000642071396597733,0.8812908992306927,0.4714045207910317
600009,2013-04,0.1266,6,7,6,6.333333333333333,0.4714045207910317,0.0006758874784616383,0.9709505944546686,0.4714045207910317
600009,2013-07,0.5215,4,3,6,4.333333333333333,1.247219128924647,0.01013672725206552,0.9709505944546686,1.247219128924647
600009,2013-10,0.026600000000000002,6,6,6,6.0,0.0,0.0,0.9709505944546686,0.0
600009,2014-01,-0.057300000000000004,4,6,7,5.666666666666667,1.247219128924647,0.006454904945298079,0.9709505944546686,1.247219128924647
600009,2014-04,0.011200000000000002,4,4,5,4.333333333333333,0.4714045207910317,0.0014294885616036141,0.9709505944546686,0.4714045207910317
600009,2014-07,0.017,6,4,7,5.666666666666667,1.247219128924647,0.006454904945298079,0.9709505944546686,1.247219128924647
600009,2014-10,0.1572,7,7,6,6.666666666666667,0.4714045207910317,0.000642071396597733,0.8812908992306927,0.4714045207910317
600009,2015-01,0.0433,7,8,7,7.333333333333333,0.4714045207910317,0.0005056809102375145,0.8812908992306927,0.4714045207910317
600009,2015-04,0.0998,7,8,7,7.333333333333333,0.4714045207910317,0.0005056809102375145,0.8812908992306927,0.4714045207910317
600009,2015-07,-0.0268,7,8,7,7.333333333333333,0.4714045207910317,0.0005056809102375145,0.8812908992306927,0.4714045207910317
600009,2015-10,-0.060899999999999996,5,6,7,6.0,0.816496580927726,0.002333803387527431,1.0,0.816496580927726
600009,2016-01,0.0603,6,5,7,6.0,0.816496580927726,0.002333803387527431,0.9709505944546686,0.816496580927726
600009,2016-04,0.0212,6,7,7,6.666666666666667,0.4714045207910317,0.0006420713965977487,0.9709505944546686,0.4714045207910317
600009,2016-07,0.0128,4,4,6,4.666666666666667,0.9428090415820634,0.004817302157272868,0.9709505944546686,0.9428090415820634
600009,2016-10,0.011699999999999999,5,4,6,5.0,0.816496580927726,0.0033729266193250444,1.0,0.816496580927726
600009,2017-01,-0.0025,5,6,6,5.666666666666667,0.4714045207910317,0.0008932948130031191,1.0,0.4714045207910317
600009,2017-04,0.114,7,7,6,6.666666666666667,0.4714045207910317,0.000642071396597733,0.8812908992306927,0.4714045207910317
600009,2017-07,0.0596,6,6,7,6.333333333333333,0.4714045207910317,0.0006758874784615638,0.9709505944546686,0.4714045207910317
600009,2017-10,-0.048499999999999995,6,6,7,6.333333333333333,0.4714045207910317,0.0006758874784615638,0.9709505944546686,0.4714045207910317
600009,2018-01,0.0449,7,7,7,7.0,0.0,0.0,0.8812908992306927,0.0
600009,2018-04,0.0868,6,6,7,6.333333333333333,0.4714045207910317,0.0006758874784615638,0.9709505944546686,0.4714045207910317
600009,2018-07,-0.0836,7,7,7,7.0,0.0,0.0,0.8812908992306927,0.0
600009,2018-10,0.0116,6,7,7,6.666666666666667,0.4714045207910317,0.0006420713965977487,0.9709505944546686,0.4714045207910317
600009,2019-01,0.1689,5,5,6,5.333333333333333,0.4714045207910317,0.0009491787649267315,1.0,0.4714045207910317
600009,2019-04,-0.0218,7,7,7,7.0,0.0,0.0,0.8812908992306927,0.0
600009,2019-07,0.0239,7,8,7,7.333333333333333,0.4714045207910317,0.0005056809102375145,0.8812908992306927,0.4714045207910317
600009,2019-10,-0.015,4,6,7,5.666666666666667,1.247219128924647,0.006454904945298079,0.9709505944546686,1.247219128924647
600009,2020-01,-0.048499999999999995,6,6,7,6.333333333333333,0.4714045207910317,0.0006758874784615638,0.9709505944546686,0.4714045207910317
600009,2020-04,0.024399999999999998,4,4,6,4.666666666666667,0.9428090415820634,0.004817302157272868,0.9709505944546686,0.9428090415820634
600009,2020-07,0.1394,6,4,6,5.333333333333333,0.9428090415820634,0.004212595043515672,0.9709505944546686,0.9428090415820634
600009,2020-10,0.19,4,5,6,5.0,0.816496580927726,0.0033729266193250444,0.9709505944546686,0.816496580927726
600009,2021-01,-0.2187,6,6,6,6.0,0.0,0.0,0.9709505944546686,0.0
600009,2021-04,0.0072,4,4,5,4.333333333333333,0.4714045207910317,0.0014294885616036141,0.9709505944546686,0.4714045207910317
600009,2021-07,0.12480000000000001,4,4,4,4.0,0.0,0.0,0.9709505944546686,0.0
600009,2021-10,-0.18510000000000001,6,5,4,5.0,0.816496580927726,0.0033729266193250444,0.9709505944546686,0.816496580927726
600009,2022-01,0.0374,6,6,5,5.666666666666667,0.4714045207910317,0.0008932948130031191,0.9709505944546686,0.4714045207910317
600009,2022-04,0.0208,5,6,5,5.333333333333333,0.4714045207910317,0.0009491787649267315,1.0,0.4714045207910317
600009,2022-07,0.09519999999999999,7,7,7,7.0,0.0,0.0,0.8812908992306927,0.0
600009,2022-10,0.039900000000000005,5,7,6,6.0,0.816496580927726,0.002333803387527431,1.0,0.816496580927726
600009,2023-01,-0.0311,6,6,7,6.333333333333333,0.4714045207910317,0.0006758874784615638,0.9709505944546686,0.4714045207910317
600009,2023-04,-0.134,4,4,6,4.666666666666667,0.9428090415820634,0.004817302157272868,0.9709505944546686,0.9428090415820634
600009,2023-07,-0.1751,4,4,6,4.666666666666667,0.9428090415820634,0.004817302157272868,0.9709505944546686,0.9428090415820634
600009,2023-10,-0.0365,4,4,4,4.0,0.0,0.0,0.9709505944546686,0.0
600009,2024-01,0.0643,4,4,4,4.0,0.0,0.0,0.9709505944546686,0.0
600009,2024-04,-0.0783,6,6,5,5.666666666666667,0.4714045207910317,0.0008932948130031191,0.9709505944546686,0.4714045207910317
600009,2024-07,-0.042699999999999995,4,4,6,4.666666666666667,0.9428090415820634,0.004817302157272868,0.9709505944546686,0.9428090415820634
600009,2024-10,-0.0015,7,7,6,6.666666666666667,0.4714045207910317,0.000642071396597733,0.8812908992306927,0.4714045207910317
600010,2005-01,0.11109999999999999,4,4,4,4.0,0.0,0.0,0.9709505944546686,0.0
600010,2005-04,-0.0698,4,4,4,4.0,0.0,0.0,0.9709505944546686,0.0
600010,2005-07,0.1364,5,5,4,4.666666666666667,0.4714045207910317,0.0013272465907683984,1.0,0.4714045207910317
600010,2005-10,0.0,6,6,4,5.333333333333333,0.9428090415820634,0.004212595043515672,0.9709505944546686,0.9428090415820634
600010,2006-01,0.087,7,6,6,6.333333333333333,0.4714045207910317,0.0006758874784616383,0.8812908992306927,0.4714045207910317
600010,2006-04,0.3846,4,4,5,4.333333333333333,0.4714045207910317,0.0014294885616036141,0.9709505944546686,0.4714045207910317
600010,2006-07,-0.0441,6,6,5,5.666666666666667,0.4714045207910317,0.0008932948130031191,0.9709505944546686,0.4714045207910317
600010,2006-10,0.1449,4,5,6,5.0,0.816496580927726,0.0033729266193250444,0.9709505944546686,0.816496580927726
600010,2007-01,0.5124,7,7,6,6.666666666666667,0.4714045207910317,0.000642071396597733,0.8812908992306927,0.4714045207910317
600010,2007-04,0.0575,7,6,6,6.333333333333333,0.4714045207910317,0.0006758874784616383,0.8812908992306927,0.4714045207910317
600010,2007-07,0.19010000000000002,5,5,6,5.333333333333333,0.4714045207910317,0.0009491787649267315,1.0,0.4714045207910317
600010,2007-10,-0.15960000000000002,6,6,6,6.0,0.0,0.0,0.9709505944546686,0.0
600010,2008-01,0.0574,6,6,6,6.0,0.0,0.0,0.9709505944546686,0.0
600010,2008-04,-0.1315,3,3,5,3.6666666666666665,0.9428090415820634,0.00771594541165983,0.8812908992306927,0.9428090415820634
600010,2008-07,-0.2273,3,3,4,3.3333333333333335,0.4714045207910317,0.0023948438453058845,0.8812908992306927,0.4714045207910317
600010,2008-10,0.2571,4,4,3,3.6666666666666665,0.4714045207910317,0.0021766561578771704,0.9709505944546686,0.4714045207910317
600010,2009-01,0.1075,4,4,3,3.6666666666666665,0.4714045207910317,0.0021766561578771704,0.9709505944546686,0.4714045207910317
600010,2009-04,0.0,7,6,4,5.666666666666667,1.247219128924647,0.006454904945298079,0.8812908992306927,1.247219128924647
600010,2009-07,-0.2303,7,7,4,6.0,1.4142135623730951,0.007732062599348774,0.8812908992306927,1.4142135623730951
600010,2009-10,0.1971,4,5,5,4.666666666666667,0.4714045207910317,0.0013272465907683984,0.9709505944546686,0.4714045207910317
600010,2010-01,0.028999999999999998,5,6,6,5.666666666666667,0.4714045207910317,0.0008932948130031191,1.0,0.4714045207910317
600010,2010-04,-0.1418,5,5,6,5.333333333333333,0.4714045207910317,0.0009491787649267315,1.0,0.4714045207910317
600010,2010-07,0.0,4,3,4,3.6666666666666665,0.4714045207910317,0.0021766561578771704,0.9709505944546686,0.4714045207910317
600010,2010-10,-0.1161,6,4,4,4.666666666666667,0.9428090415820634,0.004817302157272943,0.9709505944546686,0.9428090415820634
600010,2011-01,0.25,5,6,4,5.0,0.816496580927726,0.0033729266193250444,1.0,0.816496580927726
600010,2011-04,-0.0124,7,6,6,6.333333333333333,0.4714045207910317,0.0006758874784616383,0.8812908992306927,0.4714045207910317
600010,2011-07,-0.1353,6,7,6,6.333333333333333,0.4714045207910317,0.0006758874784616383,0.9709505944546686,0.4714045207910317
600010,2011-10,-0.1461,3,3,6,4.0,1.4142135623730951,0.014362591564146779,0.8812908992306927,1.4142135623730951
600010,2012-01,0.0833,4,3,4,3.6666666666666665,0.4714045207910317,0.0021766561578771704,0.9709505944546686,0.4714045207910317
600010,2012-04,0.0571,6,6,4,5.333333333333333,0.9428090415820634,0.004212595043515672,0.9709505944546686,0.9428090415820634
600010,2012-07,0.023,3,4,4,3.6666666666666665,0.4714045207910317,0.0021766561578771704,0.8812908992306927,0.4714045207910317
600010,2012-10,-0.1845,5,4,4,4.333333333333333,0.4714045207910317,0.0014294885616036141,1.0,0.4714045207910317
600010,2013-01,-0.0645,6,6,6,6.0,0.0,0.0,0.9709505944546686,0.0
600010,2013-04,0.0183,5,5,4,4.666666666666667,0.4714045207910317,0.0013272465907683984,1.0,0.4714045207910317
600010,2013-07,0.015,4,3,4,3.6666666666666665,0.4714045207910317,0.0021766561578771704,0.9709505944546686,0.4714045207910317
600010,2013-10,0.10289999999999999,4,4,4,4.0,0.0,0.0,0.9709505944546686,0.0
600010,2014-01,0.1014,7,5,4,5.333333333333333,1.247219128924647,0.006684370996497373,0.8812908992306927,1.247219128924647
600010,2014-04,0.0159,4,4,4,4.0,0.0,0.0,0.9709505944546686,0.0
600010,2014-07,0.21739999999999998,4,4,4,4.0,0.0,0.0,0.9709505944546686,0.0
600010,2014-10,0.12689999999999999,7,7,7,7.0,0.0,0.0,0.8812908992306927,0.0
600010,2015-01,0.0282,6,7,6,6.333333333333333,0.4714045207910317,0.0006758874784616383,0.9709505944546686,0.4714045207910317
600010,2015-04,-0.0625,7,7,6,6.666666666666667,0.4714045207910317,0.000642071396597733,0.8812908992306927,0.4714045207910317
600010,2015-07,-0.0968,4,4,6,4.666666666666667,0.9428090415820634,0.004817302157272868,0.9709505944546686,0.9428090415820634
600010,2015-10,-0.046799999999999994,3,3,4,3.3333333333333335,0.4714045207910317,0.0023948438453058845,0.8812908992306927,0.4714045207910317
600010,2016-01,-0.0721,5,4,4,4.333333333333333,0.4714045207910317,0.0014294885616036141,1.0,0.4714045207910317
600010,2016-04,0.004699999999999999,6,5,4,5.0,0.816496580927726,0.0033729266193250444,0.9709505944546686,0.816496580927726
600010,2016-07,0.0354,4,4,4,4.0,0.0,0.0,0.9709505944546686,0.0
600010,2016-10,0.066,4,4,4,4.0,0.0,0.0,0.9709505944546686,0.0
600010,2017-01,0.057999999999999996,4,4,4,4.0,0.0,0.0,0.9709505944546686,0.0
600010,2017-04,0.0189,6,6,5,5.666666666666667,0.4714045207910317,0.0008932948130031191,0.9709505944546686,0.4714045207910317
600010,2017-07,-0.0072,5,5,6,5.333333333333333,0.4714045207910317,0.0009491787649267315,1.0,0.4714045207910317
600010,2017-10,0.0,5,6,6,5.666666666666667,0.4714045207910317,0.0008932948130031191,1.0,0.4714045207910317
600010,2018-01,-0.0449,4,6,6,5.333333333333333,0.9428090415820634,0.004212595043515672,0.9709505944546686,0.9428090415820634
600010,2018-04,-0.1805,4,4,5,4.333333333333333,0.4714045207910317,0.0014294885616036141,0.9709505944546686,0.4714045207910317
600010,2018-07,-0.09759999999999999,4,3,4,3.6666666666666665,0.4714045207910317,0.0021766561578771704,0.9709505944546686,0.4714045207910317
600010,2018-10,-0.056600000000000004,6,5,4,5.0,0.816496580927726,0.0033729266193250444,0.9709505944546686,0.816496580927726
600010,2019-01,0.20829999999999999,4,4,4,4.0,0.0,0.0,0.9709505944546686,0.0
600010,2019-04,0.0359,6,6,4,5.333333333333333,0.9428090415820634,0.004212595043515672,0.9709505944546686,0.9428090415820634
600010,2019-07,-0.0513,4,6,6,5.333333333333333,0.9428090415820634,0.004212595043515672,0.9709505944546686,0.9428090415820634
600010,2019-10,-0.0667,4,4,4,4.0,0.0,0.0,0.9709505944546686,0.0
600010,2020-01,-0.065,5,4,4,4.333333333333333,0.4714045207910317,0.0014294885616036141,1.0,0.4714045207910317
600010,2020-04,0.0189,4,4,4,4.0,0.0,0.0,0.9709505944546686,0.0
600010,2020-07,-0.0087,4,4,4,4.0,0.0,0.0,0.9709505944546686,0.0
600010,2020-10,0.0625,5,4,4,4.333333333333333,0.4714045207910317,0.0014294885616036141,1.0,0.4714045207910317
600010,2021-01,0.34509999999999996,5,5,4,4.666666666666667,0.4714045207910317,0.0013272465907683984,1.0,0.4714045207910317
600010,2021-04,0.11720000000000001,6,6,6,6.0,0.0,0.0,0.9709505944546686,0.0
600010,2021-07,0.32159999999999994,5,6,6,5.666666666666667,0.4714045207910317,0.0008932948130031191,1.0,0.4714045207910317
600010,2021-10,0.0287,4,5,6,5.0,0.816496580927726,0.0033729266193250444,0.9709505944546686,0.816496580927726
600010,2022-01,0.1466,4,6,5,5.0,0.816496580927726,0.0033729266193250444,0.9709505944546686,0.816496580927726
600010,2022-04,0.0699,4,3,6,4.333333333333333,1.247219128924647,0.01013672725206552,0.9709505944546686,1.247219128924647
600010,2022-07,-0.1106,6,6,6,6.0,0.0,0.0,0.9709505944546686,0.0
600010,2022-10,0.1307,3,4,4,3.6666666666666665,0.4714045207910317,0.0021766561578771704,0.8812908992306927,0.4714045207910317
600010,2023-01,0.0049,5,4,4,4.333333333333333,0.4714045207910317,0.0014294885616036141,1.0,0.4714045207910317
600010,2023-04,0.0055000000000000005,4,4,4,4.0,0.0,0.0,0.9709505944546686,0.0
600010,2023-07,-0.0529,5,4,4,4.333333333333333,0.4714045207910317,0.0014294885616036141,1.0,0.4714045207910317
600010,2023-10,-0.0556,4,4,4,4.0,0.0,0.0,0.9709505944546686,0.0
600010,2024-01,0.08449999999999999,4,4,4,4.0,0.0,0.0,0.9709505944546686,0.0
600010,2024-04,-0.0375,6,5,4,5.0,0.816496580927726,0.0033729266193250444,0.9709505944546686,0.816496580927726
600010,2024-07,-0.0137,4,4,4,4.0,0.0,0.0,0.9709505944546686,0.0
600010,2024-10,0.12279999999999999,7,6,4,5.666666666666667,1.247219128924647,0.006454904945298079,0.8812908992306927,1.247219128924647
600011,2005-01,0.1492,5,4,6,5.0,0.816496580927726,0.0033729266193250444,1.0,0.816496580927726
600011,2005-04,-0.4251,5,4,6,5.0,0.816496580927726,0.0033729266193250444,1.0,0.816496580927726
600011,2005-07,0.39049999999999996,6,6,5,5.666666666666667,0.4714045207910317,0.0008932948130031191,0.9709505944546686,0.4714045207910317
600011,2005-10,0.11630000000000001,4,4,4,4.0,0.0,0.0,0.9709505944546686,0.0
600011,2006-01,-0.07490000000000001,6,6,4,5.333333333333333,0.9428090415820634,0.004212595043515672,0.9709505944546686,0.9428090415820634
600011,2006-04,0.6552,7,6,5,6.0,0.816496580927726,0.002333803387527431,0.8812908992306927,0.816496580927726
600011,2006-07,-0.1176,6,6,4,5.333333333333333,0.9428090415820634,0.004212595043515672,0.9709505944546686,0.9428090415820634
600011,2006-10,0.18059999999999998,7,6,4,5.666666666666667,1.247219128924647,0.006454904945298079,0.8812908992306927,1.247219128924647
600011,2007-01,0.31579999999999997,7,7,7,7.0,0.0,0.0,0.8812908992306927,0.0
600011,2007-04,0.1091,7,8,7,7.333333333333333,0.4714045207910317,0.0005056809102375145,0.8812908992306927,0.4714045207910317
600011,2007-07,0.1819,5,6,6,5.666666666666667,0.4714045207910317,0.0008932948130031191,1.0,0.4714045207910317
600011,2007-10,-0.1961,6,7,4,5.666666666666667,1.247219128924647,0.006454904945298079,0.9709505944546686,1.247219128924647
600011,2008-01,0.0405,6,8,6,6.666666666666667,0.9428090415820634,0.0023948438453058845,0.9709505944546686,0.9428090415820634
600011,2008-04,0.1281,3,2,5,3.3333333333333335,1.247219128924647,0.017250981160694335,0.8812908992306927,1.247219128924647
600011,2008-07,-0.2459,3,2,4,3.0,0.816496580927726,0.00957506104276447,0.8812908992306927,0.816496580927726
600011,2008-10,0.6162,6,6,4,5.333333333333333,0.9428090415820634,0.004212595043515672,0.9709505944546686,0.9428090415820634
600011,2009-01,0.3884,4,4,4,4.0,0.0,0.0,0.9709505944546686,0.0
600011,2009-04,-0.0526,7,6,5,6.0,0.816496580927726,0.002333803387527431,0.8812908992306927,0.816496580927726
600011,2009-07,-0.3232,7,7,7,7.0,0.0,0.0,0.8812908992306927,0.0
600011,2009-10,0.07690000000000001,4,4,5,4.333333333333333,0.4714045207910317,0.0014294885616036141,0.9709505944546686,0.4714045207910317
600011,2010-01,0.0048,6,6,6,6.0,0.0,0.0,0.9709505944546686,0.0
600011,2010-04,-0.1525,4,6,6,5.333333333333333,0.9428090415820634,0.004212595043515672,0.9709505944546686,0.9428090415820634
600011,2010-07,-0.0901,6,4,4,4.666666666666667,0.9428090415820634,0.004817302157272943,0.9709505944546686,0.9428090415820634
600011,2010-10,-0.1782,6,4,5,5.0,0.816496580927726,0.0033729266193250444,0.9709505944546686,0.816496580927726
600011,2011-01,0.07,5,4,5,4.666666666666667,0.4714045207910317,0.0013272465907683984,1.0,0.4714045207910317
600011,2011-04,-0.1438,5,4,4,4.333333333333333,0.4714045207910317,0.0014294885616036141,1.0,0.4714045207910317
600011,2011-07,-0.1991,4,4,6,4.666666666666667,0.9428090415820634,0.004817302157272868,0.9709505944546686,0.9428090415820634
600011,2011-10,0.0348,4,3,4,3.6666666666666665,0.4714045207910317,0.0021766561578771704,0.9709505944546686,0.4714045207910317
600011,2012-01,-0.0109,7,7,5,6.333333333333333,0.9428090415820634,0.002946330098012255,0.8812908992306927,0.9428090415820634
600011,2012-04,0.0591,4,6,6,5.333333333333333,0.9428090415820634,0.004212595043515672,0.9709505944546686,0.9428090415820634
600011,2012-07,-0.0993,7,8,7,7.333333333333333,0.4714045207910317,0.0005056809102375145,0.8812908992306927,0.4714045207910317
600011,2012-10,0.037599999999999995,5,7,7,6.333333333333333,0.9428090415820634,0.002946330098012255,1.0,0.9428090415820634
600011,2013-01,-0.0394,7,7,7,7.0,0.0,0.0,0.8812908992306927,0.0
600011,2013-04,0.0109,6,7,7,6.666666666666667,0.4714045207910317,0.0006420713965977487,0.9709505944546686,0.4714045207910317
600011,2013-07,0.0421,4,3,4,3.6666666666666665,0.4714045207910317,0.0021766561578771704,0.9709505944546686,0.4714045207910317
600011,2013-10,-0.08259999999999999,6,4,4,4.666666666666667,0.9428090415820634,0.004817302157272943,0.9709505944546686,0.9428090415820634
600011,2014-01,-0.0253,4,4,4,4.0,0.0,0.0,0.9709505944546686,0.0
600011,2014-04,0.051500000000000004,7,6,4,5.666666666666667,1.247219128924647,0.006454904945298079,0.8812908992306927,1.247219128924647
600011,2014-07,0.0341,7,7,7,7.0,0.0,0.0,0.8812908992306927,0.0
600011,2014-10,0.041299999999999996,7,7,7,7.0,0.0,0.0,0.8812908992306927,0.0
600011,2015-01,-0.0956,6,8,7,7.0,0.816496580927726,0.0017108958982558105,0.9709505944546686,0.816496580927726
600011,2015-04,-0.0461,7,7,7,7.0,0.0,0.0,0.8812908992306927,0.0
600011,2015-07,-0.17010000000000003,7,8,7,7.333333333333333,0.4714045207910317,0.0005056809102375145,0.8812908992306927,0.4714045207910317
600011,2015-10,-0.0297,3,6,6,5.0,1.4142135623730951,0.011456875501600412,0.8812908992306927,1.4142135623730951
600011,2016-01,0.0059,6,4,6,5.333333333333333,0.9428090415820634,0.004212595043515672,0.9709505944546686,0.9428090415820634
600011,2016-04,0.0052,6,6,5,5.666666666666667,0.4714045207910317,0.0008932948130031191,0.9709505944546686,0.4714045207910317
600011,2016-07,-0.0149,5,4,4,4.333333333333333,0.4714045207910317,0.0014294885616036141,1.0,0.4714045207910317
600011,2016-10,0.0867,5,4,6,5.0,0.816496580927726,0.0033729266193250444,1.0,0.816496580927726
600011,2017-01,0.0767,5,4,6,5.0,0.816496580927726,0.0033729266193250444,1.0,0.816496580927726
600011,2017-04,-0.0015,6,5,6,5.666666666666667,0.4714045207910317,0.0008932948130031191,0.9709505944546686,0.4714045207910317
600011,2017-07,-0.029900000000000003,6,6,6,6.0,0.0,0.0,0.9709505944546686,0.0
600011,2017-10,-0.0696,4,5,6,5.0,0.816496580927726,0.0033729266193250444,0.9709505944546686,0.816496580927726
600011,2018-01,-0.0225,4,4,5,4.333333333333333,0.4714045207910317,0.0014294885616036141,0.9709505944546686,0.4714045207910317
600011,2018-04,0.1648,6,6,6,6.0,0.0,0.0,0.9709505944546686,0.0
600011,2018-07,-0.0808,4,5,6,5.0,0.816496580927726,0.0033729266193250444,0.9709505944546686,0.816496580927726
600011,2018-10,0.0789,7,7,6,6.666666666666667,0.4714045207910317,0.000642071396597733,0.8812908992306927,0.4714045207910317
600011,2019-01,0.0848,6,7,7,6.666666666666667,0.4714045207910317,0.0006420713965977487,0.9709505944546686,0.4714045207910317
600011,2019-04,-0.0426,4,4,6,4.666666666666667,0.9428090415820634,0.004817302157272868,0.9709505944546686,0.9428090415820634
600011,2019-07,-0.0383,5,4,6,5.0,0.816496580927726,0.0033729266193250444,1.0,0.816496580927726
600011,2019-10,0.058899999999999994,4,4,6,4.666666666666667,0.9428090415820634,0.004817302157272868,0.9709505944546686,0.9428090415820634
600011,2020-01,-0.1533,4,4,6,4.666666666666667,0.9428090415820634,0.004817302157272868,0.9709505944546686,0.9428090415820634
600011,2020-04,0.032,4,4,4,4.0,0.0,0.0,0.9709505944546686,0.0
600011,2020-07,0.203,4,4,5,4.333333333333333,0.4714045207910317,0.0014294885616036141,0.9709505944546686,0.4714045207910317
600011,2020-10,0.061500000000000006,6,6,6,6.0,0.0,0.0,0.9709505944546686,0.0
600011,2021-01,-0.0398,4,5,5,4.666666666666667,0.4714045207910317,0.0013272465907683984,0.9709505944546686,0.4714045207910317
600011,2021-04,-0.0028000000000000004,6,6,5,5.666666666666667,0.4714045207910317,0.0008932948130031191,0.9709505944546686,0.4714045207910317
600011,2021-07,0.5119,5,5,6,5.333333333333333,0.4714045207910317,0.0009491787649267315,1.0,0.4714045207910317
600011,2021-10,-0.2072,7,7,7,7.0,0.0,0.0,0.8812908992306927,0.0
600011,2022-01,0.1977,7,7,6,6.666666666666667,0.4714045207910317,0.000642071396597733,0.8812908992306927,0.4714045207910317
600011,2022-04,0.0132,4,4,6,4.666666666666667,0.9428090415820634,0.004817302157272868,0.9709505944546686,0.9428090415820634
600011,2022-07,0.1771,6,4,7,5.666666666666667,1.247219128924647,0.006454904945298079,0.9709505944546686,1.247219128924647
600011,2022-10,0.1685,5,6,6,5.666666666666667,0.4714045207910317,0.0008932948130031191,1.0,0.4714045207910317
600011,2023-01,0.0984,5,6,6,5.666666666666667,0.4714045207910317,0.0008932948130031191,1.0,0.4714045207910317
600011,2023-04,0.052000000000000005,7,7,7,7.0,0.0,0.0,0.8812908992306927,0.0
600011,2023-07,-0.0554,6,6,7,6.333333333333333,0.4714045207910317,0.0006758874784615638,0.9709505944546686,0.4714045207910317
600011,2023-10,0.013999999999999999,4,4,6,4.666666666666667,0.9428090415820634,0.004817302157272868,0.9709505944546686,0.9428090415820634
600011,2024-01,0.0072,5,4,6,5.0,0.816496580927726,0.0033729266193250444,1.0,0.816496580927726
600011,2024-04,-0.045,7,7,7,7.0,0.0,0.0,0.8812908992306927,0.0
600011,2024-07,-0.1315,6,7,6,6.333333333333333,0.4714045207910317,0.0006758874784616383,0.9709505944546686,0.4714045207910317
600011,2024-10,-0.0415,6,6,6,6.0,0.0,0.0,0.9709505944546686,0.0
600015,2005-01,0.0575,5,4,4,4.333333333333333,0.4714045207910317,0.0014294885616036141,1.0,0.4714045207910317
600015,2005-04,-0.058600000000000006,4,4,4,4.0,0.0,0.0,0.9709505944546686,0.0
600015,2005-07,0.0655,5,4,5,4.666666666666667,0.4714045207910317,0.0013272465907683984,1.0,0.4714045207910317
600015,2005-10,0.0195,6,6,5,5.666666666666667,0.4714045207910317,0.0008932948130031191,0.9709505944546686,0.4714045207910317
600015,2006-01,0.25329999999999997,7,7,5,6.333333333333333,0.9428090415820634,0.002946330098012255,0.8812908992306927,0.9428090415820634
600015,2006-04,-0.4921,7,6,6,6.333333333333333,0.4714045207910317,0.0006758874784616383,0.8812908992306927,0.4714045207910317
600015,2006-07,0.0183,2,2,4,2.6666666666666665,0.9428090415820634,0.014362591564146779,0.7219280948873623,0.9428090415820634
600015,2006-10,0.4286,6,4,4,4.666666666666667,0.9428090415820634,0.004817302157272943,0.9709505944546686,0.9428090415820634
600015,2007-01,-0.0424,6,7,6,6.333333333333333,0.4714045207910317,0.0006758874784616383,0.9709505944546686,0.4714045207910317
600015,2007-04,-0.045,3,3,3,3.0,0.0,0.0,0.8812908992306927,0.0
600015,2007-07,1.2916999999999998,4,4,2,3.3333333333333335,0.9428090415820634,0.011456875501600412,0.9709505944546686,0.9428090415820634
600015,2007-10,-0.1121,5,4,2,3.6666666666666665,1.247219128924647,0.016317329466294783,1.0,1.247219128924647
600015,2008-01,-0.19899999999999998,4,5,3,4.0,0.816496580927726,0.00530599861166309,0.9709505944546686,0.816496580927726
600015,2008-04,-0.39770000000000005,2,2,4,2.6666666666666665,0.9428090415820634,0.014362591564146779,0.7219280948873623,0.9428090415820634
600015,2008-07,0.1258,2,2,3,2.3333333333333335,0.4714045207910317,0.004817302157272868,0.7219280948873623,0.4714045207910317
600015,2008-10,-0.3333,2,1,2,1.6666666666666667,0.4714045207910317,0.011456875501600412,0.7219280948873623,0.4714045207910317
600015,2009-01,2.04,2,3,3,2.6666666666666665,0.4714045207910317,0.004212595043515672,0.7219280948873623,0.4714045207910317
600015,2009-04,-0.0168,2,2,3,2.3333333333333335,0.4714045207910317,0.004817302157272868,0.7219280948873623,0.4714045207910317
600015,2009-07,-0.7872,4,2,3,3.0,0.816496580927726,0.00957506104276447,0.9709505944546686,0.816496580927726
600015,2009-10,0.08380000000000001,4,4,2,3.3333333333333335,0.9428090415820634,0.011456875501600412,0.9709505944546686,0.9428090415820634
600015,2010-01,0.0667,6,6,3,5.0,1.4142135623730951,0.011456875501600412,0.9709505944546686,1.4142135623730951
600015,2010-04,-0.4052,6,6,5,5.666666666666667,0.4714045207910317,0.0008932948130031191,0.9709505944546686,0.4714045207910317
600015,2010-07,-0.126,5,5,4,4.666666666666667,0.4714045207910317,0.0013272465907683984,1.0,0.4714045207910317
600015,2010-10,-0.3576,4,3,5,4.0,0.816496580927726,0.00530599861166309,0.9709505944546686,0.816496580927726
600015,2011-01,0.0729,5,4,4,4.333333333333333,0.4714045207910317,0.0014294885616036141,1.0,0.4714045207910317
600015,2011-04,-0.028999999999999998,6,7,4,5.666666666666667,1.247219128924647,0.006454904945298079,0.9709505944546686,1.247219128924647
600015,2011-07,0.0759,3,4,4,3.6666666666666665,0.4714045207910317,0.0021766561578771704,0.8812908992306927,0.4714045207910317
600015,2011-10,-0.19,4,3,4,3.6666666666666665,0.4714045207910317,0.0021766561578771704,0.9709505944546686,0.4714045207910317
600015,2012-01,-0.0779,6,6,5,5.666666666666667,0.4714045207910317,0.0008932948130031191,0.9709505944546686,0.4714045207910317
600015,2012-04,-0.2864,4,4,4,4.0,0.0,0.0,0.9709505944546686,0.0
600015,2012-07,-0.033,3,3,4,3.3333333333333335,0.4714045207910317,0.0023948438453058845,0.8812908992306927,0.4714045207910317
600015,2012-10,0.059699999999999996,2,2,3,2.3333333333333335,0.4714045207910317,0.004817302157272868,0.7219280948873623,0.4714045207910317
600015,2013-01,-0.09050000000000001,3,4,4,3.6666666666666665,0.4714045207910317,0.0021766561578771704,0.8812908992306927,0.4714045207910317
600015,2013-04,0.0667,4,4,4,4.0,0.0,0.0,0.9709505944546686,0.0
600015,2013-07,0.4943,2,2,4,2.6666666666666665,0.9428090415820634,0.014362591564146779,0.7219280948873623,0.9428090415820634
600015,2013-10,0.1421,6,6,4,5.333333333333333,0.9428090415820634,0.004212595043515672,0.9709505944546686,0.9428090415820634
600015,2014-01,0.0,6,6,6,6.0,0.0,0.0,0.9709505944546686,0.0
600015,2014-04,-0.0681,6,7,6,6.333333333333333,0.4714045207910317,0.0006758874784616383,0.9709505944546686,0.4714045207910317
600015,2014-07,-0.0906,4,4,6,4.666666666666667,0.9428090415820634,0.004817302157272868,0.9709505944546686,0.9428090415820634
600015,2014-10,0.3392,6,6,6,6.0,0.0,0.0,0.9709505944546686,0.0
600015,2015-01,-0.0173,6,6,6,6.0,0.0,0.0,0.9709505944546686,0.0
600015,2015-04,-0.1024,6,6,5,5.666666666666667,0.4714045207910317,0.0008932948130031191,0.9709505944546686,0.4714045207910317
600015,2015-07,-0.0625,6,6,6,6.0,0.0,0.0,0.9709505944546686,0.0
600015,2015-10,0.07339999999999999,4,4,4,4.0,0.0,0.0,0.9709505944546686,0.0
600015,2016-01,-0.036000000000000004,6,6,6,6.0,0.0,0.0,0.9709505944546686,0.0
600015,2016-04,0.0036,5,6,4,5.0,0.816496580927726,0.0033729266193250444,1.0,0.816496580927726
600015,2016-07,0.087,5,4,4,4.333333333333333,0.4714045207910317,0.0014294885616036141,1.0,0.4714045207910317
600015,2016-10,0.1573,5,5,5,5.0,0.0,0.0,1.0,0.0
600015,2017-01,0.01,5,6,5,5.333333333333333,0.4714045207910317,0.0009491787649267315,1.0,0.4714045207910317
600015,2017-04,0.0113,6,6,6,6.0,0.0,0.0,0.9709505944546686,0.0
600015,2017-07,-0.0638,6,6,6,6.0,0.0,0.0,0.9709505944546686,0.0
600015,2017-10,0.027200000000000002,4,4,6,4.666666666666667,0.9428090415820634,0.004817302157272868,0.9709505944546686,0.9428090415820634
600015,2018-01,-0.0746,5,4,4,4.333333333333333,0.4714045207910317,0.0014294885616036141,1.0,0.4714045207910317
600015,2018-04,-0.061,4,4,5,4.333333333333333,0.4714045207910317,0.0014294885616036141,0.9709505944546686,0.4714045207910317
600015,2018-07,0.0265,4,3,4,3.6666666666666665,0.4714045207910317,0.0021766561578771704,0.9709505944546686,0.4714045207910317
600015,2018-10,-0.037000000000000005,7,5,4,5.333333333333333,1.247219128924647,0.006684370996497373,0.8812908992306927,1.247219128924647
600015,2019-01,0.1431,4,4,4,4.0,0.0,0.0,0.9709505944546686,0.0
600015,2019-04,-0.09140000000000001,6,5,5,5.333333333333333,0.4714045207910317,0.0009491787649267315,0.9709505944546686,0.4714045207910317
600015,2019-07,-0.0593,5,6,5,5.333333333333333,0.4714045207910317,0.0009491787649267315,1.0,0.4714045207910317
600015,2019-10,-0.0113,5,5,4,4.666666666666667,0.4714045207910317,0.0013272465907683984,1.0,0.4714045207910317
600015,2020-01,-0.0859,6,6,6,6.0,0.0,0.0,0.9709505944546686,0.0
600015,2020-04,-0.0432,4,4,4,4.0,0.0,0.0,0.9709505944546686,0.0
600015,2020-07,0.015700000000000002,5,4,4,4.333333333333333,0.4714045207910317,0.0014294885616036141,1.0,0.4714045207910317
600015,2020-10,0.1133,4,4,4,4.0,0.0,0.0,0.9709505944546686,0.0
600015,2021-01,0.0334,5,5,4,4.666666666666667,0.4714045207910317,0.0013272465907683984,1.0,0.4714045207910317
600015,2021-04,0.043899999999999995,6,6,6,6.0,0.0,0.0,0.9709505944546686,0.0
600015,2021-07,0.031,4,4,5,4.333333333333333,0.4714045207910317,0.0014294885616036141,0.9709505944546686,0.4714045207910317
600015,2021-10,0.0025,4,4,5,4.333333333333333,0.4714045207910317,0.0014294885616036141,0.9709505944546686,0.4714045207910317
600015,2022-01,0.0,5,4,5,4.666666666666667,0.4714045207910317,0.0013272465907683984,1.0,0.4714045207910317
600015,2022-04,-0.0339,5,4,4,4.333333333333333,0.4714045207910317,0.0014294885616036141,1.0,0.4714045207910317
600015,2022-07,0.0052,6,6,5,5.666666666666667,0.4714045207910317,0.0008932948130031191,0.9709505944546686,0.4714045207910317
600015,2022-10,0.1278,4,4,5,4.333333333333333,0.4714045207910317,0.0014294885616036141,0.9709505944546686,0.4714045207910317
600015,2023-01,0.0025,5,4,5,4.666666666666667,0.4714045207910317,0.0013272465907683984,1.0,0.4714045207910317
600015,2023-04,0.0045000000000000005,6,6,6,6.0,0.0,0.0,0.9709505944546686,0.0
600015,2023-07,-0.053,6,6,5,5.666666666666667,0.4714045207910317,0.0008932948130031191,0.9709505944546686,0.4714045207910317
600015,2023-10,0.0425,6,6,6,6.0,0.0,0.0,0.9709505944546686,0.0
600015,2024-01,0.0542,5,5,6,5.333333333333333,0.4714045207910317,0.0009491787649267315,1.0,0.4714045207910317
600015,2024-04,0.030899999999999997,6,6,6,6.0,0.0,0.0,0.9709505944546686,0.0
600015,2024-07,-0.045,6,6,6,6.0,0.0,0.0,0.9709505944546686,0.0
600015,2024-10,0.0761,6,7,6,6.333333333333333,0.4714045207910317,0.0006758874784616383,0.9709505944546686,0.4714045207910317
600016,2005-01,0.0574,4,4,4,4.0,0.0,0.0,0.9709505944546686,0.0
600016,2005-04,-0.026000000000000002,4,4,4,4.0,0.0,0.0,0.9709505944546686,0.0
600016,2005-07,0.031400000000000004,5,4,4,4.333333333333333,0.4714045207910317,0.0014294885616036141,1.0,0.4714045207910317
600016,2005-10,0.0204,5,5,4,4.666666666666667,0.4714045207910317,0.0013272465907683984,1.0,0.4714045207910317
600016,2006-01,0.0978,5,5,4,4.666666666666667,0.4714045207910317,0.0013272465907683984,1.0,0.4714045207910317
600016,2006-04,0.0219,6,5,6,5.666666666666667,0.4714045207910317,0.0008932948130031191,0.9709505944546686,0.4714045207910317
600016,2006-07,0.037200000000000004,6,5,6,5.666666666666667,0.4714045207910317,0.0008932948130031191,0.9709505944546686,0.4714045207910317
600016,2006-10,0.35,6,7,6,6.333333333333333,0.4714045207910317,0.0006758874784616383,0.9709505944546686,0.4714045207910317
600016,2007-01,-0.23149999999999998,3,2,2,2.3333333333333335,0.4714045207910317,0.004817302157272943,0.8812908992306927,0.4714045207910317
600016,2007-04,0.0966,6,3,3,4.0,1.4142135623730951,0.014362591564146779,0.9709505944546686,1.4142135623730951
600016,2007-07,0.41240000000000004,6,3,3,4.0,1.4142135623730951,0.014362591564146779,0.9709505944546686,1.4142135623730951
600016,2007-10,-0.2029,5,4,3,4.0,0.816496580927726,0.00530599861166309,1.0,0.816496580927726
600016,2008-01,0.3958,4,5,3,4.0,0.816496580927726,0.00530599861166309,0.9709505944546686,0.816496580927726
600016,2008-04,-0.5389,2,2,4,2.6666666666666665,0.9428090415820634,0.014362591564146779,0.7219280948873623,0.9428090415820634
600016,2008-07,1.4,1,1,2,1.3333333333333333,0.4714045207910317,0.014362591564146779,0.4689955935892812,0.4714045207910317
600016,2008-10,-0.009300000000000001,1,2,3,2.0,0.816496580927726,0.02254805037907019,0.4689955935892812,0.816496580927726
600016,2009-01,0.11689999999999999,4,3,2,3.0,0.816496580927726,0.009575061042764446,0.9709505944546686,0.816496580927726
600016,2009-04,4.3125,6,4,3,4.333333333333333,1.247219128924647,0.010136727252065516,0.9709505944546686,1.247219128924647
600016,2009-07,-0.9048,1,1,1,1.0,0.0,0.0,0.4689955935892812,0.0
600016,2009-10,0.0092,3,1,2,2.0,0.816496580927726,0.02254805037907019,0.8812908992306927,0.816496580927726
600016,2010-01,0.0723,6,4,1,3.6666666666666665,2.0548046676563256,0.050074508701547046,0.9709505944546686,2.0548046676563256
600016,2010-04,-0.3944,6,6,3,5.0,1.4142135623730951,0.011456875501600412,0.9709505944546686,1.4142135623730951
600016,2010-07,-0.25,2,2,2,2.0,0.0,0.0,0.7219280948873623,0.0
600016,2010-10,-0.5745,4,2,3,3.0,0.816496580927726,0.00957506104276447,0.9709505944546686,0.816496580927726
600016,2011-01,0.3529,3,4,3,3.3333333333333335,0.4714045207910317,0.0023948438453058845,0.8812908992306927,0.4714045207910317
600016,2011-04,-0.0632,2,2,3,2.3333333333333335,0.4714045207910317,0.004817302157272868,0.7219280948873623,0.4714045207910317
600016,2011-07,0.75,4,4,4,4.0,0.0,0.0,0.9709505944546686,0.0
600016,2011-10,-0.22219999999999998,3,3,4,3.3333333333333335,0.4714045207910317,0.0023948438453058845,0.8812908992306927,0.4714045207910317
600016,2012-01,0.0909,6,6,3,5.0,1.4142135623730951,0.011456875501600412,0.9709505944546686,1.4142135623730951
600016,2012-04,-0.13970000000000002,4,4,6,4.666666666666667,0.9428090415820634,0.004817302157272868,0.9709505944546686,0.9428090415820634
600016,2012-07,-0.0265,5,5,6,5.333333333333333,0.4714045207910317,0.0009491787649267315,1.0,0.4714045207910317
600016,2012-10,0.1532,4,4,6,4.666666666666667,0.9428090415820634,0.004817302157272868,0.9709505944546686,0.9428090415820634
600016,2013-01,0.0070999999999999995,3,3,4,3.3333333333333335,0.4714045207910317,0.0023948438453058845,0.8812908992306927,0.4714045207910317
600016,2013-04,0.1134,5,4,4,4.333333333333333,0.4714045207910317,0.0014294885616036141,1.0,0.4714045207910317
600016,2013-07,0.1787,3,4,4,3.6666666666666665,0.4714045207910317,0.0021766561578771704,0.8812908992306927,0.4714045207910317
600016,2013-10,-0.07429999999999999,6,6,4,5.333333333333333,0.9428090415820634,0.004212595043515672,0.9709505944546686,0.9428090415820634
600016,2014-01,0.054900000000000004,3,3,5,3.6666666666666665,0.9428090415820634,0.00771594541165983,0.8812908992306927,0.9428090415820634
600016,2014-04,-0.1058,5,4,4,4.333333333333333,0.4714045207910317,0.0014294885616036141,1.0,0.4714045207910317
600016,2014-07,-0.11109999999999999,6,5,4,5.0,0.816496580927726,0.0033729266193250444,0.9709505944546686,0.816496580927726
600016,2014-10,0.2731,5,4,4,4.333333333333333,0.4714045207910317,0.0014294885616036141,1.0,0.4714045207910317
600016,2015-01,-0.0377,3,3,4,3.3333333333333335,0.4714045207910317,0.0023948438453058845,0.8812908992306927,0.4714045207910317
600016,2015-04,-0.0799,5,6,4,5.0,0.816496580927726,0.0033729266193250444,1.0,0.816496580927726
600016,2015-07,-0.0848,5,4,6,5.0,0.816496580927726,0.0033729266193250444,1.0,0.816496580927726
600016,2015-10,0.0064,4,4,5,4.333333333333333,0.4714045207910317,0.0014294885616036141,0.9709505944546686,0.4714045207910317
600016,2016-01,-0.0129,6,6,4,5.333333333333333,0.9428090415820634,0.004212595043515672,0.9709505944546686,0.9428090415820634
600016,2016-04,-0.0339,6,6,4,5.333333333333333,0.9428090415820634,0.004212595043515672,0.9709505944546686,0.9428090415820634
600016,2016-07,0.0225,5,4,4,4.333333333333333,0.4714045207910317,0.0014294885616036141,1.0,0.4714045207910317
600016,2016-10,0.0458,5,5,6,5.333333333333333,0.4714045207910317,0.0009491787649267315,1.0,0.4714045207910317
600016,2017-01,-0.0345,4,5,4,4.333333333333333,0.4714045207910317,0.0014294885616036141,0.9709505944546686,0.4714045207910317
600016,2017-04,0.029900000000000003,4,4,4,4.0,0.0,0.0,0.9709505944546686,0.0
600016,2017-07,-0.031400000000000004,5,5,4,4.666666666666667,0.4714045207910317,0.0013272465907683984,1.0,0.4714045207910317
600016,2017-10,0.0953,4,4,4,4.0,0.0,0.0,0.9709505944546686,0.0
600016,2018-01,-0.086,5,5,4,4.666666666666667,0.4714045207910317,0.0013272465907683984,1.0,0.4714045207910317
600016,2018-04,-0.011200000000000002,4,4,4,4.0,0.0,0.0,0.9709505944546686,0.0
600016,2018-07,-0.0263,4,3,4,3.6666666666666665,0.4714045207910317,0.0021766561578771704,0.9709505944546686,0.4714045207910317
600016,2018-10,-0.0646,7,6,4,5.666666666666667,1.247219128924647,0.006454904945298079,0.8812908992306927,1.247219128924647
600016,2019-01,0.1432,4,4,4,4.0,0.0,0.0,0.9709505944546686,0.0
600016,2019-04,-0.0644,6,4,4,4.666666666666667,0.9428090415820634,0.004817302157272943,0.9709505944546686,0.9428090415820634
600016,2019-07,-0.0575,6,6,6,6.0,0.0,0.0,0.9709505944546686,0.0
600016,2019-10,0.0043,6,5,5,5.333333333333333,0.4714045207910317,0.0009491787649267315,0.9709505944546686,0.4714045207910317
600016,2020-01,-0.0795,5,6,6,5.666666666666667,0.4714045207910317,0.0008932948130031191,1.0,0.4714045207910317
600016,2020-04,-0.0461,4,4,4,4.0,0.0,0.0,0.9709505944546686,0.0
600016,2020-07,0.0023,5,4,4,4.333333333333333,0.4714045207910317,0.0014294885616036141,1.0,0.4714045207910317
600016,2020-10,0.0049,4,4,5,4.333333333333333,0.4714045207910317,0.0014294885616036141,0.9709505944546686,0.4714045207910317
600016,2021-01,0.0178,4,4,4,4.0,0.0,0.0,0.9709505944546686,0.0
600016,2021-04,0.005699999999999999,4,4,5,4.333333333333333,0.4714045207910317,0.0014294885616036141,0.9709505944546686,0.4714045207910317
600016,2021-07,-0.0033,4,4,4,4.0,0.0,0.0,0.9709505944546686,0.0
600016,2021-10,0.0,4,4,4,4.0,0.0,0.0,0.9709505944546686,0.0
600016,2022-01,0.0103,5,4,4,4.333333333333333,0.4714045207910317,0.0014294885616036141,1.0,0.4714045207910317
600016,2022-04,0.0403,4,4,4,4.0,0.0,0.0,0.9709505944546686,0.0
600016,2022-07,-0.0139,6,5,4,5.0,0.816496580927726,0.0033729266193250444,0.9709505944546686,0.816496580927726
600016,2022-10,0.0866,4,4,4,4.0,0.0,0.0,0.9709505944546686,0.0
600016,2023-01,-0.029300000000000003,5,4,4,4.333333333333333,0.4714045207910317,0.0014294885616036141,1.0,0.4714045207910317
600016,2023-04,0.115,5,5,5,5.0,0.0,0.0,1.0,0.0
600016,2023-07,-0.069,6,6,6,6.0,0.0,0.0,0.9709505944546686,0.0
600016,2023-10,0.0409,5,6,6,5.666666666666667,0.4714045207910317,0.0008932948130031191,1.0,0.4714045207910317
600016,2024-01,0.0264,4,4,6,4.666666666666667,0.9428090415820634,0.004817302157272868,0.9709505944546686,0.9428090415820634
600016,2024-04,-0.011699999999999999,6,5,6,5.666666666666667,0.4714045207910317,0.0008932948130031191,0.9709505944546686,0.4714045207910317
600016,2024-07,-0.0373,4,4,4,4.0,0.0,0.0,0.9709505944546686,0.0
600016,2024-10,0.08990000000000001,6,6,5,5.666666666666667,0.4714045207910317,0.0008932948130031191,0.9709505944546686,0.4714045207910317
600018,2006-10,1.1982,5,5,6,5.333333333333333,0.4714045207910317,0.0009491787649267315,1.0,0.4714045207910317
600018,2007-01,0.0806,6,7,6,6.333333333333333,0.4714045207910317,0.0006758874784616383,0.9709505944546686,0.4714045207910317
600018,2007-04,-0.1333,7,7,5,6.333333333333333,0.9428090415820634,0.002946330098012255,0.8812908992306927,0.9428090415820634
600018,2007-07,0.1155,3,4,5,4.0,0.816496580927726,0.00530599861166309,0.8812908992306927,0.816496580927726
600018,2007-10,-0.2112,6,5,6,5.666666666666667,0.4714045207910317,0.0008932948130031191,0.9709505944546686,0.4714045207910317
600018,2008-01,0.1291,6,7,7,6.666666666666667,0.4714045207910317,0.0006420713965977487,0.9709505944546686,0.4714045207910317
600018,2008-04,-0.1402,4,3,4,3.6666666666666665,0.4714045207910317,0.0021766561578771704,0.9709505944546686,0.4714045207910317
600018,2008-07,-0.1745,3,2,4,3.0,0.816496580927726,0.00957506104276447,0.8812908992306927,0.816496580927726
600018,2008-10,0.5316,6,4,4,4.666666666666667,0.9428090415820634,0.004817302157272943,0.9709505944546686,0.9428090415820634
600018,2009-01,0.1368,3,2,3,2.6666666666666665,0.4714045207910317,0.004212595043515672,0.8812908992306927,0.4714045207910317
600018,2009-04,-0.10619999999999999,3,7,4,4.666666666666667,1.699673171197595,0.01582838201775807,0.8812908992306927,1.699673171197595
600018,2009-07,-0.23579999999999998,7,7,7,7.0,0.0,0.0,0.8812908992306927,0.0
600018,2009-10,0.2057,4,4,6,4.666666666666667,0.9428090415820634,0.004817302157272868,0.9709505944546686,0.9428090415820634
600018,2010-01,0.019299999999999998,7,5,6,6.0,0.816496580927726,0.002333803387527431,0.8812908992306927,0.816496580927726
600018,2010-04,-0.2444,5,7,6,6.0,0.816496580927726,0.002333803387527431,1.0,0.816496580927726
600018,2010-07,0.22949999999999998,3,3,4,3.3333333333333335,0.4714045207910317,0.0023948438453058845,0.8812908992306927,0.4714045207910317
600018,2010-10,-0.2568,6,3,4,4.333333333333333,1.247219128924647,0.010136727252065516,0.9709505944546686,1.247219128924647
600018,2011-01,0.1582,4,6,4,4.666666666666667,0.9428090415820634,0.004817302157272943,0.9709505944546686,0.9428090415820634
600018,2011-04,-0.073,5,4,4,4.333333333333333,0.4714045207910317,0.0014294885616036141,1.0,0.4714045207910317
600018,2011-07,-0.25,4,6,6,5.333333333333333,0.9428090415820634,0.004212595043515672,0.9709505944546686,0.9428090415820634
600018,2011-10,-0.2165,3,2,4,3.0,0.816496580927726,0.00957506104276447,0.8812908992306927,0.816496580927726
600018,2012-01,0.2813,2,2,3,2.3333333333333335,0.4714045207910317,0.004817302157272868,0.7219280948873623,0.4714045207910317
600018,2012-04,0.0,6,4,4,4.666666666666667,0.9428090415820634,0.004817302157272943,0.9709505944546686,0.9428090415820634
600018,2012-07,-0.023799999999999998,3,4,4,3.6666666666666665,0.4714045207910317,0.0021766561578771704,0.8812908992306927,0.4714045207910317
600018,2012-10,-0.025,4,3,4,3.6666666666666665,0.4714045207910317,0.0021766561578771704,0.9709505944546686,0.4714045207910317
600018,2013-01,-0.1011,7,8,7,7.333333333333333,0.4714045207910317,0.0005056809102375145,0.8812908992306927,0.4714045207910317
600018,2013-04,0.3448,5,6,6,5.666666666666667,0.4714045207910317,0.0008932948130031191,1.0,0.4714045207910317
600018,2013-07,4.0588,3,3,4,3.3333333333333335,0.4714045207910317,0.0023948438453058845,0.8812908992306927,0.4714045207910317
600018,2013-10,0.0,3,6,3,4.0,1.4142135623730951,0.014362591564146779,0.8812908992306927,1.4142135623730951
600018,2014-01,-0.07919999999999999,6,3,3,4.0,1.4142135623730951,0.014362591564146779,0.9709505944546686,1.4142135623730951
600018,2014-04,-0.0761,5,5,7,5.666666666666667,0.9428090415820634,0.0032941013770045433,1.0,0.9428090415820634
600018,2014-07,0.0327,5,4,6,5.0,0.816496580927726,0.0033729266193250444,1.0,0.816496580927726
600018,2015-01,0.0471,7,8,7,7.333333333333333,0.4714045207910317,0.0005056809102375145,0.8812908992306927,0.4714045207910317
600018,2015-04,-0.0765,8,8,7,7.666666666666667,0.4714045207910317,0.000483684145855568,0.7219280948873623,0.4714045207910317
600018,2015-07,0.11960000000000001,5,6,7,6.0,0.816496580927726,0.002333803387527431,1.0,0.816496580927726
600018,2015-10,-0.0766,4,4,6,4.666666666666667,0.9428090415820634,0.004817302157272868,0.9709505944546686,0.9428090415820634
600018,2016-01,-0.01,5,4,6,5.0,0.816496580927726,0.0033729266193250444,1.0,0.816496580927726
600018,2016-04,0.1015,6,6,4,5.333333333333333,0.9428090415820634,0.004212595043515672,0.9709505944546686,0.9428090415820634
600018,2016-07,-0.0443,5,4,5,4.666666666666667,0.4714045207910317,0.0013272465907683984,1.0,0.4714045207910317
600018,2016-10,0.0353,6,5,6,5.666666666666667,0.4714045207910317,0.0008932948130031191,0.9709505944546686,0.4714045207910317
600018,2017-01,0.1484,5,6,6,5.666666666666667,0.4714045207910317,0.0008932948130031191,1.0,0.4714045207910317
600018,2017-04,0.057300000000000004,6,7,7,6.666666666666667,0.4714045207910317,0.0006420713965977487,0.9709505944546686,0.4714045207910317
600018,2017-07,-0.0496,7,7,7,7.0,0.0,0.0,0.8812908992306927,0.0
600018,2017-10,-0.1632,7,7,7,7.0,0.0,0.0,0.8812908992306927,0.0
600018,2018-01,0.0594,4,5,6,5.0,0.816496580927726,0.0033729266193250444,0.9709505944546686,0.816496580927726
600018,2018-04,-0.0819,5,6,6,5.666666666666667,0.4714045207910317,0.0008932948130031191,1.0,0.4714045207910317
600018,2018-07,-0.092,4,4,6,4.666666666666667,0.9428090415820634,0.004817302157272868,0.9709505944546686,0.9428090415820634
600018,2018-10,0.04019999999999999,5,4,6,5.0,0.816496580927726,0.0033729266193250444,1.0,0.816496580927726
600018,2019-01,0.1429,4,4,6,4.666666666666667,0.9428090415820634,0.004817302157272868,0.9709505944546686,0.9428090415820634
600018,2019-04,-0.0725,8,8,7,7.666666666666667,0.4714045207910317,0.000483684145855568,0.7219280948873623,0.4714045207910317
600018,2019-07,-0.24600000000000002,4,6,7,5.666666666666667,1.247219128924647,0.006454904945298079,0.9709505944546686,1.247219128924647
600018,2019-10,-0.0501,4,4,6,4.666666666666667,0.9428090415820634,0.004817302157272868,0.9709505944546686,0.9428090415820634
600018,2020-01,-0.15789999999999998,6,6,6,6.0,0.0,0.0,0.9709505944546686,0.0
600018,2020-04,-0.041100000000000005,4,4,5,4.333333333333333,0.4714045207910317,0.0014294885616036141,0.9709505944546686,0.4714045207910317
600018,2020-07,-0.0192,6,4,4,4.666666666666667,0.9428090415820634,0.004817302157272943,0.9709505944546686,0.9428090415820634
600018,2020-10,0.136,5,4,6,5.0,0.816496580927726,0.0033729266193250444,1.0,0.816496580927726
600018,2021-01,0.1017,6,7,6,6.333333333333333,0.4714045207910317,0.0006758874784616383,0.9709505944546686,0.4714045207910317
600018,2021-04,0.016,6,7,7,6.666666666666667,0.4714045207910317,0.0006420713965977487,0.9709505944546686,0.4714045207910317
600018,2021-07,0.15789999999999998,6,6,7,6.333333333333333,0.4714045207910317,0.0006758874784615638,0.9709505944546686,0.4714045207910317
600018,2021-10,-0.1772,7,7,8,7.333333333333333,0.4714045207910317,0.0005056809102375145,0.8812908992306927,0.4714045207910317
600018,2022-01,0.0040999999999999995,6,8,6,6.666666666666667,0.9428090415820634,0.0023948438453058845,0.9709505944546686,0.9428090415820634
600018,2022-04,0.061799999999999994,6,4,7,5.666666666666667,1.247219128924647,0.006454904945298079,0.9709505944546686,1.247219128924647
600018,2022-07,0.0254,5,6,7,6.0,0.816496580927726,0.002333803387527431,1.0,0.816496580927726
600018,2022-10,0.060700000000000004,6,7,6,6.333333333333333,0.4714045207910317,0.0006758874784616383,0.9709505944546686,0.4714045207910317
600018,2023-01,-0.0021,5,4,6,5.0,0.816496580927726,0.0033729266193250444,1.0,0.816496580927726
600018,2023-04,-0.08900000000000001,6,6,7,6.333333333333333,0.4714045207910317,0.0006758874784615638,0.9709505944546686,0.4714045207910317
600018,2023-07,-0.037000000000000005,4,5,6,5.0,0.816496580927726,0.0033729266193250444,0.9709505944546686,0.816496580927726
600018,2023-10,0.0066,5,6,6,5.666666666666667,0.4714045207910317,0.0008932948130031191,1.0,0.4714045207910317
600018,2024-01,-0.0176,5,5,6,5.333333333333333,0.4714045207910317,0.0009491787649267315,1.0,0.4714045207910317
600018,2024-04,0.0501,6,6,6,6.0,0.0,0.0,0.9709505944546686,0.0
600018,2024-07,-0.0207,7,7,7,7.0,0.0,0.0,0.8812908992306927,0.0
600018,2024-10,-0.0263,7,7,7,7.0,0.0,0.0,0.8812908992306927,0.0
600019,2005-01,0.1905,5,4,6,5.0,0.816496580927726,0.0033729266193250444,1.0,0.816496580927726
600019,2005-04,-0.2727,5,4,6,5.0,0.816496580927726,0.0033729266193250444,1.0,0.816496580927726
600019,2005-07,0.1986,4,4,3,3.6666666666666665,0.4714045207910317,0.0021766561578771704,0.9709505944546686,0.4714045207910317
600019,2005-10,-0.024,4,2,5,3.6666666666666665,1.247219128924647,0.016317329466294776,0.9709505944546686,1.247219128924647
600019,2006-01,0.17420000000000002,6,6,4,5.333333333333333,0.9428090415820634,0.004212595043515672,0.9709505944546686,0.9428090415820634
600019,2006-04,0.38299999999999995,5,4,4,4.333333333333333,0.4714045207910317,0.0014294885616036141,1.0,0.4714045207910317
600019,2006-07,0.07139999999999999,5,6,6,5.666666666666667,0.4714045207910317,0.0008932948130031191,1.0,0.4714045207910317
600019,2006-10,4.5581,5,5,4,4.666666666666667,0.4714045207910317,0.0013272465907683984,1.0,0.4714045207910317
600019,2007-01,-0.0673,2,2,1,1.6666666666666667,0.4714045207910317,0.011456875501600412,0.7219280948873623,0.4714045207910317
600019,2007-04,0.2027,7,3,3,4.333333333333333,1.8856180831641267,0.021556318259027013,0.8812908992306927,1.8856180831641267
600019,2007-07,0.5861999999999999,6,6,3,5.0,1.4142135623730951,0.011456875501600412,0.9709505944546686,1.4142135623730951
600019,2007-10,-0.2945,7,6,2,5.0,2.160246899469287,0.029236916052000086,0.8812908992306927,2.160246899469287
600019,2008-01,0.1515,6,7,6,6.333333333333333,0.4714045207910317,0.0006758874784616383,0.9709505944546686,0.4714045207910317
600019,2008-04,-0.135,3,2,6,3.6666666666666665,1.699673171197595,0.02575266944219168,0.8812908992306927,1.699673171197595
600019,2008-07,-0.4464,3,2,4,3.0,0.816496580927726,0.00957506104276447,0.8812908992306927,0.816496580927726
600019,2008-10,11.75,6,4,3,4.333333333333333,1.247219128924647,0.010136727252065516,0.9709505944546686,1.247219128924647
600019,2009-01,-0.2644,1,1,2,1.3333333333333333,0.4714045207910317,0.014362591564146779,0.4689955935892812,0.4714045207910317
600019,2009-04,0.2821,2,3,2,2.3333333333333335,0.4714045207910317,0.004817302157272943,0.7219280948873623,0.4714045207910317
600019,2009-07,-0.6173,7,1,3,3.6666666666666665,2.494438257849294,0.062410457549092635,0.8812908992306927,2.494438257849294
600019,2009-10,0.5519,4,6,3,4.333333333333333,1.247219128924647,0.010136727252065516,0.9709505944546686,1.247219128924647
600019,2010-01,0.146,6,7,3,5.333333333333333,1.699673171197595,0.014489122970023622,0.9709505944546686,1.699673171197595
600019,2010-04,-0.1382,4,6,6,5.333333333333333,0.9428090415820634,0.004212595043515672,0.9709505944546686,0.9428090415820634
600019,2010-07,-0.0345,3,3,4,3.3333333333333335,0.4714045207910317,0.0023948438453058845,0.8812908992306927,0.4714045207910317
600019,2010-10,-0.30269999999999997,8,5,6,6.333333333333333,1.247219128924647,0.0047430824888306964,0.7219280948873623,1.247219128924647
600019,2011-01,0.0149,6,7,4,5.666666666666667,1.247219128924647,0.006454904945298079,0.9709505944546686,1.247219128924647
600019,2011-04,-0.1985,7,7,4,6.0,1.4142135623730951,0.007732062599348774,0.8812908992306927,1.4142135623730951
600019,2011-07,-0.2766,4,5,6,5.0,0.816496580927726,0.0033729266193250444,0.9709505944546686,0.816496580927726
600019,2011-10,-0.3209,3,3,4,3.3333333333333335,0.4714045207910317,0.0023948438453058845,0.8812908992306927,0.4714045207910317
600019,2012-01,0.1552,4,4,4,4.0,0.0,0.0,0.9709505944546686,0.0
600019,2012-04,-0.1495,4,3,4,3.6666666666666665,0.4714045207910317,0.0021766561578771704,0.9709505944546686,0.4714045207910317
600019,2012-07,0.3404,3,3,4,3.3333333333333335,0.4714045207910317,0.0023948438453058845,0.8812908992306927,0.4714045207910317
600019,2012-10,0.0444,6,7,4,5.666666666666667,1.247219128924647,0.006454904945298079,0.9709505944546686,1.247219128924647
600019,2013-01,0.0,7,7,7,7.0,0.0,0.0,0.8812908992306927,0.0
600019,2013-04,-0.009300000000000001,4,5,6,5.0,0.816496580927726,0.0033729266193250444,0.9709505944546686,0.816496580927726
600019,2013-07,0.7317,3,2,4,3.0,0.816496580927726,0.00957506104276447,0.8812908992306927,0.816496580927726
600019,2013-10,0.5106,6,3,4,4.333333333333333,1.247219128924647,0.010136727252065516,0.9709505944546686,1.247219128924647
600019,2014-01,-0.55,4,5,4,4.333333333333333,0.4714045207910317,0.0014294885616036141,0.9709505944546686,0.4714045207910317
600019,2014-04,0.2069,4,4,2,3.3333333333333335,0.9428090415820634,0.011456875501600412,0.9709505944546686,0.9428090415820634
600019,2014-07,0.1325,6,6,6,6.0,0.0,0.0,0.9709505944546686,0.0
600019,2014-10,0.6146,6,6,7,6.333333333333333,0.4714045207910317,0.0006758874784615638,0.9709505944546686,0.4714045207910317
600019,2015-01,0.302,3,2,6,3.6666666666666665,1.699673171197595,0.02575266944219168,0.8812908992306927,1.699673171197595
600019,2015-04,-0.0876,7,6,3,5.333333333333333,1.699673171197595,0.014489122970023622,0.8812908992306927,1.699673171197595
600019,2015-07,-0.3103,7,7,3,5.666666666666667,1.8856180831641267,0.01639998447673846,0.8812908992306927,1.8856180831641267
600019,2015-10,-0.0805,3,4,6,4.333333333333333,1.247219128924647,0.01013672725206552,0.8812908992306927,1.247219128924647
600019,2016-01,-0.0737,6,4,4,4.666666666666667,0.9428090415820634,0.004817302157272943,0.9709505944546686,0.9428090415820634
600019,2016-04,-0.12390000000000001,6,6,4,5.333333333333333,0.9428090415820634,0.004212595043515672,0.9709505944546686,0.9428090415820634
600019,2016-10,0.3347,4,4,4,4.0,0.0,0.0,0.9709505944546686,0.0
600019,2017-01,0.0817,7,6,6,6.333333333333333,0.4714045207910317,0.0006758874784616383,0.8812908992306927,0.4714045207910317
600019,2017-04,0.0334,5,6,7,6.0,0.816496580927726,0.002333803387527431,1.0,0.816496580927726
600019,2017-07,0.1727,7,7,7,7.0,0.0,0.0,0.8812908992306927,0.0
600019,2017-10,0.3693,5,6,6,5.666666666666667,0.4714045207910317,0.0008932948130031191,1.0,0.4714045207910317
600019,2018-01,0.0086,6,6,7,6.333333333333333,0.4714045207910317,0.0006758874784615638,0.9709505944546686,0.4714045207910317
600019,2018-04,-0.1323,4,5,7,5.333333333333333,1.247219128924647,0.006684370996497373,0.9709505944546686,1.247219128924647
600019,2018-07,-0.1328,5,4,6,5.0,0.816496580927726,0.0033729266193250444,1.0,0.816496580927726
600019,2018-10,-0.1838,5,5,6,5.333333333333333,0.4714045207910317,0.0009491787649267315,1.0,0.4714045207910317
600019,2019-01,0.1109,4,4,4,4.0,0.0,0.0,0.9709505944546686,0.0
600019,2019-04,-0.0808,6,4,5,5.0,0.816496580927726,0.0033729266193250444,0.9709505944546686,0.816496580927726
600019,2019-07,-0.1329,6,7,5,6.0,0.816496580927726,0.002333803387527431,0.9709505944546686,0.816496580927726
600019,2019-10,-0.0889,5,5,5,5.0,0.0,0.0,1.0,0.0
600019,2020-01,-0.0689,6,6,5,5.666666666666667,0.4714045207910317,0.0008932948130031191,0.9709505944546686,0.4714045207910317
600019,2020-04,0.0072,4,4,4,4.0,0.0,0.0,0.9709505944546686,0.0
600019,2020-07,0.0064,6,4,5,5.0,0.816496580927726,0.0033729266193250444,0.9709505944546686,0.816496580927726
600019,2020-10,0.2465,6,6,6,6.0,0.0,0.0,0.9709505944546686,0.0
600019,2021-01,0.2021,6,6,7,6.333333333333333,0.4714045207910317,0.0006758874784615638,0.9709505944546686,0.4714045207910317
600019,2021-04,-0.11,7,8,7,7.333333333333333,0.4714045207910317,0.0005056809102375145,0.8812908992306927,0.4714045207910317
600019,2021-07,0.35409999999999997,6,6,7,6.333333333333333,0.4714045207910317,0.0006758874784615638,0.9709505944546686,0.4714045207910317
600019,2021-10,-0.10220000000000001,5,5,6,5.333333333333333,0.4714045207910317,0.0009491787649267315,1.0,0.4714045207910317
600019,2022-01,0.030600000000000002,6,6,6,6.0,0.0,0.0,0.9709505944546686,0.0
600019,2022-04,-0.0113,4,4,6,4.666666666666667,0.9428090415820634,0.004817302157272868,0.9709505944546686,0.9428090415820634
600019,2022-07,-0.07139999999999999,5,4,6,5.0,0.816496580927726,0.0033729266193250444,1.0,0.816496580927726
600019,2022-10,0.2034,4,4,4,4.0,0.0,0.0,0.9709505944546686,0.0
600019,2023-01,0.07339999999999999,6,5,5,5.333333333333333,0.4714045207910317,0.0009491787649267315,0.9709505944546686,0.4714045207910317
600019,2023-04,-0.0981,6,6,6,6.0,0.0,0.0,0.9709505944546686,0.0
600019,2023-07,-0.0622,4,5,6,5.0,0.816496580927726,0.0033729266193250444,0.9709505944546686,0.816496580927726
600019,2023-10,-0.006999999999999999,6,5,7,6.0,0.816496580927726,0.002333803387527431,0.9709505944546686,0.816496580927726
600019,2024-01,0.0924,6,6,6,6.0,0.0,0.0,0.9709505944546686,0.0
600019,2024-04,-0.0078000000000000005,6,6,6,6.0,0.0,0.0,0.9709505944546686,0.0
600019,2024-07,-0.12960000000000002,6,6,7,6.333333333333333,0.4714045207910317,0.0006758874784615638,0.9709505944546686,0.4714045207910317
600019,2024-10,0.0159,7,7,6,6.666666666666667,0.4714045207910317,0.000642071396597733,0.8812908992306927,0.4714045207910317
600030,2005-01,0.049400000000000006,5,5,6,5.333333333333333,0.4714045207910317,0.0009491787649267315,1.0,0.4714045207910317
600030,2005-04,-0.029900000000000003,4,4,6,4.666666666666667,0.9428090415820634,0.004817302157272868,0.9709505944546686,0.9428090415820634
600030,2005-07,-0.1242,7,6,6,6.333333333333333,0.4714045207910317,0.0006758874784616383,0.8812908992306927,0.4714045207910317
600030,2005-10,0.0392,6,7,6,6.333333333333333,0.4714045207910317,0.0006758874784616383,0.9709505944546686,0.4714045207910317
600030,2006-01,-0.0634,6,6,6,6.0,0.0,0.0,0.9709505944546686,0.0
600030,2006-04,0.6897,8,8,7,7.666666666666667,0.4714045207910317,0.000483684145855568,0.7219280948873623,0.4714045207910317
600030,2006-07,0.1474,6,8,7,7.0,0.816496580927726,0.0017108958982558105,0.9709505944546686,0.816496580927726
600030,2006-10,2.0175,4,3,1,2.6666666666666665,1.247219128924647,0.03356831678879539,0.9709505944546686,1.247219128924647
600030,2007-01,0.11699999999999999,1,1,1,1.0,0.0,0.0,0.4689955935892812,0.0
600030,2007-04,-0.1124,8,3,1,4.0,2.943920288775949,0.07145806097111222,0.7219280948873623,2.943920288775949
600030,2007-07,0.47509999999999997,6,7,3,5.333333333333333,1.699673171197595,0.014489122970023622,0.9709505944546686,1.699673171197595
600030,2007-10,-0.2464,8,8,2,6.0,2.8284271247461903,0.03703306698873225,0.7219280948873623,2.8284271247461903
600030,2008-01,-0.10220000000000001,7,8,6,7.0,0.816496580927726,0.001710895898255767,0.8812908992306927,0.816496580927726
600030,2008-04,-0.17059999999999997,4,3,6,4.333333333333333,1.247219128924647,0.01013672725206552,0.9709505944546686,1.247219128924647
600030,2008-07,-0.17,4,3,5,4.0,0.816496580927726,0.00530599861166309,0.9709505944546686,0.816496580927726
600030,2008-10,0.1751,7,7,4,6.0,1.4142135623730951,0.007732062599348774,0.8812908992306927,1.4142135623730951
600030,2009-01,-0.0288,4,4,4,4.0,0.0,0.0,0.9709505944546686,0.0
600030,2009-04,0.0721,8,7,6,7.0,0.816496580927726,0.001710895898255767,0.7219280948873623,0.816496580927726
600030,2009-07,-0.4429,8,8,7,7.666666666666667,0.4714045207910317,0.000483684145855568,0.7219280948873623,0.4714045207910317
600030,2009-10,0.1103,6,6,6,6.0,0.0,0.0,0.9709505944546686,0.0
600030,2010-01,-0.045599999999999995,8,7,6,7.0,0.816496580927726,0.001710895898255767,0.7219280948873623,0.816496580927726
600030,2010-04,-0.426,6,7,7,6.666666666666667,0.4714045207910317,0.0006420713965977487,0.9709505944546686,0.4714045207910317
600030,2010-07,-0.1352,4,3,4,3.6666666666666665,0.4714045207910317,0.0021766561578771704,0.9709505944546686,0.4714045207910317
600030,2010-10,-0.24789999999999998,4,3,4,3.6666666666666665,0.4714045207910317,0.0021766561578771704,0.9709505944546686,0.4714045207910317
600030,2011-01,0.2759,6,6,6,6.0,0.0,0.0,0.9709505944546686,0.0
600030,2011-04,-0.0443,6,7,5,6.0,0.816496580927726,0.002333803387527431,0.9709505944546686,0.816496580927726
600030,2011-07,-0.023799999999999998,7,7,7,7.0,0.0,0.0,0.8812908992306927,0.0
600030,2011-10,-0.1613,4,4,7,5.0,1.4142135623730951,0.009292928204941,0.9709505944546686,1.4142135623730951
600030,2012-01,0.16899999999999998,4,4,5,4.333333333333333,0.4714045207910317,0.0014294885616036141,0.9709505944546686,0.4714045207910317
600030,2012-04,0.08710000000000001,7,6,6,6.333333333333333,0.4714045207910317,0.0006758874784616383,0.8812908992306927,0.4714045207910317
600030,2012-07,-0.1954,5,7,6,6.0,0.816496580927726,0.002333803387527431,1.0,0.816496580927726
600030,2012-10,-0.12359999999999999,6,7,6,6.333333333333333,0.4714045207910317,0.0006758874784616383,0.9709505944546686,0.4714045207910317
600030,2013-01,-0.0462,8,8,7,7.666666666666667,0.4714045207910317,0.000483684145855568,0.7219280948873623,0.4714045207910317
600030,2013-04,0.06480000000000001,4,5,7,5.333333333333333,1.247219128924647,0.006684370996497373,0.9709505944546686,1.247219128924647
600030,2013-07,0.098,4,3,5,4.0,0.816496580927726,0.00530599861166309,0.9709505944546686,0.816496580927726
600030,2013-10,0.1257,7,7,6,6.666666666666667,0.4714045207910317,0.000642071396597733,0.8812908992306927,0.4714045207910317
600030,2014-01,-0.0917,6,7,6,6.333333333333333,0.4714045207910317,0.0006758874784616383,0.9709505944546686,0.4714045207910317
600030,2014-04,-0.0087,4,4,6,4.666666666666667,0.9428090415820634,0.004817302157272868,0.9709505944546686,0.9428090415820634
600030,2014-07,-0.0118,7,6,7,6.666666666666667,0.4714045207910317,0.0006420713965977487,0.8812908992306927,0.4714045207910317
600030,2014-10,0.3993,7,8,7,7.333333333333333,0.4714045207910317,0.0005056809102375145,0.8812908992306927,0.4714045207910317
600030,2015-01,0.0683,7,7,7,7.0,0.0,0.0,0.8812908992306927,0.0
600030,2015-04,-0.1284,7,8,6,7.0,0.816496580927726,0.001710895898255767,0.8812908992306927,0.816496580927726
600030,2015-07,-0.3106,4,4,7,5.0,1.4142135623730951,0.009292928204941,0.9709505944546686,1.4142135623730951
600030,2015-10,0.1367,3,3,6,4.0,1.4142135623730951,0.014362591564146779,0.8812908992306927,1.4142135623730951
600030,2016-01,-0.019,7,6,4,5.666666666666667,1.247219128924647,0.006454904945298079,0.8812908992306927,1.247219128924647
600030,2016-04,0.025699999999999997,6,8,4,6.0,1.632993161855452,0.009575061042764446,0.9709505944546686,1.632993161855452
600030,2016-07,0.08869999999999999,5,4,6,5.0,0.816496580927726,0.0033729266193250444,1.0,0.816496580927726
600030,2016-10,0.08070000000000001,6,4,8,6.0,1.632993161855452,0.00957506104276447,0.9709505944546686,1.632993161855452
600030,2017-01,0.0049,4,5,6,5.0,0.816496580927726,0.0033729266193250444,0.9709505944546686,0.816496580927726
600030,2017-04,0.0151,6,4,6,5.333333333333333,0.9428090415820634,0.004212595043515672,0.9709505944546686,0.9428090415820634
600030,2017-07,0.08199999999999999,7,7,7,7.0,0.0,0.0,0.8812908992306927,0.0
600030,2017-10,0.12359999999999999,6,7,8,7.0,0.816496580927726,0.0017108958982558105,0.9709505944546686,0.816496580927726
600030,2018-01,-0.1664,6,6,7,6.333333333333333,0.4714045207910317,0.0006758874784615638,0.9709505944546686,0.4714045207910317
600030,2018-04,-0.0212,6,6,7,6.333333333333333,0.4714045207910317,0.0006758874784615638,0.9709505944546686,0.4714045207910317
600030,2018-07,-0.0321,4,4,6,4.666666666666667,0.9428090415820634,0.004817302157272868,0.9709505944546686,0.9428090415820634
600030,2018-10,-0.0187,7,6,6,6.333333333333333,0.4714045207910317,0.0006758874784616383,0.8812908992306927,0.4714045207910317
600030,2019-01,0.3175,5,4,6,5.0,0.816496580927726,0.0033729266193250444,1.0,0.816496580927726
600030,2019-04,-0.1371,8,8,7,7.666666666666667,0.4714045207910317,0.000483684145855568,0.7219280948873623,0.4714045207910317
600030,2019-07,-0.0262,7,8,7,7.333333333333333,0.4714045207910317,0.0005056809102375145,0.8812908992306927,0.4714045207910317
600030,2019-10,-0.014199999999999999,5,5,7,5.666666666666667,0.9428090415820634,0.0032941013770045433,1.0,0.9428090415820634
600030,2020-01,-0.0225,8,7,8,7.666666666666667,0.4714045207910317,0.000483684145855568,0.7219280948873623,0.4714045207910317
600030,2020-04,-0.064,4,4,6,4.666666666666667,0.9428090415820634,0.004817302157272868,0.9709505944546686,0.9428090415820634
600030,2020-07,0.0817,7,7,7,7.0,0.0,0.0,0.8812908992306927,0.0
600030,2020-10,0.0601,6,7,7,6.666666666666667,0.4714045207910317,0.0006420713965977487,0.9709505944546686,0.4714045207910317
600030,2021-01,-0.0398,5,7,7,6.333333333333333,0.9428090415820634,0.002946330098012255,1.0,0.9428090415820634
600030,2021-04,0.09820000000000001,4,4,7,5.0,1.4142135623730951,0.009292928204941,0.9709505944546686,1.4142135623730951
600030,2021-07,0.1612,6,4,7,5.666666666666667,1.247219128924647,0.006454904945298079,0.9709505944546686,1.247219128924647
600030,2021-10,-0.08289999999999999,6,6,6,6.0,0.0,0.0,0.9709505944546686,0.0
600030,2022-01,-0.057,7,7,6,6.666666666666667,0.4714045207910317,0.000642071396597733,0.8812908992306927,0.4714045207910317
600030,2022-04,0.0058,4,4,6,4.666666666666667,0.9428090415820634,0.004817302157272868,0.9709505944546686,0.9428090415820634
600030,2022-07,0.026600000000000002,7,6,6,6.333333333333333,0.4714045207910317,0.0006758874784616383,0.8812908992306927,0.4714045207910317
600030,2022-10,0.16899999999999998,4,4,6,4.666666666666667,0.9428090415820634,0.004817302157272868,0.9709505944546686,0.9428090415820634
600030,2023-01,-0.0387,6,6,6,6.0,0.0,0.0,0.9709505944546686,0.0
600030,2023-04,-0.0504,6,7,6,6.333333333333333,0.4714045207910317,0.0006758874784616383,0.9709505944546686,0.4714045207910317
600030,2023-07,-0.06309999999999999,5,5,7,5.666666666666667,0.9428090415820634,0.0032941013770045433,1.0,0.9428090415820634
600030,2023-10,-0.0127,6,6,7,6.333333333333333,0.4714045207910317,0.0006758874784615638,0.9709505944546686,0.4714045207910317
600030,2024-01,0.0416,5,6,7,6.0,0.816496580927726,0.002333803387527431,1.0,0.816496580927726
600030,2024-04,-0.022000000000000002,4,4,6,4.666666666666667,0.9428090415820634,0.004817302157272868,0.9709505944546686,0.9428090415820634
600030,2024-07,-0.0022,5,4,6,5.0,0.816496580927726,0.0033729266193250444,1.0,0.816496580927726
600030,2024-10,0.09630000000000001,8,8,8,8.0,0.0,0.0,0.7219280948873623,0.0
600031,2005-01,0.0173,5,5,6,5.333333333333333,0.4714045207910317,0.0009491787649267315,1.0,0.4714045207910317
600031,2005-04,0.0175,5,5,6,5.333333333333333,0.4714045207910317,0.0009491787649267315,1.0,0.4714045207910317
600031,2005-07,-0.012,6,6,6,6.0,0.0,0.0,0.9709505944546686,0.0
600031,2005-10,0.0029,4,5,6,5.0,0.816496580927726,0.0033729266193250444,0.9709505944546686,0.816496580927726
600031,2006-01,-0.0088,6,5,6,5.666666666666667,0.4714045207910317,0.0008932948130031191,0.9709505944546686,0.4714045207910317
600031,2006-04,0.0521,6,6,6,6.0,0.0,0.0,0.9709505944546686,0.0
600031,2006-07,0.0262,7,7,7,7.0,0.0,0.0,0.8812908992306927,0.0
600031,2006-10,0.059500000000000004,7,7,7,7.0,0.0,0.0,0.8812908992306927,0.0
600031,2007-01,-0.07519999999999999,8,8,7,7.666666666666667,0.4714045207910317,0.000483684145855568,0.7219280948873623,0.4714045207910317
600031,2007-04,1.2549,8,8,7,7.666666666666667,0.4714045207910317,0.000483684145855568,0.7219280948873623,0.4714045207910317
600031,2007-07,0.3605,3,3,6,4.0,1.4142135623730951,0.014362591564146779,0.8812908992306927,1.4142135623730951
600031,2007-10,-0.5446,7,6,3,5.333333333333333,1.699673171197595,0.014489122970023622,0.8812908992306927,1.699673171197595
600031,2008-01,0.0917,7,8,4,6.333333333333333,1.699673171197595,0.009987340665783205,0.8812908992306927,1.699673171197595
600031,2008-04,-0.0195,3,2,4,3.0,0.816496580927726,0.00957506104276447,0.8812908992306927,0.816496580927726
600031,2008-07,-2.0526,1,1,2,1.3333333333333333,0.4714045207910317,0.014362591564146779,0.4689955935892812,0.4714045207910317
600031,2008-10,0.7365,3,4,3,3.3333333333333335,0.4714045207910317,0.0023948438453058845,0.8812908992306927,0.4714045207910317
600031,2009-01,0.6333,2,1,3,2.0,0.816496580927726,0.02254805037907019,0.7219280948873623,0.816496580927726
600031,2009-04,-0.09519999999999999,3,3,2,2.6666666666666665,0.4714045207910317,0.004212595043515672,0.8812908992306927,0.4714045207910317
600031,2009-07,-0.31170000000000003,7,7,3,5.666666666666667,1.8856180831641267,0.01639998447673846,0.8812908992306927,1.8856180831641267
600031,2009-10,0.015700000000000002,6,8,6,6.666666666666667,0.9428090415820634,0.0023948438453058845,0.9709505944546686,0.9428090415820634
600031,2010-01,0.1434,7,7,4,6.0,1.4142135623730951,0.007732062599348774,0.8812908992306927,1.4142135623730951
600031,2010-04,-0.0857,6,7,7,6.666666666666667,0.4714045207910317,0.0006420713965977487,0.9709505944546686,0.4714045207910317
600031,2010-07,0.40630000000000005,6,4,4,4.666666666666667,0.9428090415820634,0.004817302157272943,0.9709505944546686,0.9428090415820634
600031,2010-10,0.029900000000000003,8,8,7,7.666666666666667,0.4714045207910317,0.000483684145855568,0.7219280948873623,0.4714045207910317
600031,2011-01,0.1722,7,7,7,7.0,0.0,0.0,0.8812908992306927,0.0
600031,2011-04,-0.1051,7,8,6,7.0,0.816496580927726,0.001710895898255767,0.8812908992306927,0.816496580927726
600031,2011-07,-0.0701,6,7,7,6.666666666666667,0.4714045207910317,0.0006420713965977487,0.9709505944546686,0.4714045207910317
600031,2011-10,-0.2321,4,4,7,5.0,1.4142135623730951,0.009292928204941,0.9709505944546686,1.4142135623730951
600031,2012-01,0.0352,5,4,5,4.666666666666667,0.4714045207910317,0.0013272465907683984,1.0,0.4714045207910317
600031,2012-04,0.0776,4,3,5,4.0,0.816496580927726,0.00530599861166309,0.9709505944546686,0.816496580927726
600031,2012-07,-0.21170000000000003,6,6,5,5.666666666666667,0.4714045207910317,0.0008932948130031191,0.9709505944546686,0.4714045207910317
600031,2012-10,-0.1485,4,4,4,4.0,0.0,0.0,0.9709505944546686,0.0
600031,2013-01,0.0345,7,6,5,6.0,0.816496580927726,0.002333803387527431,0.8812908992306927,0.816496580927726
600031,2013-04,-0.0816,4,5,6,5.0,0.816496580927726,0.0033729266193250444,0.9709505944546686,0.816496580927726
600031,2013-07,0.1724,3,3,4,3.3333333333333335,0.4714045207910317,0.0023948438453058845,0.8812908992306927,0.4714045207910317
600031,2013-10,0.0177,6,5,4,5.0,0.816496580927726,0.0033729266193250444,0.9709505944546686,0.816496580927726
600031,2014-01,-0.0679,4,4,4,4.0,0.0,0.0,0.9709505944546686,0.0
600031,2014-04,-0.0143,4,3,4,3.6666666666666665,0.4714045207910317,0.0021766561578771704,0.9709505944546686,0.4714045207910317
600031,2014-07,-0.012,4,3,4,3.6666666666666665,0.4714045207910317,0.0021766561578771704,0.9709505944546686,0.4714045207910317
600031,2014-10,0.1993,8,7,6,7.0,0.816496580927726,0.001710895898255767,0.7219280948873623,0.816496580927726
600031,2015-01,0.0742,6,8,7,7.0,0.816496580927726,0.0017108958982558105,0.9709505944546686,0.816496580927726
600031,2015-04,0.35869999999999996,7,8,7,7.333333333333333,0.4714045207910317,0.0005056809102375145,0.8812908992306927,0.4714045207910317
600031,2015-07,-0.1533,4,4,7,5.0,1.4142135623730951,0.009292928204941,0.9709505944546686,1.4142135623730951
600031,2015-10,-0.07769999999999999,3,3,6,4.0,1.4142135623730951,0.014362591564146779,0.8812908992306927,1.4142135623730951
600031,2016-01,0.0437,6,5,4,5.0,0.816496580927726,0.0033729266193250444,0.9709505944546686,0.816496580927726
600031,2016-04,-0.1281,6,6,4,5.333333333333333,0.9428090415820634,0.004212595043515672,0.9709505944546686,0.9428090415820634
600031,2016-07,0.0404,4,4,4,4.0,0.0,0.0,0.9709505944546686,0.0
600031,2016-10,0.21309999999999998,7,6,6,6.333333333333333,0.4714045207910317,0.0006758874784616383,0.8812908992306927,0.4714045207910317
600031,2017-01,0.1074,6,6,6,6.0,0.0,0.0,0.9709505944546686,0.0
600031,2017-04,-0.032,7,7,7,7.0,0.0,0.0,0.8812908992306927,0.0
600031,2017-07,-0.1209,8,8,7,7.666666666666667,0.4714045207910317,0.000483684145855568,0.7219280948873623,0.4714045207910317
600031,2017-10,0.154,5,6,7,6.0,0.816496580927726,0.002333803387527431,1.0,0.816496580927726
600031,2018-01,-0.1456,7,7,7,7.0,0.0,0.0,0.8812908992306927,0.0
600031,2018-04,-0.109,4,6,6,5.333333333333333,0.9428090415820634,0.004212595043515672,0.9709505944546686,0.9428090415820634
600031,2018-07,-0.0143,7,6,6,6.333333333333333,0.4714045207910317,0.0006758874784616383,0.8812908992306927,0.4714045207910317
600031,2018-10,0.031400000000000004,5,6,7,6.0,0.816496580927726,0.002333803387527431,1.0,0.816496580927726
600031,2019-01,0.2003,6,6,6,6.0,0.0,0.0,0.9709505944546686,0.0
600031,2019-04,-0.019,8,8,7,7.666666666666667,0.4714045207910317,0.000483684145855568,0.7219280948873623,0.4714045207910317
600031,2019-07,-0.055999999999999994,7,8,8,7.666666666666667,0.4714045207910317,0.000483684145855568,0.8812908992306927,0.4714045207910317
600031,2019-10,0.0922,7,7,8,7.333333333333333,0.4714045207910317,0.0005056809102375145,0.8812908992306927,0.4714045207910317
600031,2020-01,0.1036,7,8,8,7.666666666666667,0.4714045207910317,0.000483684145855568,0.8812908992306927,0.4714045207910317
600031,2020-04,-0.0771,6,7,7,6.666666666666667,0.4714045207910317,0.0006420713965977487,0.9709505944546686,0.4714045207910317
600031,2020-07,0.0542,7,7,7,7.0,0.0,0.0,0.8812908992306927,0.0
600031,2020-10,0.1996,7,8,8,7.666666666666667,0.4714045207910317,0.000483684145855568,0.8812908992306927,0.4714045207910317
600031,2021-01,0.0169,8,8,7,7.666666666666667,0.4714045207910317,0.000483684145855568,0.7219280948873623,0.4714045207910317
600031,2021-04,-0.020499999999999997,4,6,7,5.666666666666667,1.247219128924647,0.006454904945298079,0.9709505944546686,1.247219128924647
600031,2021-07,0.0605,5,4,7,5.333333333333333,1.247219128924647,0.006684370996497373,1.0,1.247219128924647
600031,2021-10,-0.049400000000000006,4,4,6,4.666666666666667,0.9428090415820634,0.004817302157272868,0.9709505944546686,0.9428090415820634
600031,2022-01,-0.028399999999999998,6,5,5,5.333333333333333,0.4714045207910317,0.0009491787649267315,0.9709505944546686,0.4714045207910317
600031,2022-04,0.03,4,4,4,4.0,0.0,0.0,0.9709505944546686,0.0
600031,2022-07,-0.08070000000000001,7,6,6,6.333333333333333,0.4714045207910317,0.0006758874784616383,0.8812908992306927,0.4714045207910317
600031,2022-10,0.1936,4,4,5,4.333333333333333,0.4714045207910317,0.0014294885616036141,0.9709505944546686,0.4714045207910317
600031,2023-01,0.0735,6,4,5,5.0,0.816496580927726,0.0033729266193250444,0.9709505944546686,0.816496580927726
600031,2023-04,-0.1069,6,6,6,6.0,0.0,0.0,0.9709505944546686,0.0
600031,2023-07,-0.134,7,7,5,6.333333333333333,0.9428090415820634,0.002946330098012255,0.8812908992306927,0.9428090415820634
600031,2023-10,-0.0604,6,6,7,6.333333333333333,0.4714045207910317,0.0006758874784615638,0.9709505944546686,0.4714045207910317
600031,2024-01,0.07139999999999999,5,5,5,5.0,0.0,0.0,1.0,0.0
600031,2024-04,-0.0084,7,6,6,6.333333333333333,0.4714045207910317,0.0006758874784616383,0.8812908992306927,0.4714045207910317
600031,2024-07,-0.0019,6,7,6,6.333333333333333,0.4714045207910317,0.0006758874784616383,0.9709505944546686,0.4714045207910317
600031,2024-10,-0.0438,7,8,7,7.333333333333333,0.4714045207910317,0.0005056809102375145,0.8812908992306927,0.4714045207910317
600036,2005-01,0.0066,5,5,6,5.333333333333333,0.4714045207910317,0.0009491787649267315,1.0,0.4714045207910317
600036,2005-04,-0.021,6,5,6,5.666666666666667,0.4714045207910317,0.0008932948130031191,0.9709505944546686,0.4714045207910317
600036,2005-07,0.0009,6,6,6,6.0,0.0,0.0,0.9709505944546686,0.0
600036,2005-10,0.0051,6,6,7,6.333333333333333,0.4714045207910317,0.0006758874784615638,0.9709505944546686,0.4714045207910317
600036,2006-01,-0.041100000000000005,6,6,7,6.333333333333333,0.4714045207910317,0.0006758874784615638,0.9709505944546686,0.4714045207910317
600036,2006-04,0.0028000000000000004,7,7,8,7.333333333333333,0.4714045207910317,0.0005056809102375145,0.8812908992306927,0.4714045207910317
600036,2006-07,0.0673,6,7,8,7.0,0.816496580927726,0.0017108958982558105,0.9709505944546686,0.816496580927726
600036,2006-10,0.18289999999999998,7,8,8,7.666666666666667,0.4714045207910317,0.000483684145855568,0.8812908992306927,0.4714045207910317
600036,2007-01,-0.13449999999999998,7,8,7,7.333333333333333,0.4714045207910317,0.0005056809102375145,0.8812908992306927,0.4714045207910317
600036,2007-04,0.39759999999999995,7,8,8,7.666666666666667,0.4714045207910317,0.000483684145855568,0.8812908992306927,0.4714045207910317
600036,2007-07,1.7097,3,7,6,5.333333333333333,1.699673171197595,0.014489122970023622,0.8812908992306927,1.699673171197595
600036,2007-10,-0.3041,2,3,1,2.0,0.816496580927726,0.022548050379070088,0.7219280948873623,0.816496580927726
600036,2008-01,-0.07339999999999999,7,2,1,3.3333333333333335,2.6246692913372702,0.07480639925177693,0.8812908992306927,2.6246692913372702
600036,2008-04,-0.5353,5,4,2,3.6666666666666665,1.247219128924647,0.016317329466294783,1.0,1.247219128924647
600036,2008-07,-0.5323,1,1,2,1.3333333333333333,0.4714045207910317,0.014362591564146779,0.4689955935892812,0.4714045207910317
600036,2008-10,-0.0013,1,1,2,1.3333333333333333,0.4714045207910317,0.014362591564146779,0.4689955935892812,0.4714045207910317
600036,2009-01,0.0677,4,4,1,3.0,1.4142135623730951,0.03703306698873225,0.9709505944546686,1.4142135623730951
600036,2009-04,0.1461,7,5,2,4.666666666666667,2.0548046676563256,0.02818625407324511,0.8812908992306927,2.0548046676563256
600036,2009-07,-8.5472,6,8,4,6.0,1.632993161855452,0.009575061042764446,0.9709505944546686,1.632993161855452
600036,2009-10,-0.40909999999999996,2,2,1,1.6666666666666667,0.4714045207910317,0.011456875501600412,0.7219280948873623,0.4714045207910317
600036,2010-01,0.1937,7,1,1,3.0,2.8284271247461903,0.10385139292108965,0.8812908992306927,2.8284271247461903
600036,2010-04,-0.2943,3,3,1,2.3333333333333335,0.9428090415820634,0.025559141193383414,0.8812908992306927,0.9428090415820634
600036,2010-07,-0.3243,3,4,2,3.0,0.816496580927726,0.009575061042764446,0.8812908992306927,0.816496580927726
600036,2010-10,-0.5097999999999999,4,3,7,4.666666666666667,1.699673171197595,0.01582838201775807,0.9709505944546686,1.699673171197595
600036,2011-01,0.047599999999999996,4,4,4,4.0,0.0,0.0,0.9709505944546686,0.0
600036,2011-04,-0.1736,7,6,3,5.333333333333333,1.699673171197595,0.014489122970023622,0.8812908992306927,1.699673171197595
600036,2011-07,-0.1,4,4,4,4.0,0.0,0.0,0.9709505944546686,0.0
600036,2011-10,-0.1723,4,3,4,3.6666666666666665,0.4714045207910317,0.0021766561578771704,0.9709505944546686,0.4714045207910317
600036,2012-01,0.0482,7,6,5,6.0,0.816496580927726,0.002333803387527431,0.8812908992306927,0.816496580927726
600036,2012-04,-0.1065,4,4,4,4.0,0.0,0.0,0.9709505944546686,0.0
600036,2012-07,0.023700000000000002,4,4,5,4.333333333333333,0.4714045207910317,0.0014294885616036141,0.9709505944546686,0.4714045207910317
600036,2012-10,-0.0087,5,5,5,5.0,0.0,0.0,1.0,0.0
600036,2013-01,-0.3899,7,8,7,7.333333333333333,0.4714045207910317,0.0005056809102375145,0.8812908992306927,0.4714045207910317
600036,2013-04,0.3042,3,4,4,3.6666666666666665,0.4714045207910317,0.0021766561578771704,0.8812908992306927,0.4714045207910317
600036,2013-07,0.0104,3,2,4,3.0,0.816496580927726,0.00957506104276447,0.8812908992306927,0.816496580927726
600036,2013-10,0.0381,6,6,4,5.333333333333333,0.9428090415820634,0.004212595043515672,0.9709505944546686,0.9428090415820634
600036,2014-01,-0.0888,5,5,4,4.666666666666667,0.4714045207910317,0.0013272465907683984,1.0,0.4714045207910317
600036,2014-04,0.0232,4,4,4,4.0,0.0,0.0,0.9709505944546686,0.0
600036,2014-07,-0.14529999999999998,7,6,6,6.333333333333333,0.4714045207910317,0.0006758874784616383,0.8812908992306927,0.4714045207910317
600036,2014-10,0.35710000000000003,6,6,6,6.0,0.0,0.0,0.9709505944546686,0.0
600036,2015-01,1.5,2,1,6,3.0,2.160246899469287,0.06297904566134355,0.7219280948873623,2.160246899469287
600036,2015-04,-0.0412,1,1,1,1.0,0.0,0.0,0.4689955935892812,0.0
600036,2015-07,-0.0737,7,2,1,3.3333333333333335,2.6246692913372702,0.07480639925177693,0.8812908992306927,2.6246692913372702
600036,2015-10,-0.1816,6,6,2,4.666666666666667,1.8856180831641267,0.025559141193383414,0.9709505944546686,1.8856180831641267
600036,2016-01,-0.3981,7,7,1,5.0,2.8284271247461903,0.05968032599346371,0.8812908992306927,2.8284271247461903
600036,2016-04,0.06509999999999999,3,3,3,3.0,0.0,0.0,0.8812908992306927,0.0
600036,2016-07,0.37310000000000004,6,4,5,5.0,0.816496580927726,0.0033729266193250444,0.9709505944546686,0.816496580927726
600036,2016-10,0.1487,6,6,7,6.333333333333333,0.4714045207910317,0.0006758874784615638,0.9709505944546686,0.4714045207910317
600036,2017-01,0.0761,4,6,7,5.666666666666667,1.247219128924647,0.006454904945298079,0.9709505944546686,1.247219128924647
600036,2017-04,0.5567,7,7,7,7.0,0.0,0.0,0.8812908992306927,0.0
600036,2017-07,0.0901,7,8,7,7.333333333333333,0.4714045207910317,0.0005056809102375145,0.8812908992306927,0.4714045207910317
600036,2017-10,0.1293,6,7,7,6.666666666666667,0.4714045207910317,0.0006420713965977487,0.9709505944546686,0.4714045207910317
600036,2018-01,-0.1696,7,7,7,7.0,0.0,0.0,0.8812908992306927,0.0
600036,2018-04,-0.0326,5,6,7,6.0,0.816496580927726,0.002333803387527431,1.0,0.816496580927726
600036,2018-07,-0.006,4,4,7,5.0,1.4142135623730951,0.009292928204941,0.9709505944546686,1.4142135623730951
600036,2018-10,-0.0208,8,8,7,7.666666666666667,0.4714045207910317,0.000483684145855568,0.7219280948873623,0.4714045207910317
600036,2019-01,0.14400000000000002,4,4,6,4.666666666666667,0.9428090415820634,0.004817302157272868,0.9709505944546686,0.9428090415820634
600036,2019-04,-0.0105,8,8,7,7.666666666666667,0.4714045207910317,0.000483684145855568,0.7219280948873623,0.4714045207910317
600036,2019-07,-0.0882,7,8,8,7.666666666666667,0.4714045207910317,0.000483684145855568,0.8812908992306927,0.4714045207910317
600036,2019-10,0.021400000000000002,6,7,8,7.0,0.816496580927726,0.0017108958982558105,0.9709505944546686,0.816496580927726
600036,2020-01,-0.1,7,7,8,7.333333333333333,0.4714045207910317,0.0005056809102375145,0.8812908992306927,0.4714045207910317
600036,2020-04,-0.0521,4,4,6,4.666666666666667,0.9428090415820634,0.004817302157272868,0.9709505944546686,0.9428090415820634
600036,2020-07,0.1142,7,5,6,6.0,0.816496580927726,0.002333803387527431,0.8812908992306927,0.816496580927726
600036,2020-10,0.1448,6,6,7,6.333333333333333,0.4714045207910317,0.0006758874784615638,0.9709505944546686,0.4714045207910317
600036,2021-01,0.0,7,7,8,7.333333333333333,0.4714045207910317,0.0005056809102375145,0.8812908992306927,0.4714045207910317
600036,2021-04,0.12710000000000002,7,7,8,7.333333333333333,0.4714045207910317,0.0005056809102375145,0.8812908992306927,0.4714045207910317
600036,2021-07,0.0643,6,6,8,6.666666666666667,0.9428090415820634,0.0023948438453058845,0.9709505944546686,0.9428090415820634
600036,2021-10,-0.098,6,6,7,6.333333333333333,0.4714045207910317,0.0006758874784615638,0.9709505944546686,0.4714045207910317
600036,2022-01,0.0144,6,6,7,6.333333333333333,0.4714045207910317,0.0006758874784615638,0.9709505944546686,0.4714045207910317
600036,2022-04,-0.0076,5,4,6,5.0,0.816496580927726,0.0033729266193250444,1.0,0.816496580927726
600036,2022-07,-0.0007000000000000001,6,6,6,6.0,0.0,0.0,0.9709505944546686,0.0
600036,2022-10,0.405,4,4,6,4.666666666666667,0.9428090415820634,0.004817302157272868,0.9709505944546686,0.9428090415820634
600036,2023-01,-0.1131,7,6,6,6.333333333333333,0.4714045207910317,0.0006758874784616383,0.8812908992306927,0.4714045207910317
600036,2023-04,-0.0484,4,6,6,5.333333333333333,0.9428090415820634,0.004212595043515672,0.9709505944546686,0.9428090415820634
600036,2023-07,-0.1311,6,6,6,6.0,0.0,0.0,0.9709505944546686,0.0
600036,2023-10,-0.0764,7,7,7,7.0,0.0,0.0,0.8812908992306927,0.0
600036,2024-01,0.051699999999999996,4,5,6,5.0,0.816496580927726,0.0033729266193250444,0.9709505944546686,0.816496580927726
600036,2024-04,-0.001,7,6,6,6.333333333333333,0.4714045207910317,0.0006758874784616383,0.8812908992306927,0.4714045207910317
600036,2024-07,-0.0195,7,7,8,7.333333333333333,0.4714045207910317,0.0005056809102375145,0.8812908992306927,0.4714045207910317
600036,2024-10,-0.0297,7,8,8,7.666666666666667,0.4714045207910317,0.000483684145855568,0.8812908992306927,0.4714045207910317
600039,2005-01,-0.0098,5,5,6,5.333333333333333,0.4714045207910317,0.0009491787649267315,1.0,0.4714045207910317
600039,2005-04,0.0,5,5,6,5.333333333333333,0.4714045207910317,0.0009491787649267315,1.0,0.4714045207910317
600039,2005-07,0.0183,4,4,6,4.666666666666667,0.9428090415820634,0.004817302157272868,0.9709505944546686,0.9428090415820634
600039,2005-10,0.0046,4,4,6,4.666666666666667,0.9428090415820634,0.004817302157272868,0.9709505944546686,0.9428090415820634
600039,2006-01,-0.004699999999999999,5,4,6,5.0,0.816496580927726,0.0033729266193250444,1.0,0.816496580927726
600039,2006-04,0.0758,5,4,6,5.0,0.816496580927726,0.0033729266193250444,1.0,0.816496580927726
600039,2006-07,-0.022099999999999998,7,7,7,7.0,0.0,0.0,0.8812908992306927,0.0
600039,2006-10,0.0213,5,7,7,6.333333333333333,0.9428090415820634,0.002946330098012255,1.0,0.9428090415820634
600039,2007-01,0.0943,6,6,7,6.333333333333333,0.4714045207910317,0.0006758874784615638,0.9709505944546686,0.4714045207910317
600039,2007-04,0.7042,7,8,7,7.333333333333333,0.4714045207910317,0.0005056809102375145,0.8812908992306927,0.4714045207910317
600039,2007-07,0.17309999999999998,1,1,2,1.3333333333333333,0.4714045207910317,0.014362591564146779,0.4689955935892812,0.4714045207910317
600039,2007-10,-0.2289,5,2,2,3.0,1.4142135623730951,0.025223704151255286,1.0,1.4142135623730951
600039,2008-01,0.3372,6,5,3,4.666666666666667,1.247219128924647,0.0097112135713919,0.9709505944546686,1.247219128924647
600039,2008-04,0.4434,2,2,3,2.3333333333333335,0.4714045207910317,0.004817302157272868,0.7219280948873623,0.4714045207910317
600039,2008-07,-0.4767,2,2,3,2.3333333333333335,0.4714045207910317,0.004817302157272868,0.7219280948873623,0.4714045207910317
600039,2008-10,0.1801,3,2,3,2.6666666666666665,0.4714045207910317,0.004212595043515672,0.8812908992306927,0.4714045207910317
600039,2009-01,0.055999999999999994,5,4,3,4.0,0.816496580927726,0.00530599861166309,1.0,0.816496580927726
600039,2009-04,0.1176,7,8,4,6.333333333333333,1.699673171197595,0.009987340665783205,0.8812908992306927,1.699673171197595
600039,2009-07,-0.16390000000000002,7,7,6,6.666666666666667,0.4714045207910317,0.000642071396597733,0.8812908992306927,0.4714045207910317
600039,2009-10,0.12240000000000001,3,3,4,3.3333333333333335,0.4714045207910317,0.0023948438453058845,0.8812908992306927,0.4714045207910317
600039,2010-01,0.41979999999999995,7,6,6,6.333333333333333,0.4714045207910317,0.0006758874784616383,0.8812908992306927,0.4714045207910317
600039,2010-04,0.0984,7,8,7,7.333333333333333,0.4714045207910317,0.0005056809102375145,0.8812908992306927,0.4714045207910317
600039,2010-07,0.0704,2,2,3,2.3333333333333335,0.4714045207910317,0.004817302157272868,0.7219280948873623,0.4714045207910317
600039,2010-10,-0.1389,4,3,3,3.3333333333333335,0.4714045207910317,0.0023948438453058845,0.9709505944546686,0.4714045207910317
600039,2011-01,0.2824,4,4,4,4.0,0.0,0.0,0.9709505944546686,0.0
600039,2011-07,-0.1404,6,6,4,5.333333333333333,0.9428090415820634,0.004212595043515672,0.9709505944546686,0.9428090415820634
600039,2011-10,-0.18989999999999999,3,2,4,3.0,0.816496580927726,0.00957506104276447,0.8812908992306927,0.816496580927726
600039,2012-01,0.12960000000000002,3,2,4,3.0,0.816496580927726,0.00957506104276447,0.8812908992306927,0.816496580927726
600039,2012-04,0.2903,7,7,4,6.0,1.4142135623730951,0.007732062599348774,0.8812908992306927,1.4142135623730951
600039,2012-07,0.36729999999999996,3,4,4,3.6666666666666665,0.4714045207910317,0.0021766561578771704,0.8812908992306927,0.4714045207910317
600039,2012-10,-0.1333,6,5,4,5.0,0.816496580927726,0.0033729266193250444,0.9709505944546686,0.816496580927726
600039,2013-01,0.6522,7,8,7,7.333333333333333,0.4714045207910317,0.0005056809102375145,0.8812908992306927,0.4714045207910317
600039,2013-04,-0.3,2,2,3,2.3333333333333335,0.4714045207910317,0.004817302157272868,0.7219280948873623,0.4714045207910317
600039,2013-07,0.7333,1,1,2,1.3333333333333333,0.4714045207910317,0.014362591564146779,0.4689955935892812,0.4714045207910317
600039,2013-10,1.0,1,3,1,1.6666666666666667,0.9428090415820634,0.036160391661783364,0.4689955935892812,0.9428090415820634
600039,2014-01,0.122,6,2,2,3.3333333333333335,1.8856180831641267,0.036160391661783364,0.9709505944546686,1.8856180831641267
600039,2014-04,-0.07139999999999999,3,3,4,3.3333333333333335,0.4714045207910317,0.0023948438453058845,0.8812908992306927,0.4714045207910317
600039,2014-07,1.4074,7,4,4,5.0,1.4142135623730951,0.009292928204941,0.8812908992306927,1.4142135623730951
600039,2014-10,0.4412,2,1,6,3.0,2.160246899469287,0.06297904566134355,0.7219280948873623,2.160246899469287
600039,2015-01,0.0533,7,3,3,4.333333333333333,1.8856180831641267,0.021556318259027013,0.8812908992306927,1.8856180831641267
600039,2015-04,-0.10529999999999999,7,8,7,7.333333333333333,0.4714045207910317,0.0005056809102375145,0.8812908992306927,0.4714045207910317
600039,2015-07,-0.358,4,6,3,4.333333333333333,1.247219128924647,0.010136727252065516,0.9709505944546686,1.247219128924647
600039,2015-10,0.0086,3,3,4,3.3333333333333335,0.4714045207910317,0.0023948438453058845,0.8812908992306927,0.4714045207910317
600039,2016-01,-0.1429,7,5,5,5.666666666666667,0.9428090415820634,0.0032941013770045433,0.8812908992306927,0.9428090415820634
600039,2016-04,-0.102,6,6,3,5.0,1.4142135623730951,0.011456875501600412,0.9709505944546686,1.4142135623730951
600039,2016-07,0.26530000000000004,6,4,4,4.666666666666667,0.9428090415820634,0.004817302157272943,0.9709505944546686,0.9428090415820634
600039,2016-10,0.6667000000000001,7,8,6,7.0,0.816496580927726,0.001710895898255767,0.8812908992306927,0.816496580927726
600039,2017-01,0.1,5,6,5,5.333333333333333,0.4714045207910317,0.0009491787649267315,1.0,0.4714045207910317
600039,2017-04,-0.4954,6,7,7,6.666666666666667,0.4714045207910317,0.0006420713965977487,0.9709505944546686,0.4714045207910317
600039,2017-07,-0.0098,6,6,6,6.0,0.0,0.0,0.9709505944546686,0.0
600039,2017-10,-0.2667,7,5,6,6.0,0.816496580927726,0.002333803387527431,0.8812908992306927,0.816496580927726
600039,2018-01,-0.1452,4,5,4,4.333333333333333,0.4714045207910317,0.0014294885616036141,0.9709505944546686,0.4714045207910317
600039,2018-04,-0.25579999999999997,4,3,4,3.6666666666666665,0.4714045207910317,0.0021766561578771704,0.9709505944546686,0.4714045207910317
600039,2018-07,-0.1905,2,2,3,2.3333333333333335,0.4714045207910317,0.004817302157272868,0.7219280948873623,0.4714045207910317
600039,2018-10,-0.2692,6,3,3,4.0,1.4142135623730951,0.014362591564146779,0.9709505944546686,1.4142135623730951
600039,2019-01,2.6667,3,4,3,3.3333333333333335,0.4714045207910317,0.0023948438453058845,0.8812908992306927,0.4714045207910317
600039,2019-04,-0.3061,7,8,5,6.666666666666667,1.247219128924647,0.004605278650825295,0.8812908992306927,1.247219128924647
600039,2019-07,-0.3103,5,7,6,6.0,0.816496580927726,0.002333803387527431,1.0,0.816496580927726
600039,2019-10,0.0,3,2,4,3.0,0.816496580927726,0.00957506104276447,0.8812908992306927,0.816496580927726
600039,2020-01,0.55,7,6,6,6.333333333333333,0.4714045207910317,0.0006758874784616383,0.8812908992306927,0.4714045207910317
600039,2020-04,0.1852,6,7,6,6.333333333333333,0.4714045207910317,0.0006758874784616383,0.9709505944546686,0.4714045207910317
600039,2020-07,0.21280000000000002,5,6,6,5.666666666666667,0.4714045207910317,0.0008932948130031191,1.0,0.4714045207910317
600039,2020-10,0.28300000000000003,5,6,7,6.0,0.816496580927726,0.002333803387527431,1.0,0.816496580927726
600039,2021-01,0.32770000000000005,5,6,7,6.0,0.816496580927726,0.002333803387527431,1.0,0.816496580927726
600039,2021-04,0.1343,6,8,7,7.0,0.816496580927726,0.0017108958982558105,0.9709505944546686,0.816496580927726
600039,2021-07,0.4393,4,6,7,5.666666666666667,1.247219128924647,0.006454904945298079,0.9709505944546686,1.247219128924647
600039,2021-10,-0.003,7,8,7,7.333333333333333,0.4714045207910317,0.0005056809102375145,0.8812908992306927,0.4714045207910317
600039,2022-01,0.2214,7,7,7,7.0,0.0,0.0,0.8812908992306927,0.0
600039,2022-04,0.0217,4,5,7,5.333333333333333,1.247219128924647,0.006684370996497373,0.9709505944546686,1.247219128924647
600039,2022-07,0.0713,6,6,7,6.333333333333333,0.4714045207910317,0.0006758874784615638,0.9709505944546686,0.4714045207910317
600039,2022-10,0.0545,5,5,7,5.666666666666667,0.9428090415820634,0.0032941013770045433,1.0,0.9428090415820634
600039,2023-01,0.10339999999999999,6,6,6,6.0,0.0,0.0,0.9709505944546686,0.0
600039,2023-04,-0.0484,7,8,7,7.333333333333333,0.4714045207910317,0.0005056809102375145,0.8812908992306927,0.4714045207910317
600039,2023-07,-0.10869999999999999,6,6,7,6.333333333333333,0.4714045207910317,0.0006758874784615638,0.9709505944546686,0.4714045207910317
600039,2023-10,0.0015,4,4,7,5.0,1.4142135623730951,0.009292928204941,0.9709505944546686,1.4142135623730951
600039,2024-01,0.019799999999999998,4,4,6,4.666666666666667,0.9428090415820634,0.004817302157272868,0.9709505944546686,0.9428090415820634
600039,2024-04,0.09699999999999999,5,4,6,5.0,0.816496580927726,0.0033729266193250444,1.0,0.816496580927726
600039,2024-07,-0.11109999999999999,6,6,6,6.0,0.0,0.0,0.9709505944546686,0.0
600039,2024-10,-0.0276,7,7,5,6.333333333333333,0.9428090415820634,0.002946330098012255,0.8812908992306927,0.9428090415820634
600048,2006-07,0.1305,4,4,5,4.333333333333333,0.4714045207910317,0.0014294885616036141,0.9709505944546686,0.4714045207910317
600048,2006-10,0.1532,6,4,5,5.0,0.816496580927726,0.0033729266193250444,0.9709505944546686,0.816496580927726
600048,2007-01,0.1047,7,7,5,6.333333333333333,0.9428090415820634,0.002946330098012255,0.8812908992306927,0.9428090415820634
600048,2007-04,0.8482999999999999,7,7,6,6.666666666666667,0.4714045207910317,0.000642071396597733,0.8812908992306927,0.4714045207910317
600048,2007-07,0.6032,3,2,2,2.3333333333333335,0.4714045207910317,0.004817302157272943,0.8812908992306927,0.4714045207910317
600048,2007-10,-0.4959,4,3,2,3.0,0.816496580927726,0.009575061042764446,0.9709505944546686,0.816496580927726
600048,2008-01,-0.2184,3,3,3,3.0,0.0,0.0,0.8812908992306927,0.0
600048,2008-04,-5.72,3,3,3,3.0,0.0,0.0,0.8812908992306927,0.0
600048,2008-07,-0.1739,2,2,2,2.0,0.0,0.0,0.7219280948873623,0.0
600048,2008-10,0.36869999999999997,6,3,2,3.6666666666666665,1.699673171197595,0.02575266944219168,0.9709505944546686,1.699673171197595
600048,2009-01,0.16670000000000001,3,2,3,2.6666666666666665,0.4714045207910317,0.004212595043515672,0.8812908992306927,0.4714045207910317
600048,2009-04,0.7442,6,6,3,5.0,1.4142135623730951,0.011456875501600412,0.9709505944546686,1.4142135623730951
600048,2009-07,-0.6272,1,1,1,1.0,0.0,0.0,0.4689955935892812,0.0
600048,2009-10,-0.1014,6,1,1,2.6666666666666665,2.3570226039551585,0.09024627190021624,0.9709505944546686,2.3570226039551585
600048,2010-01,0.3784,3,3,2,2.6666666666666665,0.4714045207910317,0.004212595043515672,0.8812908992306927,0.4714045207910317
600048,2010-04,-2.6667,6,4,3,4.333333333333333,1.247219128924647,0.010136727252065516,0.9709505944546686,1.247219128924647
600048,2010-07,-3.7692,2,2,3,2.3333333333333335,0.4714045207910317,0.004817302157272868,0.7219280948873623,0.4714045207910317
600048,2010-10,-1.5167,3,4,2,3.0,0.816496580927726,0.009575061042764446,0.8812908992306927,0.816496580927726
600048,2011-01,-6.25,3,2,1,2.0,0.816496580927726,0.022548050379070088,0.8812908992306927,0.816496580927726
600048,2011-04,-2.5,2,1,1,1.3333333333333333,0.4714045207910317,0.014362591564146779,0.7219280948873623,0.4714045207910317
600048,2011-07,0.6667000000000001,2,1,1,1.3333333333333333,0.4714045207910317,0.014362591564146779,0.7219280948873623,0.4714045207910317
600048,2011-10,-1.8485,1,3,1,1.6666666666666667,0.9428090415820634,0.036160391661783364,0.4689955935892812,0.9428090415820634
600048,2012-01,0.7907,3,3,1,2.3333333333333335,0.9428090415820634,0.025559141193383414,0.8812908992306927,0.9428090415820634
600048,2012-04,0.4065,6,3,2,3.6666666666666665,1.699673171197595,0.02575266944219168,0.9709505944546686,1.699673171197595
600048,2012-07,-0.5733,8,3,1,4.0,2.943920288775949,0.07145806097111222,0.7219280948873623,2.943920288775949
600048,2012-10,0.1127,6,7,2,5.0,2.160246899469287,0.029236916052000086,0.9709505944546686,2.160246899469287
600048,2013-01,-0.0737,7,7,3,5.666666666666667,1.8856180831641267,0.01639998447673846,0.8812908992306927,1.8856180831641267
600048,2013-04,0.2267,3,4,4,3.6666666666666665,0.4714045207910317,0.0021766561578771704,0.8812908992306927,0.4714045207910317
600048,2013-07,0.0958,3,2,4,3.0,0.816496580927726,0.00957506104276447,0.8812908992306927,0.816496580927726
600048,2013-10,-0.3306,4,3,4,3.6666666666666665,0.4714045207910317,0.0021766561578771704,0.9709505944546686,0.4714045207910317
600048,2014-01,-13.6,2,2,3,2.3333333333333335,0.4714045207910317,0.004817302157272868,0.7219280948873623,0.4714045207910317
600048,2014-04,4.0,3,3,2,2.6666666666666665,0.4714045207910317,0.004212595043515672,0.8812908992306927,0.4714045207910317
600048,2014-07,-0.3148,6,1,1,2.6666666666666665,2.3570226039551585,0.09024627190021624,0.9709505944546686,2.3570226039551585
600048,2014-10,1.7024000000000001,4,3,2,3.0,0.816496580927726,0.009575061042764446,0.9709505944546686,0.816496580927726
600048,2015-01,-0.052300000000000006,3,1,2,2.0,0.816496580927726,0.02254805037907019,0.8812908992306927,0.816496580927726
600048,2015-04,-0.2878,7,6,2,5.0,2.160246899469287,0.029236916052000086,0.8812908992306927,2.160246899469287
600048,2015-07,-0.1782,5,6,3,4.666666666666667,1.247219128924647,0.0097112135713919,1.0,1.247219128924647
600048,2015-10,0.2195,3,3,3,3.0,0.0,0.0,0.8812908992306927,0.0
600048,2016-01,0.0925,6,6,4,5.333333333333333,0.9428090415820634,0.004212595043515672,0.9709505944546686,0.9428090415820634
600048,2016-04,-0.028300000000000002,5,7,4,5.333333333333333,1.247219128924647,0.006684370996497373,1.0,1.247219128924647
600048,2016-07,0.1753,6,5,4,5.0,0.816496580927726,0.0033729266193250444,0.9709505944546686,0.816496580927726
600048,2016-10,0.1527,6,6,6,6.0,0.0,0.0,0.9709505944546686,0.0
600048,2017-01,0.051500000000000004,4,5,5,4.666666666666667,0.4714045207910317,0.0013272465907683984,0.9709505944546686,0.4714045207910317
600048,2017-04,0.0535,6,5,6,5.666666666666667,0.4714045207910317,0.0008932948130031191,0.9709505944546686,0.4714045207910317
600048,2017-07,-0.031,7,7,6,6.666666666666667,0.4714045207910317,0.000642071396597733,0.8812908992306927,0.4714045207910317
600048,2017-10,0.25,6,6,6,6.0,0.0,0.0,0.9709505944546686,0.0
600048,2018-01,-0.1973,7,7,6,6.666666666666667,0.4714045207910317,0.000642071396597733,0.8812908992306927,0.4714045207910317
600048,2018-04,-0.087,4,6,6,5.333333333333333,0.9428090415820634,0.004212595043515672,0.9709505944546686,0.9428090415820634
600048,2018-07,0.0177,6,5,5,5.333333333333333,0.4714045207910317,0.0009491787649267315,0.9709505944546686,0.4714045207910317
600048,2018-10,0.0559,5,4,6,5.0,0.816496580927726,0.0033729266193250444,1.0,0.816496580927726
600048,2019-01,0.0358,4,4,4,4.0,0.0,0.0,0.9709505944546686,0.0
600048,2019-04,-0.0843,7,7,6,6.666666666666667,0.4714045207910317,0.000642071396597733,0.8812908992306927,0.4714045207910317
600048,2019-07,-0.0687,6,7,6,6.333333333333333,0.4714045207910317,0.0006758874784616383,0.9709505944546686,0.4714045207910317
600048,2019-10,0.0018,7,7,6,6.666666666666667,0.4714045207910317,0.000642071396597733,0.8812908992306927,0.4714045207910317
600048,2020-01,0.0706,7,7,6,6.666666666666667,0.4714045207910317,0.000642071396597733,0.8812908992306927,0.4714045207910317
600048,2020-04,-0.081,4,4,6,4.666666666666667,0.9428090415820634,0.004817302157272868,0.9709505944546686,0.9428090415820634
600048,2020-07,0.0377,6,6,6,6.0,0.0,0.0,0.9709505944546686,0.0
600048,2020-10,0.1427,6,6,6,6.0,0.0,0.0,0.9709505944546686,0.0
600048,2021-01,0.1507,4,5,5,4.666666666666667,0.4714045207910317,0.0013272465907683984,0.9709505944546686,0.4714045207910317
600048,2021-04,-0.041100000000000005,4,4,4,4.0,0.0,0.0,0.9709505944546686,0.0
600048,2021-07,0.2747,4,3,4,3.6666666666666665,0.4714045207910317,0.0021766561578771704,0.9709505944546686,0.4714045207910317
600048,2021-10,0.1177,6,6,4,5.333333333333333,0.9428090415820634,0.004212595043515672,0.9709505944546686,0.9428090415820634
600048,2022-01,0.0085,6,7,5,6.0,0.816496580927726,0.002333803387527431,0.9709505944546686,0.816496580927726
600048,2022-04,-0.158,7,7,6,6.666666666666667,0.4714045207910317,0.000642071396597733,0.8812908992306927,0.4714045207910317
600048,2022-07,0.0403,6,7,6,6.333333333333333,0.4714045207910317,0.0006758874784616383,0.9709505944546686,0.4714045207910317
600048,2022-10,0.223,6,6,6,6.0,0.0,0.0,0.9709505944546686,0.0
600048,2023-01,-0.0435,4,4,4,4.0,0.0,0.0,0.9709505944546686,0.0
600048,2023-04,-0.0908,4,4,5,4.333333333333333,0.4714045207910317,0.0014294885616036141,0.9709505944546686,0.4714045207910317
600048,2023-07,-0.0183,6,6,4,5.333333333333333,0.9428090415820634,0.004212595043515672,0.9709505944546686,0.9428090415820634
600048,2023-10,-0.0727,4,4,4,4.0,0.0,0.0,0.9709505944546686,0.0
600048,2024-01,0.0256,4,4,4,4.0,0.0,0.0,0.9709505944546686,0.0
600048,2024-04,0.15710000000000002,4,4,4,4.0,0.0,0.0,0.9709505944546686,0.0
600048,2024-07,-0.0809,4,4,4,4.0,0.0,0.0,0.9709505944546686,0.0
600048,2024-10,-0.0527,7,7,5,6.333333333333333,0.9428090415820634,0.002946330098012255,0.8812908992306927,0.9428090415820634
600050,2005-01,0.0828,5,5,5,5.0,0.0,0.0,1.0,0.0
600050,2005-04,-0.0583,4,4,5,4.333333333333333,0.4714045207910317,0.0014294885616036141,0.9709505944546686,0.4714045207910317
600050,2005-07,-0.08220000000000001,7,6,5,6.0,0.816496580927726,0.002333803387527431,0.8812908992306927,0.816496580927726
600050,2005-10,0.05,4,4,5,4.333333333333333,0.4714045207910317,0.0014294885616036141,0.9709505944546686,0.4714045207910317
600050,2006-01,-0.08779999999999999,7,7,6,6.666666666666667,0.4714045207910317,0.000642071396597733,0.8812908992306927,0.4714045207910317
600050,2006-04,-0.3176,4,6,6,5.333333333333333,0.9428090415820634,0.004212595043515672,0.9709505944546686,0.9428090415820634
600050,2006-07,0.0761,6,5,5,5.333333333333333,0.4714045207910317,0.0009491787649267315,0.9709505944546686,0.4714045207910317
600050,2006-10,0.1895,7,6,5,6.0,0.816496580927726,0.002333803387527431,0.8812908992306927,0.816496580927726
600050,2007-01,0.19510000000000002,7,7,7,7.0,0.0,0.0,0.8812908992306927,0.0
600050,2007-04,0.0968,7,7,7,7.0,0.0,0.0,0.8812908992306927,0.0
600050,2007-07,0.1843,6,6,7,6.333333333333333,0.4714045207910317,0.0006758874784615638,0.9709505944546686,0.4714045207910317
600050,2007-10,-0.0793,7,8,7,7.333333333333333,0.4714045207910317,0.0005056809102375145,0.8812908992306927,0.4714045207910317
600050,2008-01,-0.09759999999999999,8,8,7,7.666666666666667,0.4714045207910317,0.000483684145855568,0.7219280948873623,0.4714045207910317
600050,2008-04,0.0667,4,4,6,4.666666666666667,0.9428090415820634,0.004817302157272868,0.9709505944546686,0.9428090415820634
600050,2008-07,-0.3179,3,3,6,4.0,1.4142135623730951,0.014362591564146779,0.8812908992306927,1.4142135623730951
600050,2008-10,0.1543,6,5,4,5.0,0.816496580927726,0.0033729266193250444,0.9709505944546686,0.816496580927726
600050,2009-01,0.028900000000000002,4,4,4,4.0,0.0,0.0,0.9709505944546686,0.0
600050,2009-04,-0.0917,7,7,4,6.0,1.4142135623730951,0.007732062599348774,0.8812908992306927,1.4142135623730951
600050,2009-07,-0.2953,7,7,6,6.666666666666667,0.4714045207910317,0.000642071396597733,0.8812908992306927,0.4714045207910317
600050,2009-10,0.0405,6,7,6,6.333333333333333,0.4714045207910317,0.0006758874784616383,0.9709505944546686,0.4714045207910317
600050,2010-01,-0.0525,7,7,6,6.666666666666667,0.4714045207910317,0.000642071396597733,0.8812908992306927,0.4714045207910317
600050,2010-04,-0.1618,4,4,6,4.666666666666667,0.9428090415820634,0.004817302157272868,0.9709505944546686,0.9428090415820634
600050,2010-07,-0.0882,6,5,5,5.333333333333333,0.4714045207910317,0.0009491787649267315,0.9709505944546686,0.4714045207910317
600050,2010-10,-0.0739,5,4,5,4.666666666666667,0.4714045207910317,0.0013272465907683984,1.0,0.4714045207910317
600050,2011-01,-0.0437,6,6,5,5.666666666666667,0.4714045207910317,0.0008932948130031191,0.9709505944546686,0.4714045207910317
600050,2011-04,-0.0273,6,6,6,6.0,0.0,0.0,0.9709505944546686,0.0
600050,2011-07,-0.061399999999999996,4,4,5,4.333333333333333,0.4714045207910317,0.0014294885616036141,0.9709505944546686,0.4714045207910317
600050,2011-10,-0.0433,6,6,6,6.0,0.0,0.0,0.9709505944546686,0.0
600050,2012-01,0.0026,6,5,6,5.666666666666667,0.4714045207910317,0.0008932948130031191,0.9709505944546686,0.4714045207910317
600050,2012-04,-0.0701,4,4,4,4.0,0.0,0.0,0.9709505944546686,0.0
600050,2012-07,0.0863,4,4,4,4.0,0.0,0.0,0.9709505944546686,0.0
600050,2012-10,-0.1496,5,4,5,4.666666666666667,0.4714045207910317,0.0013272465907683984,1.0,0.4714045207910317
600050,2013-01,-0.0154,7,6,4,5.666666666666667,1.247219128924647,0.006454904945298079,0.8812908992306927,1.247219128924647
600050,2013-04,0.0742,5,4,5,4.666666666666667,0.4714045207910317,0.0013272465907683984,1.0,0.4714045207910317
600050,2013-07,0.041299999999999996,4,3,5,4.0,0.816496580927726,0.00530599861166309,0.9709505944546686,0.816496580927726
600050,2013-10,0.0,6,5,5,5.333333333333333,0.4714045207910317,0.0009491787649267315,0.9709505944546686,0.4714045207910317
600050,2014-01,0.0296,4,5,6,5.0,0.816496580927726,0.0033729266193250444,0.9709505944546686,0.816496580927726
600050,2014-04,0.0407,5,4,5,4.666666666666667,0.4714045207910317,0.0013272465907683984,1.0,0.4714045207910317
600050,2014-07,-0.0268,6,5,6,5.666666666666667,0.4714045207910317,0.0008932948130031191,0.9709505944546686,0.4714045207910317
600050,2014-10,0.1107,7,7,6,6.666666666666667,0.4714045207910317,0.000642071396597733,0.8812908992306927,0.4714045207910317
600050,2015-01,0.3139,7,8,7,7.333333333333333,0.4714045207910317,0.0005056809102375145,0.8812908992306927,0.4714045207910317
600050,2015-04,-0.1093,6,6,7,6.333333333333333,0.4714045207910317,0.0006758874784615638,0.9709505944546686,0.4714045207910317
600050,2015-07,0.0674,5,6,6,5.666666666666667,0.4714045207910317,0.0008932948130031191,1.0,0.4714045207910317
600050,2015-10,-0.0677,4,6,6,5.333333333333333,0.9428090415820634,0.004212595043515672,0.9709505944546686,0.9428090415820634
600050,2016-01,-0.009399999999999999,5,4,7,5.333333333333333,1.247219128924647,0.006684370996497373,1.0,1.247219128924647
600050,2016-04,-0.0125,6,5,4,5.0,0.816496580927726,0.0033729266193250444,0.9709505944546686,0.816496580927726
600050,2016-07,0.0058,4,3,4,3.6666666666666665,0.4714045207910317,0.0021766561578771704,0.9709505944546686,0.4714045207910317
600050,2016-10,0.3533,6,4,4,4.666666666666667,0.9428090415820634,0.004817302157272943,0.9709505944546686,0.9428090415820634
600050,2017-01,0.08539999999999999,7,7,7,7.0,0.0,0.0,0.8812908992306927,0.0
600050,2017-10,-0.09939999999999999,5,6,7,6.0,0.816496580927726,0.002333803387527431,1.0,0.816496580927726
600050,2018-01,-0.0906,4,4,6,4.666666666666667,0.9428090415820634,0.004817302157272868,0.9709505944546686,0.9428090415820634
600050,2018-04,-0.057,4,4,5,4.333333333333333,0.4714045207910317,0.0014294885616036141,0.9709505944546686,0.4714045207910317
600050,2018-07,0.09029999999999999,4,4,4,4.0,0.0,0.0,0.9709505944546686,0.0
600050,2018-10,-0.0302,6,5,5,5.333333333333333,0.4714045207910317,0.0009491787649267315,0.9709505944546686,0.4714045207910317
600050,2019-01,0.24719999999999998,5,6,6,5.666666666666667,0.4714045207910317,0.0008932948130031191,1.0,0.4714045207910317
600050,2019-04,-0.12560000000000002,7,7,7,7.0,0.0,0.0,0.8812908992306927,0.0
600050,2019-07,-0.0154,6,7,7,6.666666666666667,0.4714045207910317,0.0006420713965977487,0.9709505944546686,0.4714045207910317
600050,2019-10,-0.0793,6,5,6,5.666666666666667,0.4714045207910317,0.0008932948130031191,0.9709505944546686,0.4714045207910317
600050,2020-01,-0.0345,6,6,6,6.0,0.0,0.0,0.9709505944546686,0.0
600050,2020-04,-0.057800000000000004,4,4,5,4.333333333333333,0.4714045207910317,0.0014294885616036141,0.9709505944546686,0.4714045207910317
600050,2020-07,0.024900000000000002,5,4,6,5.0,0.816496580927726,0.0033729266193250444,1.0,0.816496580927726
600050,2020-10,0.0316,4,4,6,4.666666666666667,0.9428090415820634,0.004817302157272868,0.9709505944546686,0.9428090415820634
600050,2021-01,0.0397,4,4,5,4.333333333333333,0.4714045207910317,0.0014294885616036141,0.9709505944546686,0.4714045207910317
600050,2021-04,0.0279,4,4,5,4.333333333333333,0.4714045207910317,0.0014294885616036141,0.9709505944546686,0.4714045207910317
600050,2021-07,0.0199,5,5,6,5.333333333333333,0.4714045207910317,0.0009491787649267315,1.0,0.4714045207910317
600050,2021-10,-0.0431,4,4,6,4.666666666666667,0.9428090415820634,0.004817302157272868,0.9709505944546686,0.9428090415820634
600050,2022-01,0.0348,6,5,6,5.666666666666667,0.4714045207910317,0.0008932948130031191,0.9709505944546686,0.4714045207910317
600050,2022-04,-0.013500000000000002,4,4,6,4.666666666666667,0.9428090415820634,0.004817302157272868,0.9709505944546686,0.9428090415820634
600050,2022-07,0.0375,5,5,6,5.333333333333333,0.4714045207910317,0.0009491787649267315,1.0,0.4714045207910317
600050,2022-10,0.39299999999999996,4,4,5,4.333333333333333,0.4714045207910317,0.0014294885616036141,0.9709505944546686,0.4714045207910317
600050,2023-01,0.0104,7,7,7,7.0,0.0,0.0,0.8812908992306927,0.0
600050,2023-04,-0.10400000000000001,6,7,7,6.666666666666667,0.4714045207910317,0.0006420713965977487,0.9709505944546686,0.4714045207910317
600050,2023-07,0.0105,4,6,7,5.666666666666667,1.247219128924647,0.006454904945298079,0.9709505944546686,1.247219128924647
600050,2023-10,-0.0172,5,4,7,5.333333333333333,1.247219128924647,0.006684370996497373,1.0,1.247219128924647
600050,2024-01,0.0667,6,5,5,5.333333333333333,0.4714045207910317,0.0009491787649267315,0.9709505944546686,0.4714045207910317
600050,2024-04,-0.0275,6,4,6,5.333333333333333,0.9428090415820634,0.004212595043515672,0.9709505944546686,0.9428090415820634
600050,2024-07,-0.013500000000000002,6,6,6,6.0,0.0,0.0,0.9709505944546686,0.0
600050,2024-10,0.0332,7,7,6,6.666666666666667,0.4714045207910317,0.000642071396597733,0.8812908992306927,0.4714045207910317
600061,2005-01,0.07919999999999999,5,4,5,4.666666666666667,0.4714045207910317,0.0013272465907683984,1.0,0.4714045207910317
600061,2005-04,-0.2182,3,3,5,3.6666666666666665,0.9428090415820634,0.00771594541165983,0.8812908992306927,0.9428090415820634
600061,2005-07,0.8787999999999999,3,3,4,3.3333333333333335,0.4714045207910317,0.0023948438453058845,0.8812908992306927,0.4714045207910317
600061,2005-10,0.5263,5,3,4,4.0,0.816496580927726,0.00530599861166309,1.0,0.816496580927726
600061,2006-01,0.3099,6,6,4,5.333333333333333,0.9428090415820634,0.004212595043515672,0.9709505944546686,0.9428090415820634
600061,2006-04,0.2361,4,5,4,4.333333333333333,0.4714045207910317,0.0014294885616036141,0.9709505944546686,0.4714045207910317
600061,2006-07,0.11109999999999999,6,7,6,6.333333333333333,0.4714045207910317,0.0006758874784616383,0.9709505944546686,0.4714045207910317
600061,2006-10,-0.0215,4,7,5,5.333333333333333,1.247219128924647,0.006684370996497373,0.9709505944546686,1.247219128924647
600061,2007-01,0.3917,4,3,6,4.333333333333333,1.247219128924647,0.01013672725206552,0.9709505944546686,1.247219128924647
600061,2007-04,-0.0148,8,7,7,7.333333333333333,0.4714045207910317,0.0005056809102375145,0.7219280948873623,0.4714045207910317
600061,2007-07,0.10310000000000001,3,4,5,4.0,0.816496580927726,0.00530599861166309,0.8812908992306927,0.816496580927726
600061,2007-10,0.2329,6,7,6,6.333333333333333,0.4714045207910317,0.0006758874784616383,0.9709505944546686,0.4714045207910317
600061,2008-01,0.0608,7,7,3,5.666666666666667,1.8856180831641267,0.01639998447673846,0.8812908992306927,1.8856180831641267
600061,2008-04,-0.1316,3,4,6,4.333333333333333,1.247219128924647,0.01013672725206552,0.8812908992306927,1.247219128924647
600061,2008-07,-0.3407,3,2,4,3.0,0.816496580927726,0.00957506104276447,0.8812908992306927,0.816496580927726
600061,2008-10,0.24100000000000002,6,4,4,4.666666666666667,0.9428090415820634,0.004817302157272943,0.9709505944546686,0.9428090415820634
600061,2009-01,0.15439999999999998,5,5,3,4.333333333333333,0.9428090415820634,0.0065210988470970595,1.0,0.9428090415820634
600061,2009-04,0.1745,7,7,4,6.0,1.4142135623730951,0.007732062599348774,0.8812908992306927,1.4142135623730951
600061,2009-07,-0.0559,7,8,7,7.333333333333333,0.4714045207910317,0.0005056809102375145,0.8812908992306927,0.4714045207910317
600061,2009-10,0.1107,6,8,7,7.0,0.816496580927726,0.0017108958982558105,0.9709505944546686,0.816496580927726
600061,2010-01,0.09849999999999999,6,6,7,6.333333333333333,0.4714045207910317,0.0006758874784615638,0.9709505944546686,0.4714045207910317
600061,2010-04,-0.069,6,6,7,6.333333333333333,0.4714045207910317,0.0006758874784615638,0.9709505944546686,0.4714045207910317
600061,2010-07,0.1242,4,4,6,4.666666666666667,0.9428090415820634,0.004817302157272868,0.9709505944546686,0.9428090415820634
600061,2010-10,0.17149999999999999,7,6,7,6.666666666666667,0.4714045207910317,0.0006420713965977487,0.8812908992306927,0.4714045207910317
600061,2011-01,0.0335,5,6,7,6.0,0.816496580927726,0.002333803387527431,1.0,0.816496580927726
600061,2011-04,-0.13699999999999998,4,5,6,5.0,0.816496580927726,0.0033729266193250444,0.9709505944546686,0.816496580927726
600061,2011-07,-0.12890000000000001,4,4,6,4.666666666666667,0.9428090415820634,0.004817302157272868,0.9709505944546686,0.9428090415820634
600061,2011-10,-0.0949,4,4,4,4.0,0.0,0.0,0.9709505944546686,0.0
600061,2012-01,0.2359,3,3,3,3.0,0.0,0.0,0.8812908992306927,0.0
600061,2012-04,-0.0592,5,3,4,4.0,0.816496580927726,0.00530599861166309,1.0,0.816496580927726
600061,2012-07,0.1421,4,3,4,3.6666666666666665,0.4714045207910317,0.0021766561578771704,0.9709505944546686,0.4714045207910317
600061,2012-10,-0.23620000000000002,4,4,4,4.0,0.0,0.0,0.9709505944546686,0.0
600061,2013-01,0.0,7,6,4,5.666666666666667,1.247219128924647,0.006454904945298079,0.8812908992306927,1.247219128924647
600061,2013-04,0.4175,6,7,4,5.666666666666667,1.247219128924647,0.006454904945298079,0.9709505944546686,1.247219128924647
600061,2013-07,0.6634,3,3,4,3.3333333333333335,0.4714045207910317,0.0023948438453058845,0.8812908992306927,0.4714045207910317
600061,2013-10,0.10710000000000001,6,6,6,6.0,0.0,0.0,0.9709505944546686,0.0
600061,2014-01,-0.042199999999999994,6,7,6,6.333333333333333,0.4714045207910317,0.0006758874784616383,0.9709505944546686,0.4714045207910317
600061,2014-04,-0.0032,7,7,7,7.0,0.0,0.0,0.8812908992306927,0.0
600061,2014-07,1.7638,4,4,7,5.0,1.4142135623730951,0.009292928204941,0.9709505944546686,1.4142135623730951
600061,2015-01,0.0764,7,7,6,6.666666666666667,0.4714045207910317,0.000642071396597733,0.8812908992306927,0.4714045207910317
600061,2015-04,0.0176,7,7,6,6.666666666666667,0.4714045207910317,0.000642071396597733,0.8812908992306927,0.4714045207910317
600061,2015-07,-0.2844,7,8,3,6.0,2.160246899469287,0.019209548095934934,0.8812908992306927,2.160246899469287
600061,2015-10,0.41369999999999996,3,3,4,3.3333333333333335,0.4714045207910317,0.0023948438453058845,0.8812908992306927,0.4714045207910317
600061,2016-01,-0.18789999999999998,7,4,6,5.666666666666667,1.247219128924647,0.006454904945298079,0.8812908992306927,1.247219128924647
600061,2016-04,0.0638,6,8,4,6.0,1.632993161855452,0.009575061042764446,0.9709505944546686,1.632993161855452
600061,2016-07,0.0191,5,4,4,4.333333333333333,0.4714045207910317,0.0014294885616036141,1.0,0.4714045207910317
600061,2016-10,0.0645,4,4,6,4.666666666666667,0.9428090415820634,0.004817302157272868,0.9709505944546686,0.9428090415820634
600061,2017-01,0.0085,4,4,4,4.0,0.0,0.0,0.9709505944546686,0.0
600061,2017-04,0.0432,5,4,5,4.666666666666667,0.4714045207910317,0.0013272465907683984,1.0,0.4714045207910317
600061,2017-07,0.0467,6,5,5,5.333333333333333,0.4714045207910317,0.0009491787649267315,0.9709505944546686,0.4714045207910317
600061,2017-10,-0.0616,5,6,6,5.666666666666667,0.4714045207910317,0.0008932948130031191,1.0,0.4714045207910317
600061,2018-01,-0.0781,4,4,5,4.333333333333333,0.4714045207910317,0.0014294885616036141,0.9709505944546686,0.4714045207910317
600061,2018-04,-0.0487,5,5,5,5.0,0.0,0.0,1.0,0.0
600061,2018-07,-0.0888,3,3,4,3.3333333333333335,0.4714045207910317,0.0023948438453058845,0.8812908992306927,0.4714045207910317
600061,2018-10,0.1857,4,3,4,3.6666666666666665,0.4714045207910317,0.0021766561578771704,0.9709505944546686,0.4714045207910317
600061,2019-01,0.5097999999999999,5,4,4,4.333333333333333,0.4714045207910317,0.0014294885616036141,1.0,0.4714045207910317
600061,2019-04,-0.12050000000000001,7,7,6,6.666666666666667,0.4714045207910317,0.000642071396597733,0.8812908992306927,0.4714045207910317
600061,2019-07,-0.024399999999999998,6,8,7,7.0,0.816496580927726,0.0017108958982558105,0.9709505944546686,0.816496580927726
600061,2019-10,-0.0285,4,4,7,5.0,1.4142135623730951,0.009292928204941,0.9709505944546686,1.4142135623730951
600061,2020-01,-0.0767,7,7,7,7.0,0.0,0.0,0.8812908992306927,0.0
600061,2020-04,-0.0028000000000000004,4,4,5,4.333333333333333,0.4714045207910317,0.0014294885616036141,0.9709505944546686,0.4714045207910317
600061,2020-07,0.0263,7,6,5,6.0,0.816496580927726,0.002333803387527431,0.8812908992306927,0.816496580927726
600061,2020-10,0.060599999999999994,6,7,7,6.666666666666667,0.4714045207910317,0.0006420713965977487,0.9709505944546686,0.4714045207910317
600061,2021-01,-0.049800000000000004,4,6,5,5.0,0.816496580927726,0.0033729266193250444,0.9709505944546686,0.816496580927726
600061,2021-04,0.0784,4,4,5,4.333333333333333,0.4714045207910317,0.0014294885616036141,0.9709505944546686,0.4714045207910317
600061,2021-07,0.2752,6,4,6,5.333333333333333,0.9428090415820634,0.004212595043515672,0.9709505944546686,0.9428090415820634
600061,2021-10,-0.0246,5,6,5,5.333333333333333,0.4714045207910317,0.0009491787649267315,1.0,0.4714045207910317
600061,2022-01,-0.014199999999999999,6,5,5,5.333333333333333,0.4714045207910317,0.0009491787649267315,0.9709505944546686,0.4714045207910317
600061,2022-04,-0.0455,4,4,5,4.333333333333333,0.4714045207910317,0.0014294885616036141,0.9709505944546686,0.4714045207910317
600061,2022-07,0.0796,5,5,5,5.0,0.0,0.0,1.0,0.0
600061,2022-10,0.1421,4,4,4,4.0,0.0,0.0,0.9709505944546686,0.0
600061,2023-01,0.0339,6,5,5,5.333333333333333,0.4714045207910317,0.0009491787649267315,0.9709505944546686,0.4714045207910317
600061,2023-04,0.0173,6,6,5,5.666666666666667,0.4714045207910317,0.0008932948130031191,0.9709505944546686,0.4714045207910317
600061,2023-07,-0.07200000000000001,6,6,7,6.333333333333333,0.4714045207910317,0.0006758874784615638,0.9709505944546686,0.4714045207910317
600061,2023-10,0.0106,4,4,6,4.666666666666667,0.9428090415820634,0.004817302157272868,0.9709505944546686,0.9428090415820634
600061,2024-01,0.0342,5,4,6,5.0,0.816496580927726,0.0033729266193250444,1.0,0.816496580927726
600061,2024-04,-0.0406,4,4,5,4.333333333333333,0.4714045207910317,0.0014294885616036141,0.9709505944546686,0.4714045207910317
600061,2024-07,-0.034,4,4,5,4.333333333333333,0.4714045207910317,0.0014294885616036141,0.9709505944546686,0.4714045207910317
600061,2024-10,-0.0269,7,7,6,6.666666666666667,0.4714045207910317,0.000642071396597733,0.8812908992306927,0.4714045207910317
600066,2005-01,0.005,4,5,6,5.0,0.816496580927726,0.0033729266193250444,0.9709505944546686,0.816496580927726
600066,2005-04,-0.005,6,5,6,5.666666666666667,0.4714045207910317,0.0008932948130031191,0.9709505944546686,0.4714045207910317
600066,2005-07,-0.0042,5,4,6,5.0,0.816496580927726,0.0033729266193250444,1.0,0.816496580927726
600066,2005-10,0.0008,4,4,6,4.666666666666667,0.9428090415820634,0.004817302157272868,0.9709505944546686,0.9428090415820634
600066,2006-01,0.0075,6,5,6,5.666666666666667,0.4714045207910317,0.0008932948130031191,0.9709505944546686,0.4714045207910317
600066,2006-04,0.015600000000000001,6,4,6,5.333333333333333,0.9428090415820634,0.004212595043515672,0.9709505944546686,0.9428090415820634
600066,2006-07,0.009000000000000001,6,6,6,6.0,0.0,0.0,0.9709505944546686,0.0
600066,2006-10,0.0129,5,6,7,6.0,0.816496580927726,0.002333803387527431,1.0,0.816496580927726
600066,2007-01,0.0032,7,7,7,7.0,0.0,0.0,0.8812908992306927,0.0
600066,2007-04,0.06849999999999999,6,6,7,6.333333333333333,0.4714045207910317,0.0006758874784615638,0.9709505944546686,0.4714045207910317
600066,2007-07,0.015300000000000001,7,8,7,7.333333333333333,0.4714045207910317,0.0005056809102375145,0.8812908992306927,0.4714045207910317
600066,2007-10,-0.1711,7,8,7,7.333333333333333,0.4714045207910317,0.0005056809102375145,0.8812908992306927,0.4714045207910317
600066,2008-01,-0.0713,7,7,7,7.0,0.0,0.0,0.8812908992306927,0.0
600066,2008-04,-0.1329,4,3,6,4.333333333333333,1.247219128924647,0.01013672725206552,0.9709505944546686,1.247219128924647
600066,2008-07,-0.0125,4,3,4,3.6666666666666665,0.4714045207910317,0.0021766561578771704,0.9709505944546686,0.4714045207910317
600066,2008-10,0.0171,5,4,4,4.333333333333333,0.4714045207910317,0.0014294885616036141,1.0,0.4714045207910317
600066,2009-01,0.0203,6,5,4,5.0,0.816496580927726,0.0033729266193250444,0.9709505944546686,0.816496580927726
600066,2009-04,-0.0317,7,6,6,6.333333333333333,0.4714045207910317,0.0006758874784616383,0.8812908992306927,0.4714045207910317
600066,2009-07,-0.08439999999999999,6,6,6,6.0,0.0,0.0,0.9709505944546686,0.0
600066,2009-10,-0.0155,6,7,6,6.333333333333333,0.4714045207910317,0.0006758874784616383,0.9709505944546686,0.4714045207910317
600066,2010-01,-0.0014000000000000002,7,7,7,7.0,0.0,0.0,0.8812908992306927,0.0
600066,2010-04,-0.10460000000000001,6,7,7,6.666666666666667,0.4714045207910317,0.0006420713965977487,0.9709505944546686,0.4714045207910317
600066,2010-07,0.09849999999999999,4,4,6,4.666666666666667,0.9428090415820634,0.004817302157272868,0.9709505944546686,0.9428090415820634
600066,2010-10,-0.1155,7,7,7,7.0,0.0,0.0,0.8812908992306927,0.0
600066,2011-01,0.0922,5,6,6,5.666666666666667,0.4714045207910317,0.0008932948130031191,1.0,0.4714045207910317
600066,2011-04,-0.0379,5,5,7,5.666666666666667,0.9428090415820634,0.0032941013770045433,1.0,0.9428090415820634
600066,2011-07,-0.0706,6,7,6,6.333333333333333,0.4714045207910317,0.0006758874784616383,0.9709505944546686,0.4714045207910317
600066,2011-10,0.126,4,4,6,4.666666666666667,0.9428090415820634,0.004817302157272868,0.9709505944546686,0.9428090415820634
600066,2012-01,0.1882,6,4,6,5.333333333333333,0.9428090415820634,0.004212595043515672,0.9709505944546686,0.9428090415820634
600066,2012-04,-0.2005,6,6,7,6.333333333333333,0.4714045207910317,0.0006758874784615638,0.9709505944546686,0.4714045207910317
600066,2012-07,0.031200000000000002,4,4,5,4.333333333333333,0.4714045207910317,0.0014294885616036141,0.9709505944546686,0.4714045207910317
600066,2012-10,-0.0373,4,4,6,4.666666666666667,0.9428090415820634,0.004817302157272868,0.9709505944546686,0.9428090415820634
600066,2013-01,0.0098,7,7,6,6.666666666666667,0.4714045207910317,0.000642071396597733,0.8812908992306927,0.4714045207910317
600066,2013-04,0.6951,7,8,7,7.333333333333333,0.4714045207910317,0.0005056809102375145,0.8812908992306927,0.4714045207910317
600066,2013-07,-0.0068000000000000005,7,8,7,7.333333333333333,0.4714045207910317,0.0005056809102375145,0.8812908992306927,0.4714045207910317
600066,2013-10,0.33759999999999996,4,6,4,4.666666666666667,0.9428090415820634,0.004817302157272943,0.9709505944546686,0.9428090415820634
600066,2014-01,0.1058,4,4,3,3.6666666666666665,0.4714045207910317,0.0021766561578771704,0.9709505944546686,0.4714045207910317
600066,2014-04,-0.33909999999999996,1,3,3,2.3333333333333335,0.9428090415820634,0.025559141193383414,0.4689955935892812,0.9428090415820634
600066,2014-07,-0.3667,7,4,3,4.666666666666667,1.699673171197595,0.01582838201775807,0.8812908992306927,1.699673171197595
600066,2014-10,0.1852,4,3,4,3.6666666666666665,0.4714045207910317,0.0021766561578771704,0.9709505944546686,0.4714045207910317
600066,2015-01,0.3394,1,1,3,1.6666666666666667,0.9428090415820634,0.036160391661783364,0.4689955935892812,0.9428090415820634
600066,2015-04,0.3923,7,3,1,3.6666666666666665,2.494438257849294,0.062410457549092635,0.8812908992306927,2.494438257849294
600066,2015-07,-0.0788,6,6,3,5.0,1.4142135623730951,0.011456875501600412,0.9709505944546686,1.4142135623730951
600066,2015-10,-0.08470000000000001,4,5,3,4.0,0.816496580927726,0.00530599861166309,0.9709505944546686,0.816496580927726
600066,2016-01,0.0329,7,7,7,7.0,0.0,0.0,0.8812908992306927,0.0
600066,2016-04,0.0693,6,7,6,6.333333333333333,0.4714045207910317,0.0006758874784616383,0.9709505944546686,0.4714045207910317
600066,2016-07,-0.1075,6,5,7,6.0,0.816496580927726,0.002333803387527431,0.9709505944546686,0.816496580927726
600066,2016-10,-0.0452,6,7,7,6.666666666666667,0.4714045207910317,0.0006420713965977487,0.9709505944546686,0.4714045207910317
600066,2017-01,0.0051,4,4,5,4.333333333333333,0.4714045207910317,0.0014294885616036141,0.9709505944546686,0.4714045207910317
600066,2017-04,0.0259,7,6,7,6.666666666666667,0.4714045207910317,0.0006420713965977487,0.8812908992306927,0.4714045207910317
600066,2017-07,-0.10550000000000001,7,8,7,7.333333333333333,0.4714045207910317,0.0005056809102375145,0.8812908992306927,0.4714045207910317
600066,2017-10,-0.1035,7,8,7,7.333333333333333,0.4714045207910317,0.0005056809102375145,0.8812908992306927,0.4714045207910317
600066,2018-01,0.10310000000000001,6,7,7,6.666666666666667,0.4714045207910317,0.0006420713965977487,0.9709505944546686,0.4714045207910317
600066,2018-04,0.1366,4,4,6,4.666666666666667,0.9428090415820634,0.004817302157272868,0.9709505944546686,0.9428090415820634
600066,2018-07,-0.2115,4,4,5,4.333333333333333,0.4714045207910317,0.0014294885616036141,0.9709505944546686,0.4714045207910317
600066,2018-10,0.3614,4,3,4,3.6666666666666665,0.4714045207910317,0.0021766561578771704,0.9709505944546686,0.4714045207910317
600066,2019-01,0.9767,6,4,3,4.333333333333333,1.247219128924647,0.010136727252065516,0.9709505944546686,1.247219128924647
600066,2019-04,-0.2434,6,4,4,4.666666666666667,0.9428090415820634,0.004817302157272943,0.9709505944546686,0.9428090415820634
600066,2019-07,0.34299999999999997,6,7,4,5.666666666666667,1.247219128924647,0.006454904945298079,0.9709505944546686,1.247219128924647
600066,2019-10,-0.0466,5,6,5,5.333333333333333,0.4714045207910317,0.0009491787649267315,1.0,0.4714045207910317
600066,2020-01,-0.0962,6,7,7,6.666666666666667,0.4714045207910317,0.0006420713965977487,0.9709505944546686,0.4714045207910317
600066,2020-04,0.0132,4,4,6,4.666666666666667,0.9428090415820634,0.004817302157272868,0.9709505944546686,0.9428090415820634
600066,2020-07,0.0964,6,5,6,5.666666666666667,0.4714045207910317,0.0008932948130031191,0.9709505944546686,0.4714045207910317
600066,2020-10,0.1624,7,8,7,7.333333333333333,0.4714045207910317,0.0005056809102375145,0.8812908992306927,0.4714045207910317
600066,2021-01,0.1925,6,6,7,6.333333333333333,0.4714045207910317,0.0006758874784615638,0.9709505944546686,0.4714045207910317
600066,2021-04,0.0278,4,4,6,4.666666666666667,0.9428090415820634,0.004817302157272868,0.9709505944546686,0.9428090415820634
600066,2021-07,0.2184,4,3,6,4.333333333333333,1.247219128924647,0.01013672725206552,0.9709505944546686,1.247219128924647
600066,2021-10,-0.0691,4,3,4,3.6666666666666665,0.4714045207910317,0.0021766561578771704,0.9709505944546686,0.4714045207910317
600066,2022-01,-0.1042,5,4,4,4.333333333333333,0.4714045207910317,0.0014294885616036141,1.0,0.4714045207910317
600066,2022-04,1.7931,3,2,3,2.6666666666666665,0.4714045207910317,0.004212595043515672,0.8812908992306927,0.4714045207910317
600066,2022-07,-0.1522,7,5,3,5.0,1.632993161855452,0.014003950467891324,0.8812908992306927,1.632993161855452
600066,2022-10,1.4746000000000001,2,2,3,2.3333333333333335,0.4714045207910317,0.004817302157272868,0.7219280948873623,0.4714045207910317
600066,2023-01,0.9389,6,3,3,4.0,1.4142135623730951,0.014362591564146779,0.9709505944546686,1.4142135623730951
600066,2023-04,0.06849999999999999,7,7,7,7.0,0.0,0.0,0.8812908992306927,0.0
600066,2023-07,-0.16829999999999998,7,7,7,7.0,0.0,0.0,0.8812908992306927,0.0
600066,2023-10,-0.022099999999999998,6,7,7,6.666666666666667,0.4714045207910317,0.0006420713965977487,0.9709505944546686,0.4714045207910317
600066,2024-01,0.36479999999999996,6,4,7,5.666666666666667,1.247219128924647,0.006454904945298079,0.9709505944546686,1.247219128924647
600066,2024-04,0.0079,7,8,8,7.666666666666667,0.4714045207910317,0.000483684145855568,0.8812908992306927,0.4714045207910317
600066,2024-07,-0.0592,7,8,7,7.333333333333333,0.4714045207910317,0.0005056809102375145,0.8812908992306927,0.4714045207910317
600066,2024-10,-0.1121,7,8,7,7.333333333333333,0.4714045207910317,0.0005056809102375145,0.8812908992306927,0.4714045207910317
600085,2005-01,0.0667,5,5,6,5.333333333333333,0.4714045207910317,0.0009491787649267315,1.0,0.4714045207910317
600085,2005-04,-0.7391,8,7,6,7.0,0.816496580927726,0.001710895898255767,0.7219280948873623,0.816496580927726
600085,2005-07,0.1684,6,7,4,5.666666666666667,1.247219128924647,0.006454904945298079,0.9709505944546686,1.247219128924647
600085,2005-10,-1.2302,6,4,4,4.666666666666667,0.9428090415820634,0.004817302157272943,0.9709505944546686,0.9428090415820634
600085,2006-01,0.16,1,2,3,2.0,0.816496580927726,0.02254805037907019,0.4689955935892812,0.816496580927726
600085,2006-04,0.4286,4,2,3,3.0,0.816496580927726,0.00957506104276447,0.9709505944546686,0.816496580927726
600085,2006-07,0.8125,3,7,7,5.666666666666667,1.8856180831641267,0.01639998447673846,0.8812908992306927,1.8856180831641267
600085,2006-10,0.9048,3,2,1,2.0,0.816496580927726,0.022548050379070088,0.8812908992306927,0.816496580927726
600085,2007-01,0.12560000000000002,1,1,1,1.0,0.0,0.0,0.4689955935892812,0.0
600085,2007-04,0.5247999999999999,6,1,1,2.6666666666666665,2.3570226039551585,0.09024627190021624,0.9709505944546686,2.3570226039551585
600085,2007-07,-0.045599999999999995,6,4,1,3.6666666666666665,2.0548046676563256,0.050074508701547046,0.9709505944546686,2.0548046676563256
600085,2007-10,-0.2025,4,6,3,4.333333333333333,1.247219128924647,0.010136727252065516,0.9709505944546686,1.247219128924647
600085,2008-01,0.0725,7,7,6,6.666666666666667,0.4714045207910317,0.000642071396597733,0.8812908992306927,0.4714045207910317
600085,2008-04,-0.2,2,2,6,3.3333333333333335,1.8856180831641267,0.036160391661783364,0.7219280948873623,1.8856180831641267
600085,2008-07,-0.7069,3,2,3,2.6666666666666665,0.4714045207910317,0.004212595043515672,0.8812908992306927,0.4714045207910317
600085,2008-10,-0.2,3,3,3,3.0,0.0,0.0,0.8812908992306927,0.0
600085,2009-01,0.10640000000000001,3,4,3,3.3333333333333335,0.4714045207910317,0.0023948438453058845,0.8812908992306927,0.4714045207910317
600085,2009-04,-0.1377,3,2,2,2.3333333333333335,0.4714045207910317,0.004817302157272943,0.8812908992306927,0.4714045207910317
600085,2009-07,-0.3478,8,7,3,6.0,2.160246899469287,0.019209548095934934,0.7219280948873623,2.160246899469287
600085,2009-10,0.2661,6,8,3,5.666666666666667,2.0548046676563256,0.018291675048278867,0.9709505944546686,2.0548046676563256
600085,2010-01,0.0885,7,8,6,7.0,0.816496580927726,0.001710895898255767,0.8812908992306927,0.816496580927726
600085,2010-04,0.3271,6,7,7,6.666666666666667,0.4714045207910317,0.0006420713965977487,0.9709505944546686,0.4714045207910317
600085,2010-07,0.2182,4,4,7,5.0,1.4142135623730951,0.009292928204941,0.9709505944546686,1.4142135623730951
600085,2010-10,0.1061,8,8,6,7.333333333333333,0.9428090415820634,0.0021766561578771704,0.7219280948873623,0.9428090415820634
600085,2011-01,0.2627,4,6,7,5.666666666666667,1.247219128924647,0.006454904945298079,0.9709505944546686,1.247219128924647
600085,2011-04,-0.1423,7,7,7,7.0,0.0,0.0,0.8812908992306927,0.0
600085,2011-07,-0.0725,7,7,7,7.0,0.0,0.0,0.8812908992306927,0.0
600085,2011-10,0.1618,4,3,6,4.333333333333333,1.247219128924647,0.01013672725206552,0.9709505944546686,1.247219128924647
600085,2012-01,0.1317,4,4,6,4.666666666666667,0.9428090415820634,0.004817302157272868,0.9709505944546686,0.9428090415820634
600085,2012-04,0.08199999999999999,4,5,6,5.0,0.816496580927726,0.0033729266193250444,0.9709505944546686,0.816496580927726
600085,2012-07,-0.0273,8,8,7,7.666666666666667,0.4714045207910317,0.000483684145855568,0.7219280948873623,0.4714045207910317
600085,2012-10,-0.0859,6,7,8,7.0,0.816496580927726,0.0017108958982558105,0.9709505944546686,0.816496580927726
600085,2013-01,0.0908,7,7,8,7.333333333333333,0.4714045207910317,0.0005056809102375145,0.8812908992306927,0.4714045207910317
600085,2013-04,0.0646,7,8,8,7.666666666666667,0.4714045207910317,0.000483684145855568,0.8812908992306927,0.4714045207910317
600085,2013-07,-0.0481,4,6,7,5.666666666666667,1.247219128924647,0.006454904945298079,0.9709505944546686,1.247219128924647
600085,2013-10,0.0519,6,6,8,6.666666666666667,0.9428090415820634,0.0023948438453058845,0.9709505944546686,0.9428090415820634
600085,2014-01,-0.010700000000000001,6,7,7,6.666666666666667,0.4714045207910317,0.0006420713965977487,0.9709505944546686,0.4714045207910317
600085,2014-04,-0.0096,4,4,6,4.666666666666667,0.9428090415820634,0.004817302157272868,0.9709505944546686,0.9428090415820634
600085,2014-07,-0.0662,7,5,6,6.0,0.816496580927726,0.002333803387527431,0.8812908992306927,0.816496580927726
600085,2014-10,0.0855,7,7,6,6.666666666666667,0.4714045207910317,0.000642071396597733,0.8812908992306927,0.4714045207910317
600085,2015-01,-0.0022,7,8,7,7.333333333333333,0.4714045207910317,0.0005056809102375145,0.8812908992306927,0.4714045207910317
600085,2015-04,0.21989999999999998,8,8,8,8.0,0.0,0.0,0.7219280948873623,0.0
600085,2015-07,-0.1949,7,7,8,7.333333333333333,0.4714045207910317,0.0005056809102375145,0.8812908992306927,0.4714045207910317
600085,2015-10,0.0466,4,4,6,4.666666666666667,0.9428090415820634,0.004817302157272868,0.9709505944546686,0.9428090415820634
600085,2016-01,-0.077,6,7,7,6.666666666666667,0.4714045207910317,0.0006420713965977487,0.9709505944546686,0.4714045207910317
600085,2016-04,-0.015600000000000001,6,8,6,6.666666666666667,0.9428090415820634,0.0023948438453058845,0.9709505944546686,0.9428090415820634
600085,2016-07,-0.024399999999999998,7,5,6,6.0,0.816496580927726,0.002333803387527431,0.8812908992306927,0.816496580927726
600085,2016-10,0.1047,6,6,8,6.666666666666667,0.9428090415820634,0.0023948438453058845,0.9709505944546686,0.9428090415820634
600085,2017-01,0.0049,5,6,6,5.666666666666667,0.4714045207910317,0.0008932948130031191,1.0,0.4714045207910317
600085,2017-04,0.0464,6,7,7,6.666666666666667,0.4714045207910317,0.0006420713965977487,0.9709505944546686,0.4714045207910317
600085,2017-07,-0.0124,7,8,8,7.666666666666667,0.4714045207910317,0.000483684145855568,0.8812908992306927,0.4714045207910317
600085,2017-10,-0.0463,6,6,7,6.333333333333333,0.4714045207910317,0.0006758874784615638,0.9709505944546686,0.4714045207910317
600085,2018-01,-0.0496,5,4,7,5.333333333333333,1.247219128924647,0.006684370996497373,1.0,1.247219128924647
600085,2018-04,0.15869999999999998,7,8,7,7.333333333333333,0.4714045207910317,0.0005056809102375145,0.8812908992306927,0.4714045207910317
600085,2018-07,-0.0521,5,6,6,5.666666666666667,0.4714045207910317,0.0008932948130031191,1.0,0.4714045207910317
600085,2018-10,0.0264,5,4,6,5.0,0.816496580927726,0.0033729266193250444,1.0,0.816496580927726
600085,2019-01,0.1245,4,4,6,4.666666666666667,0.9428090415820634,0.004817302157272868,0.9709505944546686,0.9428090415820634
600085,2019-04,-0.0702,7,6,6,6.333333333333333,0.4714045207910317,0.0006758874784616383,0.8812908992306927,0.4714045207910317
600085,2019-07,-0.0222,5,6,6,5.666666666666667,0.4714045207910317,0.0008932948130031191,1.0,0.4714045207910317
600085,2019-10,-0.0369,5,4,6,5.0,0.816496580927726,0.0033729266193250444,1.0,0.816496580927726
600085,2020-01,-0.049,7,7,7,7.0,0.0,0.0,0.8812908992306927,0.0
600085,2020-04,-0.0269,5,4,6,5.0,0.816496580927726,0.0033729266193250444,1.0,0.816496580927726
600085,2020-07,0.1079,7,6,6,6.333333333333333,0.4714045207910317,0.0006758874784616383,0.8812908992306927,0.4714045207910317
600085,2020-10,0.0,4,6,7,5.666666666666667,1.247219128924647,0.006454904945298079,0.9709505944546686,1.247219128924647
600085,2021-01,0.1586,4,4,6,4.666666666666667,0.9428090415820634,0.004817302157272868,0.9709505944546686,0.9428090415820634
600085,2021-04,0.4113,7,8,7,7.333333333333333,0.4714045207910317,0.0005056809102375145,0.8812908992306927,0.4714045207910317
600085,2021-07,-0.0349,7,7,8,7.333333333333333,0.4714045207910317,0.0005056809102375145,0.8812908992306927,0.4714045207910317
600085,2021-10,0.1411,4,6,7,5.666666666666667,1.247219128924647,0.006454904945298079,0.9709505944546686,1.247219128924647
600085,2022-01,0.0977,8,8,8,8.0,0.0,0.0,0.7219280948873623,0.0
600085,2022-04,0.2879,6,8,8,7.333333333333333,0.9428090415820634,0.0021766561578771704,0.9709505944546686,0.9428090415820634
600085,2022-07,-0.0004,7,8,7,7.333333333333333,0.4714045207910317,0.0005056809102375145,0.8812908992306927,0.4714045207910317
600085,2022-10,0.0085,5,5,7,5.666666666666667,0.9428090415820634,0.0032941013770045433,1.0,0.9428090415820634
600085,2023-01,0.04019999999999999,5,4,6,5.0,0.816496580927726,0.0033729266193250444,1.0,0.816496580927726
600085,2023-04,0.0431,7,8,7,7.333333333333333,0.4714045207910317,0.0005056809102375145,0.8812908992306927,0.4714045207910317
600085,2023-07,0.1048,6,7,7,6.666666666666667,0.4714045207910317,0.0006420713965977487,0.9709505944546686,0.4714045207910317
600085,2023-10,0.0361,5,4,7,5.333333333333333,1.247219128924647,0.006684370996497373,1.0,1.247219128924647
600085,2024-01,0.018500000000000003,6,6,7,6.333333333333333,0.4714045207910317,0.0006758874784615638,0.9709505944546686,0.4714045207910317
600085,2024-04,0.054900000000000004,4,4,6,4.666666666666667,0.9428090415820634,0.004817302157272868,0.9709505944546686,0.9428090415820634
600085,2024-07,-0.0584,4,4,6,4.666666666666667,0.9428090415820634,0.004817302157272868,0.9709505944546686,0.9428090415820634
600085,2024-10,0.0297,8,7,6,7.0,0.816496580927726,0.001710895898255767,0.7219280948873623,0.816496580927726
600089,2005-01,0.08220000000000001,5,5,6,5.333333333333333,0.4714045207910317,0.0009491787649267315,1.0,0.4714045207910317
600089,2005-04,-0.0103,3,4,6,4.333333333333333,1.247219128924647,0.01013672725206552,0.8812908992306927,1.247219128924647
600089,2005-07,0.0787,6,4,5,5.0,0.816496580927726,0.0033729266193250444,0.9709505944546686,0.816496580927726
600089,2005-10,0.0,7,8,6,7.0,0.816496580927726,0.001710895898255767,0.8812908992306927,0.816496580927726
600089,2006-01,-0.1452,5,6,6,5.666666666666667,0.4714045207910317,0.0008932948130031191,1.0,0.4714045207910317
600089,2006-04,0.9111,6,6,7,6.333333333333333,0.4714045207910317,0.0006758874784615638,0.9709505944546686,0.4714045207910317
600089,2006-07,0.0909,1,1,3,1.6666666666666667,0.9428090415820634,0.036160391661783364,0.4689955935892812,0.9428090415820634
600089,2006-10,1.1333,3,6,3,4.0,1.4142135623730951,0.014362591564146779,0.8812908992306927,1.4142135623730951
600089,2007-01,-0.0519,2,2,2,2.0,0.0,0.0,0.7219280948873623,0.0
600089,2007-07,0.2426,3,2,1,2.0,0.816496580927726,0.022548050379070088,0.8812908992306927,0.816496580927726
600089,2007-10,-0.1827,7,4,2,4.333333333333333,2.0548046676563256,0.02936434316506419,0.8812908992306927,2.0548046676563256
600089,2008-01,0.0974,7,7,3,5.666666666666667,1.8856180831641267,0.01639998447673846,0.8812908992306927,1.8856180831641267
600089,2008-04,0.1148,3,3,4,3.3333333333333335,0.4714045207910317,0.0023948438453058845,0.8812908992306927,0.4714045207910317
600089,2008-07,-0.1503,4,3,6,4.333333333333333,1.247219128924647,0.01013672725206552,0.9709505944546686,1.247219128924647
600089,2008-10,0.45130000000000003,7,7,5,6.333333333333333,0.9428090415820634,0.002946330098012255,0.8812908992306927,0.9428090415820634
600089,2009-01,0.0553,7,8,6,7.0,0.816496580927726,0.001710895898255767,0.8812908992306927,0.816496580927726
600089,2009-04,0.0968,7,7,7,7.0,0.0,0.0,0.8812908992306927,0.0
600089,2009-07,-0.045700000000000005,4,6,7,5.666666666666667,1.247219128924647,0.006454904945298079,0.9709505944546686,1.247219128924647
600089,2009-10,0.1934,7,7,7,7.0,0.0,0.0,0.8812908992306927,0.0
600089,2010-01,0.0264,6,6,7,6.333333333333333,0.4714045207910317,0.0006758874784615638,0.9709505944546686,0.4714045207910317
600089,2010-04,-0.0967,4,4,6,4.666666666666667,0.9428090415820634,0.004817302157272868,0.9709505944546686,0.9428090415820634
600089,2010-07,-0.0070999999999999995,4,3,5,4.0,0.816496580927726,0.00530599861166309,0.9709505944546686,0.816496580927726
600089,2010-10,-0.0455,7,6,6,6.333333333333333,0.4714045207910317,0.0006758874784616383,0.8812908992306927,0.4714045207910317
600089,2011-01,0.0917,6,6,6,6.0,0.0,0.0,0.9709505944546686,0.0
600089,2011-04,-0.0443,6,6,6,6.0,0.0,0.0,0.9709505944546686,0.0
600089,2011-07,-0.1534,4,4,7,5.0,1.4142135623730951,0.009292928204941,0.9709505944546686,1.4142135623730951
600089,2011-10,-0.08449999999999999,4,4,5,4.333333333333333,0.4714045207910317,0.0014294885616036141,0.9709505944546686,0.4714045207910317
600089,2012-01,0.11,4,3,4,3.6666666666666665,0.4714045207910317,0.0021766561578771704,0.9709505944546686,0.4714045207910317
600089,2012-04,-0.0262,4,4,4,4.0,0.0,0.0,0.9709505944546686,0.0
600089,2012-07,-0.1351,4,4,4,4.0,0.0,0.0,0.9709505944546686,0.0
600089,2012-10,-0.07429999999999999,7,6,4,5.666666666666667,1.247219128924647,0.006454904945298079,0.8812908992306927,1.247219128924647
600089,2013-01,-0.0364,7,6,6,6.333333333333333,0.4714045207910317,0.0006758874784616383,0.8812908992306927,0.4714045207910317
600089,2013-04,0.4678,4,4,6,4.666666666666667,0.9428090415820634,0.004817302157272868,0.9709505944546686,0.9428090415820634
600089,2013-07,0.147,6,6,7,6.333333333333333,0.4714045207910317,0.0006758874784615638,0.9709505944546686,0.4714045207910317
600089,2013-10,0.1057,7,7,7,7.0,0.0,0.0,0.8812908992306927,0.0
600089,2014-01,0.0684,4,6,7,5.666666666666667,1.247219128924647,0.006454904945298079,0.9709505944546686,1.247219128924647
600089,2014-04,-0.0103,4,4,7,5.0,1.4142135623730951,0.009292928204941,0.9709505944546686,1.4142135623730951
600089,2014-07,-0.0169,5,4,7,5.333333333333333,1.247219128924647,0.006684370996497373,1.0,1.247219128924647
600089,2014-10,0.0958,7,7,6,6.666666666666667,0.4714045207910317,0.000642071396597733,0.8812908992306927,0.4714045207910317
600089,2015-01,-0.0097,7,8,7,7.333333333333333,0.4714045207910317,0.0005056809102375145,0.8812908992306927,0.4714045207910317
600089,2015-04,-0.0431,7,8,7,7.333333333333333,0.4714045207910317,0.0005056809102375145,0.8812908992306927,0.4714045207910317
600089,2015-07,-0.16449999999999998,5,6,7,6.0,0.816496580927726,0.002333803387527431,1.0,0.816496580927726
600089,2015-10,-0.0183,4,4,5,4.333333333333333,0.4714045207910317,0.0014294885616036141,0.9709505944546686,0.4714045207910317
600089,2016-01,-0.0733,6,5,6,5.666666666666667,0.4714045207910317,0.0008932948130031191,0.9709505944546686,0.4714045207910317
600089,2016-04,-0.0381,6,6,4,5.333333333333333,0.9428090415820634,0.004212595043515672,0.9709505944546686,0.9428090415820634
600089,2016-07,-0.004699999999999999,5,4,5,4.666666666666667,0.4714045207910317,0.0013272465907683984,1.0,0.4714045207910317
600089,2016-10,0.1301,5,4,6,5.0,0.816496580927726,0.0033729266193250444,1.0,0.816496580927726
600089,2017-01,0.1325,6,6,6,6.0,0.0,0.0,0.9709505944546686,0.0
600089,2017-04,-0.1672,7,8,7,7.333333333333333,0.4714045207910317,0.0005056809102375145,0.8812908992306927,0.4714045207910317
600089,2017-07,-0.06269999999999999,7,7,7,7.0,0.0,0.0,0.8812908992306927,0.0
600089,2017-10,-0.005600000000000001,5,4,7,5.333333333333333,1.247219128924647,0.006684370996497373,1.0,1.247219128924647
600089,2018-01,-0.1192,5,5,7,5.666666666666667,0.9428090415820634,0.0032941013770045433,1.0,0.9428090415820634
600089,2018-04,-0.0239,4,4,6,4.666666666666667,0.9428090415820634,0.004817302157272868,0.9709505944546686,0.9428090415820634
600089,2018-07,-0.0415,4,3,4,3.6666666666666665,0.4714045207910317,0.0021766561578771704,0.9709505944546686,0.4714045207910317
600089,2018-10,-0.0253,7,6,5,6.0,0.816496580927726,0.002333803387527431,0.8812908992306927,0.816496580927726
600089,2019-01,0.2205,5,6,6,5.666666666666667,0.4714045207910317,0.0008932948130031191,1.0,0.4714045207910317
600089,2019-04,-0.1117,7,7,6,6.666666666666667,0.4714045207910317,0.000642071396597733,0.8812908992306927,0.4714045207910317
600089,2019-07,-0.11699999999999999,4,6,6,5.333333333333333,0.9428090415820634,0.004212595043515672,0.9709505944546686,0.9428090415820634
600089,2019-10,0.0208,5,4,6,5.0,0.816496580927726,0.0033729266193250444,1.0,0.816496580927726
600089,2020-01,-0.0351,6,6,6,6.0,0.0,0.0,0.9709505944546686,0.0
600089,2020-04,-0.136,7,7,6,6.666666666666667,0.4714045207910317,0.000642071396597733,0.8812908992306927,0.4714045207910317
600089,2020-07,-0.08960000000000001,5,6,6,5.666666666666667,0.4714045207910317,0.0008932948130031191,1.0,0.4714045207910317
600089,2020-10,0.0545,7,7,7,7.0,0.0,0.0,0.8812908992306927,0.0
600089,2021-01,-0.0608,7,7,7,7.0,0.0,0.0,0.8812908992306927,0.0
600089,2021-04,-0.040999999999999995,6,6,7,6.333333333333333,0.4714045207910317,0.0006758874784615638,0.9709505944546686,0.4714045207910317
600089,2021-07,0.7318000000000001,7,7,7,7.0,0.0,0.0,0.8812908992306927,0.0
600089,2021-10,-0.16670000000000001,6,7,7,6.666666666666667,0.4714045207910317,0.0006420713965977487,0.9709505944546686,0.4714045207910317
600089,2022-01,0.09369999999999999,4,6,7,5.666666666666667,1.247219128924647,0.006454904945298079,0.9709505944546686,1.247219128924647
600089,2022-04,0.1825,5,5,7,5.666666666666667,0.9428090415820634,0.0032941013770045433,1.0,0.9428090415820634
600089,2022-07,-0.0084,7,8,7,7.333333333333333,0.4714045207910317,0.0005056809102375145,0.8812908992306927,0.4714045207910317
600089,2022-10,0.0584,4,6,6,5.333333333333333,0.9428090415820634,0.004212595043515672,0.9709505944546686,0.9428090415820634
600089,2023-01,0.0139,4,4,6,4.666666666666667,0.9428090415820634,0.004817302157272868,0.9709505944546686,0.9428090415820634
600089,2023-04,-0.0106,6,5,7,6.0,0.816496580927726,0.002333803387527431,0.9709505944546686,0.816496580927726
600089,2023-07,-0.10550000000000001,6,6,6,6.0,0.0,0.0,0.9709505944546686,0.0
600089,2023-10,-0.0044,5,5,6,5.333333333333333,0.4714045207910317,0.0009491787649267315,1.0,0.4714045207910317
600089,2024-01,0.061799999999999994,5,4,6,5.0,0.816496580927726,0.0033729266193250444,1.0,0.816496580927726
600089,2024-04,0.0562,6,6,6,6.0,0.0,0.0,0.9709505944546686,0.0
600089,2024-07,-0.0692,4,5,6,5.0,0.816496580927726,0.0033729266193250444,0.9709505944546686,0.816496580927726
600089,2024-10,-0.0375,7,6,6,6.333333333333333,0.4714045207910317,0.0006758874784616383,0.8812908992306927,0.4714045207910317
600104,2005-01,0.0327,4,4,4,4.0,0.0,0.0,0.9709505944546686,0.0
600104,2005-04,0.0146,4,4,4,4.0,0.0,0.0,0.9709505944546686,0.0
600104,2005-07,-0.0085,5,5,5,5.0,0.0,0.0,1.0,0.0
600104,2005-10,-0.009300000000000001,6,6,4,5.333333333333333,0.9428090415820634,0.004212595043515672,0.9709505944546686,0.9428090415820634
600104,2006-01,-0.0106,4,4,4,4.0,0.0,0.0,0.9709505944546686,0.0
600104,2006-04,0.11349999999999999,5,4,5,4.666666666666667,0.4714045207910317,0.0013272465907683984,1.0,0.4714045207910317
600104,2006-07,-0.0313,6,7,6,6.333333333333333,0.4714045207910317,0.0006758874784616383,0.9709505944546686,0.4714045207910317
600104,2006-10,0.1014,4,6,4,4.666666666666667,0.9428090415820634,0.004817302157272943,0.9709505944546686,0.9428090415820634
600104,2007-01,0.4904,7,7,6,6.666666666666667,0.4714045207910317,0.000642071396597733,0.8812908992306927,0.4714045207910317
600104,2007-04,0.3231,5,5,6,5.333333333333333,0.4714045207910317,0.0009491787649267315,1.0,0.4714045207910317
600104,2007-07,0.121,3,2,4,3.0,0.816496580927726,0.00957506104276447,0.8812908992306927,0.816496580927726
600104,2007-10,-0.2418,3,2,1,2.0,0.816496580927726,0.022548050379070088,0.8812908992306927,0.816496580927726
600104,2008-01,-0.45270000000000005,6,3,2,3.6666666666666665,1.699673171197595,0.02575266944219168,0.9709505944546686,1.699673171197595
600104,2008-04,-3.359,1,1,2,1.3333333333333333,0.4714045207910317,0.014362591564146779,0.4689955935892812,0.4714045207910317
600104,2008-07,-0.1917,1,1,3,1.6666666666666667,0.9428090415820634,0.036160391661783364,0.4689955935892812,0.9428090415820634
600104,2008-10,0.0717,5,3,2,3.3333333333333335,1.247219128924647,0.017250981160694335,1.0,1.247219128924647
600104,2009-01,0.1038,4,4,3,3.6666666666666665,0.4714045207910317,0.0021766561578771704,0.9709505944546686,0.4714045207910317
600104,2009-04,0.5455,7,7,4,6.0,1.4142135623730951,0.007732062599348774,0.8812908992306927,1.4142135623730951
600104,2009-07,-1.0226,7,6,4,5.666666666666667,1.247219128924647,0.006454904945298079,0.8812908992306927,1.247219128924647
600104,2009-10,0.3223,1,1,2,1.3333333333333333,0.4714045207910317,0.014362591564146779,0.4689955935892812,0.4714045207910317
600104,2010-01,0.5199,7,2,2,3.6666666666666665,2.3570226039551585,0.046690002344372206,0.8812908992306927,2.3570226039551585
600104,2010-04,-0.9609000000000001,3,4,3,3.3333333333333335,0.4714045207910317,0.0023948438453058845,0.8812908992306927,0.4714045207910317
600104,2010-07,0.406,1,1,3,1.6666666666666667,0.9428090415820634,0.036160391661783364,0.4689955935892812,0.9428090415820634
600104,2010-10,-0.3946,3,3,2,2.6666666666666665,0.4714045207910317,0.004212595043515672,0.8812908992306927,0.4714045207910317
600104,2011-01,0.22719999999999999,3,3,3,3.0,0.0,0.0,0.8812908992306927,0.0
600104,2011-04,-0.3009,7,6,3,5.333333333333333,1.699673171197595,0.014489122970023622,0.8812908992306927,1.699673171197595
600104,2011-07,-0.3407,6,6,3,5.0,1.4142135623730951,0.011456875501600412,0.9709505944546686,1.4142135623730951
600104,2011-10,-0.7261,5,4,4,4.333333333333333,0.4714045207910317,0.0014294885616036141,1.0,0.4714045207910317
600104,2012-01,0.2595,4,4,3,3.6666666666666665,0.4714045207910317,0.0021766561578771704,0.9709505944546686,0.4714045207910317
600104,2012-04,0.1168,4,3,3,3.3333333333333335,0.4714045207910317,0.0023948438453058845,0.9709505944546686,0.4714045207910317
600104,2012-07,-2.3016,3,4,3,3.3333333333333335,0.4714045207910317,0.0023948438453058845,0.8812908992306927,0.4714045207910317
600104,2012-10,1.4051,3,2,3,2.6666666666666665,0.4714045207910317,0.004212595043515672,0.8812908992306927,0.4714045207910317
600104,2013-01,-0.0085,3,2,1,2.0,0.816496580927726,0.022548050379070088,0.8812908992306927,0.816496580927726
600104,2013-04,0.26739999999999997,3,4,3,3.3333333333333335,0.4714045207910317,0.0023948438453058845,0.8812908992306927,0.4714045207910317
600104,2013-07,1.2239,2,2,3,2.3333333333333335,0.4714045207910317,0.004817302157272868,0.7219280948873623,0.4714045207910317
600104,2013-10,0.37549999999999994,6,5,4,5.0,0.816496580927726,0.0033729266193250444,0.9709505944546686,0.816496580927726
600104,2014-01,-0.1986,4,4,4,4.0,0.0,0.0,0.9709505944546686,0.0
600104,2014-04,0.0271,6,6,4,5.333333333333333,0.9428090415820634,0.004212595043515672,0.9709505944546686,0.9428090415820634
600104,2014-07,0.1081,7,6,6,6.333333333333333,0.4714045207910317,0.0006758874784616383,0.8812908992306927,0.4714045207910317
600104,2014-10,0.2563,6,6,3,5.0,1.4142135623730951,0.011456875501600412,0.9709505944546686,1.4142135623730951
600104,2015-01,0.1393,7,6,4,5.666666666666667,1.247219128924647,0.006454904945298079,0.8812908992306927,1.247219128924647
600104,2015-04,-0.1816,7,6,2,5.0,2.160246899469287,0.029236916052000086,0.8812908992306927,2.160246899469287
600104,2015-07,-0.1923,4,5,4,4.333333333333333,0.4714045207910317,0.0014294885616036141,0.9709505944546686,0.4714045207910317
600104,2015-10,0.1563,3,3,4,3.3333333333333335,0.4714045207910317,0.0023948438453058845,0.8812908992306927,0.4714045207910317
600104,2016-01,-0.0304,6,6,6,6.0,0.0,0.0,0.9709505944546686,0.0
600104,2016-04,-0.0044,6,7,4,5.666666666666667,1.247219128924647,0.006454904945298079,0.9709505944546686,1.247219128924647
600104,2016-07,-0.0741,5,4,5,4.666666666666667,0.4714045207910317,0.0013272465907683984,1.0,0.4714045207910317
600104,2016-10,0.0983,6,6,7,6.333333333333333,0.4714045207910317,0.0006758874784615638,0.9709505944546686,0.4714045207910317
600104,2017-01,0.023799999999999998,5,5,6,5.333333333333333,0.4714045207910317,0.0009491787649267315,1.0,0.4714045207910317
600104,2017-04,0.14429999999999998,6,6,6,6.0,0.0,0.0,0.9709505944546686,0.0
600104,2017-07,-0.017,6,7,6,6.333333333333333,0.4714045207910317,0.0006758874784616383,0.9709505944546686,0.4714045207910317
600104,2017-10,-0.024,5,6,6,5.666666666666667,0.4714045207910317,0.0008932948130031191,1.0,0.4714045207910317
600104,2018-01,-0.0265,6,6,6,6.0,0.0,0.0,0.9709505944546686,0.0
600104,2018-04,0.16699999999999998,5,6,6,5.666666666666667,0.4714045207910317,0.0008932948130031191,1.0,0.4714045207910317
600104,2018-07,-0.0987,5,6,6,5.666666666666667,0.4714045207910317,0.0008932948130031191,1.0,0.4714045207910317
600104,2018-10,-0.09880000000000001,6,6,6,6.0,0.0,0.0,0.9709505944546686,0.0
600104,2019-01,0.07690000000000001,6,5,4,5.0,0.816496580927726,0.0033729266193250444,0.9709505944546686,0.816496580927726
600104,2019-04,-0.1482,4,4,4,4.0,0.0,0.0,0.9709505944546686,0.0
600104,2019-07,0.011000000000000001,6,6,4,5.333333333333333,0.9428090415820634,0.004212595043515672,0.9709505944546686,0.9428090415820634
600104,2019-10,-0.012199999999999999,4,4,4,4.0,0.0,0.0,0.9709505944546686,0.0
600104,2020-01,-0.0204,6,5,5,5.333333333333333,0.4714045207910317,0.0009491787649267315,0.9709505944546686,0.4714045207910317
600104,2020-04,-0.061500000000000006,4,4,4,4.0,0.0,0.0,0.9709505944546686,0.0
600104,2020-07,0.0298,4,4,4,4.0,0.0,0.0,0.9709505944546686,0.0
600104,2020-10,0.1595,6,5,4,5.0,0.816496580927726,0.0033729266193250444,0.9709505944546686,0.816496580927726
600104,2021-01,-0.0348,6,6,6,6.0,0.0,0.0,0.9709505944546686,0.0
600104,2021-04,0.012199999999999999,4,5,4,4.333333333333333,0.4714045207910317,0.0014294885616036141,0.9709505944546686,0.4714045207910317
600104,2021-07,0.0581,7,6,6,6.333333333333333,0.4714045207910317,0.0006758874784616383,0.8812908992306927,0.4714045207910317
600104,2021-10,-0.0175,4,4,5,4.333333333333333,0.4714045207910317,0.0014294885616036141,0.9709505944546686,0.4714045207910317
600104,2022-01,-0.032,6,5,4,5.0,0.816496580927726,0.0033729266193250444,0.9709505944546686,0.816496580927726
600104,2022-04,0.08560000000000001,4,4,4,4.0,0.0,0.0,0.9709505944546686,0.0
600104,2022-07,-0.046799999999999994,6,5,4,5.0,0.816496580927726,0.0033729266193250444,0.9709505944546686,0.816496580927726
600104,2022-10,0.1103,4,4,4,4.0,0.0,0.0,0.9709505944546686,0.0
600104,2023-01,0.0007000000000000001,5,4,4,4.333333333333333,0.4714045207910317,0.0014294885616036141,1.0,0.4714045207910317
600104,2023-04,-0.0525,5,4,4,4.333333333333333,0.4714045207910317,0.0014294885616036141,1.0,0.4714045207910317
600104,2023-07,-0.0751,6,6,4,5.333333333333333,0.9428090415820634,0.004212595043515672,0.9709505944546686,0.9428090415820634
600104,2023-10,0.0256,6,6,5,5.666666666666667,0.4714045207910317,0.0008932948130031191,0.9709505944546686,0.4714045207910317
600104,2024-01,0.09759999999999999,4,4,5,4.333333333333333,0.4714045207910317,0.0014294885616036141,0.9709505944546686,0.4714045207910317
600104,2024-04,-0.0548,6,4,6,5.333333333333333,0.9428090415820634,0.004212595043515672,0.9709505944546686,0.9428090415820634
600104,2024-07,-0.12369999999999999,4,5,5,4.666666666666667,0.4714045207910317,0.0013272465907683984,0.9709505944546686,0.4714045207910317
600104,2024-10,0.3685,7,5,5,5.666666666666667,0.9428090415820634,0.0032941013770045433,0.8812908992306927,0.9428090415820634
600111,2005-01,0.11900000000000001,4,4,5,4.333333333333333,0.4714045207910317,0.0014294885616036141,0.9709505944546686,0.4714045207910317
600111,2005-04,-0.0787,4,4,5,4.333333333333333,0.4714045207910317,0.0014294885616036141,0.9709505944546686,0.4714045207910317
600111,2005-07,0.10779999999999999,4,4,5,4.333333333333333,0.4714045207910317,0.0014294885616036141,0.9709505944546686,0.4714045207910317
600111,2005-10,0.0,5,4,5,4.666666666666667,0.4714045207910317,0.0013272465907683984,1.0,0.4714045207910317
600111,2006-01,0.0123,6,6,5,5.666666666666667,0.4714045207910317,0.0008932948130031191,0.9709505944546686,0.4714045207910317
600111,2006-04,0.0455,7,7,6,6.666666666666667,0.4714045207910317,0.000642071396597733,0.8812908992306927,0.4714045207910317
600111,2006-07,0.09519999999999999,6,6,7,6.333333333333333,0.4714045207910317,0.0006758874784615638,0.9709505944546686,0.4714045207910317
600111,2006-10,0.0862,6,7,7,6.666666666666667,0.4714045207910317,0.0006420713965977487,0.9709505944546686,0.4714045207910317
600111,2007-01,17.0,7,8,6,7.0,0.816496580927726,0.001710895898255767,0.8812908992306927,0.816496580927726
600111,2007-04,0.36090000000000005,3,3,1,2.3333333333333335,0.9428090415820634,0.025559141193383414,0.8812908992306927,0.9428090415820634
600111,2007-07,0.302,6,3,2,3.6666666666666665,1.699673171197595,0.02575266944219168,0.9709505944546686,1.699673171197595
600111,2007-10,-0.501,6,7,2,5.0,2.160246899469287,0.029236916052000086,0.9709505944546686,2.160246899469287
600111,2008-01,0.24600000000000002,6,7,3,5.333333333333333,1.699673171197595,0.014489122970023622,0.9709505944546686,1.699673171197595
600111,2008-04,-0.0513,4,3,6,4.333333333333333,1.247219128924647,0.01013672725206552,0.9709505944546686,1.247219128924647
600111,2008-07,-0.4921,4,3,6,4.333333333333333,1.247219128924647,0.01013672725206552,0.9709505944546686,1.247219128924647
600111,2008-10,3.75,3,3,3,3.0,0.0,0.0,0.8812908992306927,0.0
600111,2009-01,0.22690000000000002,4,4,3,3.6666666666666665,0.4714045207910317,0.0021766561578771704,0.9709505944546686,0.4714045207910317
600111,2009-04,0.0873,3,3,2,2.6666666666666665,0.4714045207910317,0.004212595043515672,0.8812908992306927,0.4714045207910317
600111,2009-07,-0.1916,6,4,3,4.333333333333333,1.247219128924647,0.010136727252065516,0.9709505944546686,1.247219128924647
600111,2009-10,-0.023,6,7,3,5.333333333333333,1.699673171197595,0.014489122970023622,0.9709505944546686,1.699673171197595
600111,2010-01,0.1421,5,6,3,4.666666666666667,1.247219128924647,0.0097112135713919,1.0,1.247219128924647
600111,2010-04,0.1813,7,7,6,6.666666666666667,0.4714045207910317,0.000642071396597733,0.8812908992306927,0.4714045207910317
600111,2010-07,0.3796,5,6,7,6.0,0.816496580927726,0.002333803387527431,1.0,0.816496580927726
600111,2010-10,-0.2359,7,7,7,7.0,0.0,0.0,0.8812908992306927,0.0
600111,2011-01,0.2412,4,7,6,5.666666666666667,1.247219128924647,0.006454904945298079,0.9709505944546686,1.247219128924647
600111,2011-04,0.23559999999999998,7,7,6,6.666666666666667,0.4714045207910317,0.000642071396597733,0.8812908992306927,0.4714045207910317
600111,2011-07,-0.0993,6,7,7,6.666666666666667,0.4714045207910317,0.0006420713965977487,0.9709505944546686,0.4714045207910317
600111,2011-10,-0.0718,4,4,6,4.666666666666667,0.9428090415820634,0.004817302157272868,0.9709505944546686,0.9428090415820634
600111,2012-01,0.2051,4,3,4,3.6666666666666665,0.4714045207910317,0.0021766561578771704,0.9709505944546686,0.4714045207910317
600111,2012-04,0.2657,7,7,6,6.666666666666667,0.4714045207910317,0.000642071396597733,0.8812908992306927,0.4714045207910317
600111,2012-07,-0.11939999999999999,5,6,6,5.666666666666667,0.4714045207910317,0.0008932948130031191,1.0,0.4714045207910317
600111,2012-10,0.092,6,6,6,6.0,0.0,0.0,0.9709505944546686,0.0
600111,2013-01,-0.056799999999999996,7,6,6,6.333333333333333,0.4714045207910317,0.0006758874784616383,0.8812908992306927,0.4714045207910317
600111,2013-04,0.011699999999999999,4,4,5,4.333333333333333,0.4714045207910317,0.0014294885616036141,0.9709505944546686,0.4714045207910317
600111,2013-07,0.2575,4,3,4,3.6666666666666665,0.4714045207910317,0.0021766561578771704,0.9709505944546686,0.4714045207910317
600111,2013-10,0.0562,6,4,5,5.0,0.816496580927726,0.0033729266193250444,0.9709505944546686,0.816496580927726
600111,2014-01,0.0055000000000000005,4,5,4,4.333333333333333,0.4714045207910317,0.0014294885616036141,0.9709505944546686,0.4714045207910317
600111,2014-04,0.0085,4,4,4,4.0,0.0,0.0,0.9709505944546686,0.0
600111,2014-07,0.0087,6,5,6,5.666666666666667,0.4714045207910317,0.0008932948130031191,0.9709505944546686,0.4714045207910317
600111,2014-10,0.0241,6,6,6,6.0,0.0,0.0,0.9709505944546686,0.0
600111,2015-01,-0.026600000000000002,7,7,6,6.666666666666667,0.4714045207910317,0.000642071396597733,0.8812908992306927,0.4714045207910317
600111,2015-04,0.0662,6,7,6,6.333333333333333,0.4714045207910317,0.0006758874784616383,0.9709505944546686,0.4714045207910317
600111,2015-07,-0.06709999999999999,4,4,6,4.666666666666667,0.9428090415820634,0.004817302157272868,0.9709505944546686,0.9428090415820634
600111,2015-10,-0.054000000000000006,4,4,4,4.0,0.0,0.0,0.9709505944546686,0.0
600111,2016-01,-0.0313,6,4,5,5.0,0.816496580927726,0.0033729266193250444,0.9709505944546686,0.816496580927726
600111,2016-04,0.1286,6,6,5,5.666666666666667,0.4714045207910317,0.0008932948130031191,0.9709505944546686,0.4714045207910317
600111,2016-07,-0.014199999999999999,5,4,5,4.666666666666667,0.4714045207910317,0.0013272465907683984,1.0,0.4714045207910317
600111,2016-10,0.0368,4,4,6,4.666666666666667,0.9428090415820634,0.004817302157272868,0.9709505944546686,0.9428090415820634
600111,2017-01,0.0327,4,4,6,4.666666666666667,0.9428090415820634,0.004817302157272868,0.9709505944546686,0.9428090415820634
600111,2017-04,-0.0409,5,4,6,5.0,0.816496580927726,0.0033729266193250444,1.0,0.816496580927726
600111,2017-07,-0.029300000000000003,6,5,5,5.333333333333333,0.4714045207910317,0.0009491787649267315,0.9709505944546686,0.4714045207910317
600111,2017-10,-0.0242,5,6,6,5.666666666666667,0.4714045207910317,0.0008932948130031191,1.0,0.4714045207910317
600111,2018-01,-0.0278,6,6,6,6.0,0.0,0.0,0.9709505944546686,0.0
600111,2018-04,-0.0394,4,4,6,4.666666666666667,0.9428090415820634,0.004817302157272868,0.9709505944546686,0.9428090415820634
600111,2018-07,-0.08470000000000001,4,4,6,4.666666666666667,0.9428090415820634,0.004817302157272868,0.9709505944546686,0.9428090415820634
600111,2018-10,-0.0797,4,4,5,4.333333333333333,0.4714045207910317,0.0014294885616036141,0.9709505944546686,0.4714045207910317
600111,2019-01,0.2737,4,4,4,4.0,0.0,0.0,0.9709505944546686,0.0
600111,2019-04,0.30329999999999996,7,7,5,6.333333333333333,0.9428090415820634,0.002946330098012255,0.8812908992306927,0.9428090415820634
600111,2019-07,0.0364,6,6,6,6.0,0.0,0.0,0.9709505944546686,0.0
600111,2019-10,-0.011899999999999999,4,4,6,4.666666666666667,0.9428090415820634,0.004817302157272868,0.9709505944546686,0.9428090415820634
600111,2020-01,-0.1112,6,6,6,6.0,0.0,0.0,0.9709505944546686,0.0
600111,2020-04,0.1359,4,4,5,4.333333333333333,0.4714045207910317,0.0014294885616036141,0.9709505944546686,0.4714045207910317
600111,2020-07,-0.0052,6,4,5,5.0,0.816496580927726,0.0033729266193250444,0.9709505944546686,0.816496580927726
600111,2020-10,0.3739,5,6,6,5.666666666666667,0.4714045207910317,0.0008932948130031191,1.0,0.4714045207910317
600111,2021-01,0.1699,6,6,6,6.0,0.0,0.0,0.9709505944546686,0.0
600111,2021-04,0.0828,6,6,7,6.333333333333333,0.4714045207910317,0.0006758874784615638,0.9709505944546686,0.4714045207910317
600111,2021-07,0.21989999999999998,6,7,7,6.666666666666667,0.4714045207910317,0.0006420713965977487,0.9709505944546686,0.4714045207910317
600111,2021-10,0.0646,5,6,6,5.666666666666667,0.4714045207910317,0.0008932948130031191,1.0,0.4714045207910317
600111,2022-01,0.33,4,6,6,5.333333333333333,0.9428090415820634,0.004212595043515672,0.9709505944546686,0.9428090415820634
600111,2022-04,0.1017,4,4,6,4.666666666666667,0.9428090415820634,0.004817302157272868,0.9709505944546686,0.9428090415820634
600111,2022-07,-0.039900000000000005,5,5,6,5.333333333333333,0.4714045207910317,0.0009491787649267315,1.0,0.4714045207910317
600111,2022-10,0.0823,4,4,4,4.0,0.0,0.0,0.9709505944546686,0.0
600111,2023-01,0.0007000000000000001,4,4,4,4.0,0.0,0.0,0.9709505944546686,0.0
600111,2023-04,-0.052199999999999996,5,4,4,4.333333333333333,0.4714045207910317,0.0014294885616036141,1.0,0.4714045207910317
600111,2023-07,-0.1058,5,5,5,5.0,0.0,0.0,1.0,0.0
600111,2023-10,-0.051,4,4,6,4.666666666666667,0.9428090415820634,0.004817302157272868,0.9709505944546686,0.9428090415820634
600111,2024-01,0.1174,4,4,5,4.333333333333333,0.4714045207910317,0.0014294885616036141,0.9709505944546686,0.4714045207910317
600111,2024-04,-0.0208,6,5,5,5.333333333333333,0.4714045207910317,0.0009491787649267315,0.9709505944546686,0.4714045207910317
600111,2024-07,-0.0378,4,4,5,4.333333333333333,0.4714045207910317,0.0014294885616036141,0.9709505944546686,0.4714045207910317
600111,2024-10,0.0649,7,7,6,6.666666666666667,0.4714045207910317,0.000642071396597733,0.8812908992306927,0.4714045207910317
600115,2005-01,0.0721,4,4,4,4.0,0.0,0.0,0.9709505944546686,0.0
600115,2005-04,-0.014199999999999999,4,4,4,4.0,0.0,0.0,0.9709505944546686,0.0
600115,2005-07,0.0463,4,4,4,4.0,0.0,0.0,0.9709505944546686,0.0
600115,2005-10,0.0512,4,4,4,4.0,0.0,0.0,0.9709505944546686,0.0
600115,2006-01,0.057300000000000004,4,4,4,4.0,0.0,0.0,0.9709505944546686,0.0
600115,2006-04,0.2353,5,4,4,4.333333333333333,0.4714045207910317,0.0014294885616036141,1.0,0.4714045207910317
600115,2006-07,-0.081,6,6,4,5.333333333333333,0.9428090415820634,0.004212595043515672,0.9709505944546686,0.9428090415820634
600115,2006-10,0.0319,6,6,5,5.666666666666667,0.4714045207910317,0.0008932948130031191,0.9709505944546686,0.4714045207910317
600115,2007-01,0.1226,7,7,6,6.666666666666667,0.4714045207910317,0.000642071396597733,0.8812908992306927,0.4714045207910317
600115,2007-04,0.4921,7,7,4,6.0,1.4142135623730951,0.007732062599348774,0.8812908992306927,1.4142135623730951
600115,2007-10,0.111,4,3,2,3.0,0.816496580927726,0.009575061042764446,0.9709505944546686,0.816496580927726
600115,2008-01,0.0385,7,6,4,5.666666666666667,1.247219128924647,0.006454904945298079,0.8812908992306927,1.247219128924647
600115,2008-04,-0.0542,3,3,4,3.3333333333333335,0.4714045207910317,0.0023948438453058845,0.8812908992306927,0.4714045207910317
600115,2008-07,-0.3997,3,2,4,3.0,0.816496580927726,0.00957506104276447,0.8812908992306927,0.816496580927726
600115,2008-10,0.3663,4,3,3,3.3333333333333335,0.4714045207910317,0.0023948438453058845,0.9709505944546686,0.4714045207910317
600115,2009-01,0.013300000000000001,6,4,3,4.333333333333333,1.247219128924647,0.010136727252065516,0.9709505944546686,1.247219128924647
600115,2009-04,0.1059,6,7,4,5.666666666666667,1.247219128924647,0.006454904945298079,0.9709505944546686,1.247219128924647
600115,2009-07,-0.12689999999999999,4,6,4,4.666666666666667,0.9428090415820634,0.004817302157272943,0.9709505944546686,0.9428090415820634
600115,2009-10,0.12689999999999999,5,5,6,5.333333333333333,0.4714045207910317,0.0009491787649267315,1.0,0.4714045207910317
600115,2010-01,0.0559,6,6,6,6.0,0.0,0.0,0.9709505944546686,0.0
600115,2010-04,-0.1444,7,7,6,6.666666666666667,0.4714045207910317,0.000642071396597733,0.8812908992306927,0.4714045207910317
600115,2010-07,-0.1188,4,6,6,5.333333333333333,0.9428090415820634,0.004212595043515672,0.9709505944546686,0.9428090415820634
600115,2010-10,-0.2181,7,5,6,6.0,0.816496580927726,0.002333803387527431,0.8812908992306927,0.816496580927726
600115,2011-01,0.0032,4,4,5,4.333333333333333,0.4714045207910317,0.0014294885616036141,0.9709505944546686,0.4714045207910317
600115,2011-04,-0.1536,4,4,4,4.0,0.0,0.0,0.9709505944546686,0.0
600115,2011-07,0.0192,4,4,4,4.0,0.0,0.0,0.9709505944546686,0.0
600115,2011-10,-0.1104,4,3,4,3.6666666666666665,0.4714045207910317,0.0021766561578771704,0.9709505944546686,0.4714045207910317
600115,2012-01,0.056799999999999996,4,3,4,3.6666666666666665,0.4714045207910317,0.0021766561578771704,0.9709505944546686,0.4714045207910317
600115,2012-04,0.0365,4,3,4,3.6666666666666665,0.4714045207910317,0.0021766561578771704,0.9709505944546686,0.4714045207910317
600115,2012-07,-0.1816,5,5,4,4.666666666666667,0.4714045207910317,0.0013272465907683984,1.0,0.4714045207910317
600115,2012-10,-0.14980000000000002,4,4,4,4.0,0.0,0.0,0.9709505944546686,0.0
600115,2013-01,-0.0852,7,5,4,5.333333333333333,1.247219128924647,0.006684370996497373,0.8812908992306927,1.247219128924647
600115,2013-04,0.0,4,4,4,4.0,0.0,0.0,0.9709505944546686,0.0
600115,2013-07,0.2311,3,3,4,3.3333333333333335,0.4714045207910317,0.0023948438453058845,0.8812908992306927,0.4714045207910317
600115,2013-10,0.0453,6,5,4,5.0,0.816496580927726,0.0033729266193250444,0.9709505944546686,0.816496580927726
600115,2014-01,0.0043,4,5,4,4.333333333333333,0.4714045207910317,0.0014294885616036141,0.9709505944546686,0.4714045207910317
600115,2014-04,-0.0184,4,4,4,4.0,0.0,0.0,0.9709505944546686,0.0
600115,2014-07,0.0433,4,4,4,4.0,0.0,0.0,0.9709505944546686,0.0
600115,2014-10,0.44439999999999996,7,7,5,6.333333333333333,0.9428090415820634,0.002946330098012255,0.8812908992306927,0.9428090415820634
600115,2015-01,0.0668,6,6,6,6.0,0.0,0.0,0.9709505944546686,0.0
600115,2015-04,-0.027200000000000002,6,7,6,6.333333333333333,0.4714045207910317,0.0006758874784616383,0.9709505944546686,0.4714045207910317
600115,2015-07,-0.2527,7,7,3,5.666666666666667,1.8856180831641267,0.01639998447673846,0.8812908992306927,1.8856180831641267
600115,2015-10,-0.1252,3,5,4,4.0,0.816496580927726,0.00530599861166309,0.8812908992306927,0.816496580927726
600115,2016-01,-0.08529999999999999,6,4,6,5.333333333333333,0.9428090415820634,0.004212595043515672,0.9709505944546686,0.9428090415820634
600115,2016-04,0.10869999999999999,6,5,4,5.0,0.816496580927726,0.0033729266193250444,0.9709505944546686,0.816496580927726
600115,2016-07,-0.0679,6,4,4,4.666666666666667,0.9428090415820634,0.004817302157272943,0.9709505944546686,0.9428090415820634
600115,2016-10,0.049,4,5,4,4.333333333333333,0.4714045207910317,0.0014294885616036141,0.9709505944546686,0.4714045207910317
600115,2017-01,0.0326,6,6,4,5.333333333333333,0.9428090415820634,0.004212595043515672,0.9709505944546686,0.9428090415820634
600115,2017-04,0.0374,4,6,6,5.333333333333333,0.9428090415820634,0.004212595043515672,0.9709505944546686,0.9428090415820634
600115,2017-07,0.0393,4,4,4,4.0,0.0,0.0,0.9709505944546686,0.0
600115,2017-10,0.0751,4,4,5,4.333333333333333,0.4714045207910317,0.0014294885616036141,0.9709505944546686,0.4714045207910317
600115,2018-01,-0.0667,6,6,6,6.0,0.0,0.0,0.9709505944546686,0.0
600115,2018-04,0.0401,4,5,4,4.333333333333333,0.4714045207910317,0.0014294885616036141,0.9709505944546686,0.4714045207910317
600115,2018-07,-0.0155,4,4,4,4.0,0.0,0.0,0.9709505944546686,0.0
600115,2018-10,0.050499999999999996,4,4,4,4.0,0.0,0.0,0.9709505944546686,0.0
600115,2019-01,0.16269999999999998,4,3,4,3.6666666666666665,0.4714045207910317,0.0021766561578771704,0.9709505944546686,0.4714045207910317
600115,2019-04,-0.1252,7,7,4,6.0,1.4142135623730951,0.007732062599348774,0.8812908992306927,1.4142135623730951
600115,2019-07,-0.1404,5,6,5,5.333333333333333,0.4714045207910317,0.0009491787649267315,1.0,0.4714045207910317
600115,2019-10,-0.011699999999999999,4,4,4,4.0,0.0,0.0,0.9709505944546686,0.0
600115,2020-01,-0.1109,7,5,6,6.0,0.816496580927726,0.002333803387527431,0.8812908992306927,0.816496580927726
600115,2020-04,-0.0508,4,4,4,4.0,0.0,0.0,0.9709505944546686,0.0
600115,2020-07,0.1583,6,4,4,4.666666666666667,0.9428090415820634,0.004817302157272943,0.9709505944546686,0.9428090415820634
600115,2020-10,0.085,5,5,4,4.666666666666667,0.4714045207910317,0.0013272465907683984,1.0,0.4714045207910317
600115,2021-01,0.028300000000000002,4,5,4,4.333333333333333,0.4714045207910317,0.0014294885616036141,0.9709505944546686,0.4714045207910317
600115,2021-04,0.0383,6,7,6,6.333333333333333,0.4714045207910317,0.0006758874784616383,0.9709505944546686,0.4714045207910317
600115,2021-07,0.0658,4,5,5,4.666666666666667,0.4714045207910317,0.0013272465907683984,0.9709505944546686,0.4714045207910317
600115,2021-10,-0.0352,4,4,4,4.0,0.0,0.0,0.9709505944546686,0.0
600115,2022-01,-0.0592,6,5,6,5.666666666666667,0.4714045207910317,0.0008932948130031191,0.9709505944546686,0.4714045207910317
600115,2022-04,0.0212,4,4,4,4.0,0.0,0.0,0.9709505944546686,0.0
600115,2022-07,0.002,6,6,5,5.666666666666667,0.4714045207910317,0.0008932948130031191,0.9709505944546686,0.4714045207910317
600115,2022-10,0.11460000000000001,4,5,5,4.666666666666667,0.4714045207910317,0.0013272465907683984,0.9709505944546686,0.4714045207910317
600115,2023-01,0.011200000000000002,6,4,6,5.333333333333333,0.9428090415820634,0.004212595043515672,0.9709505944546686,0.9428090415820634
600115,2023-04,-0.09849999999999999,4,4,5,4.333333333333333,0.4714045207910317,0.0014294885616036141,0.9709505944546686,0.4714045207910317
600115,2023-07,-0.1125,5,4,4,4.333333333333333,0.4714045207910317,0.0014294885616036141,1.0,0.4714045207910317
600115,2023-10,-0.036699999999999997,4,4,4,4.0,0.0,0.0,0.9709505944546686,0.0
600115,2024-01,0.0187,4,4,4,4.0,0.0,0.0,0.9709505944546686,0.0
600115,2024-04,0.0286,4,4,4,4.0,0.0,0.0,0.9709505944546686,0.0
600115,2024-07,-0.0501,6,5,4,5.0,0.816496580927726,0.0033729266193250444,0.9709505944546686,0.816496580927726
600115,2024-10,0.0625,6,7,4,5.666666666666667,1.247219128924647,0.006454904945298079,0.9709505944546686,1.247219128924647
600150,2005-01,0.573,5,4,6,5.0,0.816496580927726,0.0033729266193250444,1.0,0.816496580927726
600150,2005-04,-0.2618,6,4,6,5.333333333333333,0.9428090415820634,0.004212595043515672,0.9709505944546686,0.9428090415820634
600150,2005-07,0.25670000000000004,7,8,6,7.0,0.816496580927726,0.001710895898255767,0.8812908992306927,0.816496580927726
600150,2005-10,-0.5485,7,8,5,6.666666666666667,1.247219128924647,0.004605278650825295,0.8812908992306927,1.247219128924647
600150,2006-01,-0.20829999999999999,6,6,6,6.0,0.0,0.0,0.9709505944546686,0.0
600150,2006-04,0.3875,8,7,6,7.0,0.816496580927726,0.001710895898255767,0.7219280948873623,0.816496580927726
600150,2006-07,0.0387,6,8,7,7.0,0.816496580927726,0.0017108958982558105,0.9709505944546686,0.816496580927726
600150,2006-10,0.2731,7,8,7,7.333333333333333,0.4714045207910317,0.0005056809102375145,0.8812908992306927,0.4714045207910317
600150,2007-01,0.3762,7,8,7,7.333333333333333,0.4714045207910317,0.0005056809102375145,0.8812908992306927,0.4714045207910317
600150,2007-04,0.27649999999999997,7,8,3,6.0,2.160246899469287,0.019209548095934934,0.8812908992306927,2.160246899469287
600150,2007-07,0.20329999999999998,7,8,7,7.333333333333333,0.4714045207910317,0.0005056809102375145,0.8812908992306927,0.4714045207910317
600150,2007-10,-0.2009,7,8,7,7.333333333333333,0.4714045207910317,0.0005056809102375145,0.8812908992306927,0.4714045207910317
600150,2008-01,-0.1606,7,8,7,7.333333333333333,0.4714045207910317,0.0005056809102375145,0.8812908992306927,0.4714045207910317
600150,2008-04,-0.21850000000000003,3,3,6,4.0,1.4142135623730951,0.014362591564146779,0.8812908992306927,1.4142135623730951
600150,2008-07,-0.26289999999999997,4,3,4,3.6666666666666665,0.4714045207910317,0.0021766561578771704,0.9709505944546686,0.4714045207910317
600150,2008-10,0.1073,4,3,4,3.6666666666666665,0.4714045207910317,0.0021766561578771704,0.9709505944546686,0.4714045207910317
600150,2009-01,0.0139,4,4,4,4.0,0.0,0.0,0.9709505944546686,0.0
600150,2009-04,-0.013999999999999999,8,7,4,6.333333333333333,1.699673171197595,0.009987340665783205,0.7219280948873623,1.699673171197595
600150,2009-07,-0.24059999999999998,7,7,6,6.666666666666667,0.4714045207910317,0.000642071396597733,0.8812908992306927,0.4714045207910317
600150,2009-10,0.0958,6,6,6,6.0,0.0,0.0,0.9709505944546686,0.0
600150,2010-01,0.0009,6,6,7,6.333333333333333,0.4714045207910317,0.0006758874784615638,0.9709505944546686,0.4714045207910317
600150,2010-04,-0.0052,5,5,7,5.666666666666667,0.9428090415820634,0.0032941013770045433,1.0,0.9428090415820634
600150,2010-07,0.0218,4,4,6,4.666666666666667,0.9428090415820634,0.004817302157272868,0.9709505944546686,0.9428090415820634
600150,2010-10,-0.0672,6,4,6,5.333333333333333,0.9428090415820634,0.004212595043515672,0.9709505944546686,0.9428090415820634
600150,2011-01,0.0262,7,8,6,7.0,0.816496580927726,0.001710895898255767,0.8812908992306927,0.816496580927726
600150,2011-04,-0.0311,6,6,7,6.333333333333333,0.4714045207910317,0.0006758874784615638,0.9709505944546686,0.4714045207910317
600150,2011-07,-0.1426,7,7,7,7.0,0.0,0.0,0.8812908992306927,0.0
600150,2011-10,-0.12240000000000001,4,3,5,4.0,0.816496580927726,0.00530599861166309,0.9709505944546686,0.816496580927726
600150,2012-01,0.0731,4,3,4,3.6666666666666665,0.4714045207910317,0.0021766561578771704,0.9709505944546686,0.4714045207910317
600150,2012-04,-0.14730000000000001,7,7,5,6.333333333333333,0.9428090415820634,0.002946330098012255,0.8812908992306927,0.9428090415820634
600150,2012-07,-0.1394,4,6,5,5.0,0.816496580927726,0.0033729266193250444,0.9709505944546686,0.816496580927726
600150,2012-10,-0.0149,6,6,5,5.666666666666667,0.4714045207910317,0.0008932948130031191,0.9709505944546686,0.4714045207910317
600150,2013-01,0.0508,7,7,7,7.0,0.0,0.0,0.8812908992306927,0.0
600150,2013-04,0.0562,4,4,5,4.333333333333333,0.4714045207910317,0.0014294885616036141,0.9709505944546686,0.4714045207910317
600150,2013-07,0.1516,4,4,4,4.0,0.0,0.0,0.9709505944546686,0.0
600150,2013-10,0.3005,6,6,5,5.666666666666667,0.4714045207910317,0.0008932948130031191,0.9709505944546686,0.4714045207910317
600150,2014-01,-0.0194,7,8,6,7.0,0.816496580927726,0.001710895898255767,0.8812908992306927,0.816496580927726
600150,2014-04,0.046900000000000004,4,4,6,4.666666666666667,0.9428090415820634,0.004817302157272868,0.9709505944546686,0.9428090415820634
600150,2014-07,0.0078000000000000005,7,6,7,6.666666666666667,0.4714045207910317,0.0006420713965977487,0.8812908992306927,0.4714045207910317
600150,2014-10,-0.0733,7,8,7,7.333333333333333,0.4714045207910317,0.0005056809102375145,0.8812908992306927,0.4714045207910317
600150,2015-01,0.0166,5,7,7,6.333333333333333,0.9428090415820634,0.002946330098012255,1.0,0.9428090415820634
600150,2015-04,0.0458,8,8,7,7.666666666666667,0.4714045207910317,0.000483684145855568,0.7219280948873623,0.4714045207910317
600150,2015-07,-0.038,6,6,7,6.333333333333333,0.4714045207910317,0.0006758874784615638,0.9709505944546686,0.4714045207910317
600150,2015-10,-0.07440000000000001,4,4,5,4.333333333333333,0.4714045207910317,0.0014294885616036141,0.9709505944546686,0.4714045207910317
600150,2016-01,-0.0675,5,4,6,5.0,0.816496580927726,0.0033729266193250444,1.0,0.816496580927726
600150,2016-04,-0.0032,6,6,4,5.333333333333333,0.9428090415820634,0.004212595043515672,0.9709505944546686,0.9428090415820634
600150,2016-07,-0.0158,5,4,4,4.333333333333333,0.4714045207910317,0.0014294885616036141,1.0,0.4714045207910317
600150,2016-10,0.059800000000000006,4,4,6,4.666666666666667,0.9428090415820634,0.004817302157272868,0.9709505944546686,0.9428090415820634
600150,2017-01,0.0452,7,8,6,7.0,0.816496580927726,0.001710895898255767,0.8812908992306927,0.816496580927726
600150,2017-04,-0.1672,6,6,7,6.333333333333333,0.4714045207910317,0.0006758874784615638,0.9709505944546686,0.4714045207910317
600150,2017-07,0.0956,5,5,6,5.333333333333333,0.4714045207910317,0.0009491787649267315,1.0,0.4714045207910317
600150,2018-04,-0.109,4,3,5,4.0,0.816496580927726,0.00530599861166309,0.9709505944546686,0.816496580927726
600150,2018-07,0.056600000000000004,3,3,4,3.3333333333333335,0.4714045207910317,0.0023948438453058845,0.8812908992306927,0.4714045207910317
600150,2018-10,0.2255,6,4,4,4.666666666666667,0.9428090415820634,0.004817302157272943,0.9709505944546686,0.9428090415820634
600150,2019-01,0.2094,6,7,5,6.0,0.816496580927726,0.002333803387527431,0.9709505944546686,0.816496580927726
600150,2019-04,-0.1635,8,8,7,7.666666666666667,0.4714045207910317,0.000483684145855568,0.7219280948873623,0.4714045207910317
600150,2019-07,-0.030600000000000002,7,8,7,7.333333333333333,0.4714045207910317,0.0005056809102375145,0.8812908992306927,0.4714045207910317
600150,2019-10,-0.015600000000000001,4,6,7,5.666666666666667,1.247219128924647,0.006454904945298079,0.9709505944546686,1.247219128924647
600150,2020-01,-0.10339999999999999,7,6,7,6.666666666666667,0.4714045207910317,0.0006420713965977487,0.8812908992306927,0.4714045207910317
600150,2020-04,-0.0358,4,4,6,4.666666666666667,0.9428090415820634,0.004817302157272868,0.9709505944546686,0.9428090415820634
600150,2020-07,0.0089,5,4,6,5.0,0.816496580927726,0.0033729266193250444,1.0,0.816496580927726
600150,2020-10,0.0821,4,4,6,4.666666666666667,0.9428090415820634,0.004817302157272868,0.9709505944546686,0.9428090415820634
600150,2021-01,-0.0298,5,5,6,5.333333333333333,0.4714045207910317,0.0009491787649267315,1.0,0.4714045207910317
600150,2021-04,0.1048,5,4,6,5.0,0.816496580927726,0.0033729266193250444,1.0,0.816496580927726
600150,2021-07,0.6368,6,4,6,5.333333333333333,0.9428090415820634,0.004212595043515672,0.9709505944546686,0.9428090415820634
600150,2021-10,0.0639,7,7,7,7.0,0.0,0.0,0.8812908992306927,0.0
600150,2022-01,0.0786,6,7,7,6.666666666666667,0.4714045207910317,0.0006420713965977487,0.9709505944546686,0.4714045207910317
600150,2022-04,0.1953,4,4,6,4.666666666666667,0.9428090415820634,0.004817302157272868,0.9709505944546686,0.9428090415820634
600150,2022-07,0.07339999999999999,7,5,6,6.0,0.816496580927726,0.002333803387527431,0.8812908992306927,0.816496580927726
600150,2022-10,-0.054900000000000004,6,6,6,6.0,0.0,0.0,0.9709505944546686,0.0
600150,2023-01,0.0077,4,6,6,5.333333333333333,0.9428090415820634,0.004212595043515672,0.9709505944546686,0.9428090415820634
600150,2023-04,0.1144,6,6,7,6.333333333333333,0.4714045207910317,0.0006758874784615638,0.9709505944546686,0.4714045207910317
600150,2023-07,-0.1515,7,8,7,7.333333333333333,0.4714045207910317,0.0005056809102375145,0.8812908992306927,0.4714045207910317
600150,2023-10,0.0692,4,6,7,5.666666666666667,1.247219128924647,0.006454904945298079,0.9709505944546686,1.247219128924647
600150,2024-01,0.1629,7,6,7,6.666666666666667,0.4714045207910317,0.0006420713965977487,0.8812908992306927,0.4714045207910317
600150,2024-04,0.0178,7,7,7,7.0,0.0,0.0,0.8812908992306927,0.0
600150,2024-07,-0.059500000000000004,6,8,7,7.0,0.816496580927726,0.0017108958982558105,0.9709505944546686,0.816496580927726
600150,2024-10,-0.0392,7,7,7,7.0,0.0,0.0,0.8812908992306927,0.0
600160,2005-01,0.21539999999999998,4,4,6,4.666666666666667,0.9428090415820634,0.004817302157272868,0.9709505944546686,0.9428090415820634
600160,2005-04,-0.0278,4,4,6,4.666666666666667,0.9428090415820634,0.004817302157272868,0.9709505944546686,0.9428090415820634
600160,2005-07,0.1446,4,4,5,4.333333333333333,0.4714045207910317,0.0014294885616036141,0.9709505944546686,0.4714045207910317
600160,2005-10,0.0,7,7,6,6.666666666666667,0.4714045207910317,0.000642071396597733,0.8812908992306927,0.4714045207910317
600160,2006-01,-0.125,7,7,6,6.666666666666667,0.4714045207910317,0.000642071396597733,0.8812908992306927,0.4714045207910317
600160,2006-04,0.3077,3,4,4,3.6666666666666665,0.4714045207910317,0.0021766561578771704,0.8812908992306927,0.4714045207910317
600160,2006-07,0.037000000000000005,6,7,7,6.666666666666667,0.4714045207910317,0.0006420713965977487,0.9709505944546686,0.4714045207910317
600160,2006-10,0.10710000000000001,6,7,7,6.666666666666667,0.4714045207910317,0.0006420713965977487,0.9709505944546686,0.4714045207910317
600160,2007-01,5.5,7,7,7,7.0,0.0,0.0,0.8812908992306927,0.0
600160,2007-04,-0.0323,7,6,1,4.666666666666667,2.6246692913372702,0.0573442002443696,0.8812908992306927,2.6246692913372702
600160,2007-07,0.3308,4,3,3,3.3333333333333335,0.4714045207910317,0.0023948438453058845,0.9709505944546686,0.4714045207910317
600160,2007-10,-0.2273,6,6,3,5.0,1.4142135623730951,0.011456875501600412,0.9709505944546686,1.4142135623730951
600160,2008-01,0.12619999999999998,7,7,3,5.666666666666667,1.8856180831641267,0.01639998447673846,0.8812908992306927,1.8856180831641267
600160,2008-04,0.11109999999999999,3,3,6,4.0,1.4142135623730951,0.014362591564146779,0.8812908992306927,1.4142135623730951
600160,2008-07,-1.28,2,2,3,2.3333333333333335,0.4714045207910317,0.004817302157272868,0.7219280948873623,0.4714045207910317
600160,2008-10,0.23440000000000003,1,1,2,1.3333333333333333,0.4714045207910317,0.014362591564146779,0.4689955935892812,0.4714045207910317
600160,2009-01,0.5,3,3,2,2.6666666666666665,0.4714045207910317,0.004212595043515672,0.8812908992306927,0.4714045207910317
600160,2009-04,-0.3333,3,4,3,3.3333333333333335,0.4714045207910317,0.0023948438453058845,0.8812908992306927,0.4714045207910317
600160,2009-07,-0.7419,6,4,3,4.333333333333333,1.247219128924647,0.010136727252065516,0.9709505944546686,1.247219128924647
600160,2009-10,0.85,6,7,3,5.333333333333333,1.699673171197595,0.014489122970023622,0.9709505944546686,1.699673171197595
600160,2010-01,0.5513,6,6,3,5.0,1.4142135623730951,0.011456875501600412,0.9709505944546686,1.4142135623730951
600160,2010-04,-0.087,7,7,6,6.666666666666667,0.4714045207910317,0.000642071396597733,0.8812908992306927,0.4714045207910317
600160,2010-07,0.2532,3,4,6,4.333333333333333,1.247219128924647,0.01013672725206552,0.8812908992306927,1.247219128924647
600160,2010-10,0.3054,6,8,6,6.666666666666667,0.9428090415820634,0.0023948438453058845,0.9709505944546686,0.9428090415820634
600160,2011-01,0.6554000000000001,7,7,7,7.0,0.0,0.0,0.8812908992306927,0.0
600160,2011-04,-0.113,7,7,6,6.666666666666667,0.4714045207910317,0.000642071396597733,0.8812908992306927,0.4714045207910317
600160,2011-07,-0.1409,7,8,7,7.333333333333333,0.4714045207910317,0.0005056809102375145,0.8812908992306927,0.4714045207910317
600160,2011-10,-0.1208,3,3,6,4.0,1.4142135623730951,0.014362591564146779,0.8812908992306927,1.4142135623730951
600160,2012-01,0.08650000000000001,6,5,6,5.666666666666667,0.4714045207910317,0.0008932948130031191,0.9709505944546686,0.4714045207910317
600160,2012-04,-0.0393,5,5,5,5.0,0.0,0.0,1.0,0.0
600160,2012-07,-0.0236,4,3,4,3.6666666666666665,0.4714045207910317,0.0021766561578771704,0.9709505944546686,0.4714045207910317
600160,2012-10,-0.2309,6,5,4,5.0,0.816496580927726,0.0033729266193250444,0.9709505944546686,0.816496580927726
600160,2013-01,-0.0668,7,6,4,5.666666666666667,1.247219128924647,0.006454904945298079,0.8812908992306927,1.247219128924647
600160,2013-04,0.07719999999999999,4,4,5,4.333333333333333,0.4714045207910317,0.0014294885616036141,0.9709505944546686,0.4714045207910317
600160,2013-07,0.10800000000000001,3,3,4,3.3333333333333335,0.4714045207910317,0.0023948438453058845,0.8812908992306927,0.4714045207910317
600160,2013-10,0.0682,7,5,4,5.333333333333333,1.247219128924647,0.006684370996497373,0.8812908992306927,1.247219128924647
600160,2014-01,0.1591,3,4,4,3.6666666666666665,0.4714045207910317,0.0021766561578771704,0.8812908992306927,0.4714045207910317
600160,2014-04,0.2793,5,5,4,4.666666666666667,0.4714045207910317,0.0013272465907683984,1.0,0.4714045207910317
600160,2014-07,0.0167,4,4,5,4.333333333333333,0.4714045207910317,0.0014294885616036141,0.9709505944546686,0.4714045207910317
600160,2014-10,0.09820000000000001,7,8,6,7.0,0.816496580927726,0.001710895898255767,0.8812908992306927,0.816496580927726
600160,2015-01,0.08039999999999999,6,6,7,6.333333333333333,0.4714045207910317,0.0006758874784615638,0.9709505944546686,0.4714045207910317
600160,2015-04,0.1536,7,8,7,7.333333333333333,0.4714045207910317,0.0005056809102375145,0.8812908992306927,0.4714045207910317
600160,2015-07,0.051,7,7,7,7.0,0.0,0.0,0.8812908992306927,0.0
600160,2015-10,0.41240000000000004,6,7,8,7.0,0.816496580927726,0.0017108958982558105,0.9709505944546686,0.816496580927726
600160,2016-01,-0.19899999999999998,7,8,7,7.333333333333333,0.4714045207910317,0.0005056809102375145,0.8812908992306927,0.4714045207910317
600160,2016-04,-0.0873,6,6,6,6.0,0.0,0.0,0.9709505944546686,0.0
600160,2016-07,0.0341,6,4,5,5.0,0.816496580927726,0.0033729266193250444,0.9709505944546686,0.816496580927726
600160,2016-10,0.030899999999999997,6,6,6,6.0,0.0,0.0,0.9709505944546686,0.0
600160,2017-01,0.0629,4,4,4,4.0,0.0,0.0,0.9709505944546686,0.0
600160,2017-04,-0.1565,6,5,6,5.666666666666667,0.4714045207910317,0.0008932948130031191,0.9709505944546686,0.4714045207910317
600160,2017-07,-0.0958,7,7,6,6.666666666666667,0.4714045207910317,0.000642071396597733,0.8812908992306927,0.4714045207910317
600160,2017-10,-0.1547,6,7,6,6.333333333333333,0.4714045207910317,0.0006758874784616383,0.9709505944546686,0.4714045207910317
600160,2018-01,0.1036,6,6,6,6.0,0.0,0.0,0.9709505944546686,0.0
600160,2018-04,-0.0246,6,4,6,5.333333333333333,0.9428090415820634,0.004212595043515672,0.9709505944546686,0.9428090415820634
600160,2018-07,-0.071,4,4,5,4.333333333333333,0.4714045207910317,0.0014294885616036141,0.9709505944546686,0.4714045207910317
600160,2018-10,-0.0104,5,4,5,4.666666666666667,0.4714045207910317,0.0013272465907683984,1.0,0.4714045207910317
600160,2019-01,0.12029999999999999,4,4,5,4.333333333333333,0.4714045207910317,0.0014294885616036141,0.9709505944546686,0.4714045207910317
600160,2019-04,-0.1093,7,7,6,6.666666666666667,0.4714045207910317,0.000642071396597733,0.8812908992306927,0.4714045207910317
600160,2019-07,-0.085,4,6,5,5.0,0.816496580927726,0.0033729266193250444,0.9709505944546686,0.816496580927726
600160,2019-10,-0.0701,4,4,6,4.666666666666667,0.9428090415820634,0.004817302157272868,0.9709505944546686,0.9428090415820634
600160,2020-01,0.21960000000000002,7,6,6,6.333333333333333,0.4714045207910317,0.0006758874784616383,0.8812908992306927,0.4714045207910317
600160,2020-04,0.0245,4,4,5,4.333333333333333,0.4714045207910317,0.0014294885616036141,0.9709505944546686,0.4714045207910317
600160,2020-07,-0.06849999999999999,7,6,5,6.0,0.816496580927726,0.002333803387527431,0.8812908992306927,0.816496580927726
600160,2020-10,0.2159,5,5,6,5.333333333333333,0.4714045207910317,0.0009491787649267315,1.0,0.4714045207910317
600160,2021-01,-0.0128,7,7,6,6.666666666666667,0.4714045207910317,0.000642071396597733,0.8812908992306927,0.4714045207910317
600160,2021-04,0.158,6,7,7,6.666666666666667,0.4714045207910317,0.0006420713965977487,0.9709505944546686,0.4714045207910317
600160,2021-07,0.4797,5,5,7,5.666666666666667,0.9428090415820634,0.0032941013770045433,1.0,0.9428090415820634
600160,2021-10,-0.16010000000000002,6,6,7,6.333333333333333,0.4714045207910317,0.0006758874784615638,0.9709505944546686,0.4714045207910317
600160,2022-01,0.1436,4,6,6,5.333333333333333,0.9428090415820634,0.004212595043515672,0.9709505944546686,0.9428090415820634
600160,2022-04,0.0316,5,4,7,5.333333333333333,1.247219128924647,0.006684370996497373,1.0,1.247219128924647
600160,2022-07,-0.0964,7,6,7,6.666666666666667,0.4714045207910317,0.0006420713965977487,0.8812908992306927,0.4714045207910317
600160,2022-10,0.0786,5,5,5,5.0,0.0,0.0,1.0,0.0
600160,2023-01,0.1439,6,6,6,6.0,0.0,0.0,0.9709505944546686,0.0
600160,2023-04,-0.1393,6,6,7,6.333333333333333,0.4714045207910317,0.0006758874784615638,0.9709505944546686,0.4714045207910317
600160,2023-07,0.10210000000000001,6,6,6,6.0,0.0,0.0,0.9709505944546686,0.0
600160,2023-10,0.0506,5,4,6,5.0,0.816496580927726,0.0033729266193250444,1.0,0.816496580927726
600160,2024-01,0.289,6,7,6,6.333333333333333,0.4714045207910317,0.0006758874784616383,0.9709505944546686,0.4714045207910317
600160,2024-04,0.005600000000000001,7,8,7,7.333333333333333,0.4714045207910317,0.0005056809102375145,0.8812908992306927,0.4714045207910317
600160,2024-07,-0.17600000000000002,6,7,7,6.666666666666667,0.4714045207910317,0.0006420713965977487,0.9709505944546686,0.4714045207910317
600160,2024-10,0.0707,7,7,6,6.666666666666667,0.4714045207910317,0.000642071396597733,0.8812908992306927,0.4714045207910317
600161,2005-01,0.1351,5,4,6,5.0,0.816496580927726,0.0033729266193250444,1.0,0.816496580927726
600161,2005-04,-0.2609,3,3,6,4.0,1.4142135623730951,0.014362591564146779,0.8812908992306927,1.4142135623730951
600161,2005-07,0.7778,1,2,3,2.0,0.816496580927726,0.02254805037907019,0.4689955935892812,0.816496580927726
600161,2005-10,-0.0833,2,3,3,2.6666666666666665,0.4714045207910317,0.004212595043515672,0.7219280948873623,0.4714045207910317
600161,2006-01,-0.2857,3,2,4,3.0,0.816496580927726,0.00957506104276447,0.8812908992306927,0.816496580927726
600161,2006-04,0.5398,6,7,6,6.333333333333333,0.4714045207910317,0.0006758874784616383,0.9709505944546686,0.4714045207910317
600161,2006-07,-0.1,7,3,3,4.333333333333333,1.8856180831641267,0.021556318259027013,0.8812908992306927,1.8856180831641267
600161,2006-10,0.059800000000000006,7,7,6,6.666666666666667,0.4714045207910317,0.000642071396597733,0.8812908992306927,0.4714045207910317
600161,2007-01,0.1325,7,8,3,6.0,2.160246899469287,0.019209548095934934,0.8812908992306927,2.160246899469287
600161,2007-04,0.11539999999999999,6,6,6,6.0,0.0,0.0,0.9709505944546686,0.0
600161,2007-07,0.13449999999999998,5,6,7,6.0,0.816496580927726,0.002333803387527431,1.0,0.816496580927726
600161,2007-10,-0.053200000000000004,6,8,7,7.0,0.816496580927726,0.0017108958982558105,0.9709505944546686,0.816496580927726
600161,2008-01,0.0446,7,8,7,7.333333333333333,0.4714045207910317,0.0005056809102375145,0.8812908992306927,0.4714045207910317
600161,2008-04,0.1293,3,2,4,3.0,0.816496580927726,0.00957506104276447,0.8812908992306927,0.816496580927726
600161,2008-07,-0.3839,4,3,4,3.6666666666666665,0.4714045207910317,0.0021766561578771704,0.9709505944546686,0.4714045207910317
600161,2008-10,0.2554,5,4,4,4.333333333333333,0.4714045207910317,0.0014294885616036141,1.0,0.4714045207910317
600161,2009-01,-0.0137,7,7,4,6.0,1.4142135623730951,0.007732062599348774,0.8812908992306927,1.4142135623730951
600161,2009-04,-0.0507,7,8,7,7.333333333333333,0.4714045207910317,0.0005056809102375145,0.8812908992306927,0.4714045207910317
600161,2009-07,-0.1137,7,8,7,7.333333333333333,0.4714045207910317,0.0005056809102375145,0.8812908992306927,0.4714045207910317
600161,2009-10,-0.0579,7,8,7,7.333333333333333,0.4714045207910317,0.0005056809102375145,0.8812908992306927,0.4714045207910317
600161,2010-01,0.0424,5,6,7,6.0,0.816496580927726,0.002333803387527431,1.0,0.816496580927726
600161,2010-04,-0.003,5,4,6,5.0,0.816496580927726,0.0033729266193250444,1.0,0.816496580927726
600161,2010-07,0.0888,4,4,6,4.666666666666667,0.9428090415820634,0.004817302157272868,0.9709505944546686,0.9428090415820634
600161,2010-10,-0.07519999999999999,6,5,6,5.666666666666667,0.4714045207910317,0.0008932948130031191,0.9709505944546686,0.4714045207910317
600161,2011-01,0.052199999999999996,4,4,5,4.333333333333333,0.4714045207910317,0.0014294885616036141,0.9709505944546686,0.4714045207910317
600161,2011-04,-0.1043,4,4,5,4.333333333333333,0.4714045207910317,0.0014294885616036141,0.9709505944546686,0.4714045207910317
600161,2011-07,-0.0022,4,4,4,4.0,0.0,0.0,0.9709505944546686,0.0
600161,2011-10,0.0412,4,4,5,4.333333333333333,0.4714045207910317,0.0014294885616036141,0.9709505944546686,0.4714045207910317
600161,2012-01,0.1246,4,4,5,4.333333333333333,0.4714045207910317,0.0014294885616036141,0.9709505944546686,0.4714045207910317
600161,2012-04,0.0358,4,4,5,4.333333333333333,0.4714045207910317,0.0014294885616036141,0.9709505944546686,0.4714045207910317
600161,2012-07,-0.0063,6,4,6,5.333333333333333,0.9428090415820634,0.004212595043515672,0.9709505944546686,0.9428090415820634
600161,2012-10,-0.12369999999999999,4,4,6,4.666666666666667,0.9428090415820634,0.004817302157272868,0.9709505944546686,0.9428090415820634
600161,2013-01,0.1718,6,6,5,5.666666666666667,0.4714045207910317,0.0008932948130031191,0.9709505944546686,0.4714045207910317
600161,2013-04,0.0783,7,6,6,6.333333333333333,0.4714045207910317,0.0006758874784616383,0.8812908992306927,0.4714045207910317
600161,2013-07,0.0129,4,4,6,4.666666666666667,0.9428090415820634,0.004817302157272868,0.9709505944546686,0.9428090415820634
600161,2013-10,0.11539999999999999,7,8,7,7.333333333333333,0.4714045207910317,0.0005056809102375145,0.8812908992306927,0.4714045207910317
600161,2014-01,-0.10439999999999999,6,7,7,6.666666666666667,0.4714045207910317,0.0006420713965977487,0.9709505944546686,0.4714045207910317
600161,2014-04,0.0254,4,4,7,5.0,1.4142135623730951,0.009292928204941,0.9709505944546686,1.4142135623730951
600161,2014-07,0.0038,6,4,7,5.666666666666667,1.247219128924647,0.006454904945298079,0.9709505944546686,1.247219128924647
600161,2014-10,-0.042800000000000005,7,7,7,7.0,0.0,0.0,0.8812908992306927,0.0
600161,2015-01,-0.038599999999999995,6,6,7,6.333333333333333,0.4714045207910317,0.0006758874784615638,0.9709505944546686,0.4714045207910317
600161,2015-04,0.1794,7,8,7,7.333333333333333,0.4714045207910317,0.0005056809102375145,0.8812908992306927,0.4714045207910317
600161,2015-07,-0.0559,4,6,7,5.666666666666667,1.247219128924647,0.006454904945298079,0.9709505944546686,1.247219128924647
600161,2015-10,-0.0178,4,4,5,4.333333333333333,0.4714045207910317,0.0014294885616036141,0.9709505944546686,0.4714045207910317
600161,2016-01,0.0904,7,6,7,6.666666666666667,0.4714045207910317,0.0006420713965977487,0.8812908992306927,0.4714045207910317
600161,2016-04,0.0783,4,6,5,5.0,0.816496580927726,0.0033729266193250444,0.9709505944546686,0.816496580927726
600161,2016-07,0.1247,5,4,5,4.666666666666667,0.4714045207910317,0.0013272465907683984,1.0,0.4714045207910317
600161,2016-10,-0.0018,6,7,7,6.666666666666667,0.4714045207910317,0.0006420713965977487,0.9709505944546686,0.4714045207910317
600161,2017-04,0.0179,6,6,7,6.333333333333333,0.4714045207910317,0.0006758874784615638,0.9709505944546686,0.4714045207910317
600161,2017-07,0.0675,7,7,8,7.333333333333333,0.4714045207910317,0.0005056809102375145,0.8812908992306927,0.4714045207910317
600161,2017-10,-0.1716,4,6,7,5.666666666666667,1.247219128924647,0.006454904945298079,0.9709505944546686,1.247219128924647
600161,2018-01,-0.0654,4,3,6,4.333333333333333,1.247219128924647,0.01013672725206552,0.9709505944546686,1.247219128924647
600161,2018-04,0.07490000000000001,6,6,6,6.0,0.0,0.0,0.9709505944546686,0.0
600161,2018-07,-0.024700000000000003,4,4,5,4.333333333333333,0.4714045207910317,0.0014294885616036141,0.9709505944546686,0.4714045207910317
600161,2018-10,0.0123,6,5,5,5.333333333333333,0.4714045207910317,0.0009491787649267315,0.9709505944546686,0.4714045207910317
600161,2019-01,0.154,6,6,6,6.0,0.0,0.0,0.9709505944546686,0.0
600161,2019-04,0.061500000000000006,7,7,7,7.0,0.0,0.0,0.8812908992306927,0.0
600161,2019-07,0.06509999999999999,7,8,7,7.333333333333333,0.4714045207910317,0.0005056809102375145,0.8812908992306927,0.4714045207910317
600161,2019-10,-0.0147,6,7,7,6.666666666666667,0.4714045207910317,0.0006420713965977487,0.9709505944546686,0.4714045207910317
600161,2020-01,0.10949999999999999,6,7,7,6.666666666666667,0.4714045207910317,0.0006420713965977487,0.9709505944546686,0.4714045207910317
600161,2020-04,0.1338,7,7,7,7.0,0.0,0.0,0.8812908992306927,0.0
600161,2020-07,-0.1495,7,8,7,7.333333333333333,0.4714045207910317,0.0005056809102375145,0.8812908992306927,0.4714045207910317
600161,2020-10,0.1575,6,6,7,6.333333333333333,0.4714045207910317,0.0006758874784615638,0.9709505944546686,0.4714045207910317
600161,2021-01,-0.09050000000000001,6,6,6,6.0,0.0,0.0,0.9709505944546686,0.0
600161,2021-04,-0.0555,4,4,6,4.666666666666667,0.9428090415820634,0.004817302157272868,0.9709505944546686,0.9428090415820634
600161,2021-07,-0.16399999999999998,6,4,5,5.0,0.816496580927726,0.0033729266193250444,0.9709505944546686,0.816496580927726
600161,2021-10,0.0404,5,5,5,5.0,0.0,0.0,1.0,0.0
600161,2022-01,-0.0263,4,4,5,4.333333333333333,0.4714045207910317,0.0014294885616036141,0.9709505944546686,0.4714045207910317
600161,2022-04,0.1475,4,4,6,4.666666666666667,0.9428090415820634,0.004817302157272868,0.9709505944546686,0.9428090415820634
600161,2022-07,0.1176,6,5,4,5.0,0.816496580927726,0.0033729266193250444,0.9709505944546686,0.816496580927726
600161,2022-10,0.07440000000000001,5,4,6,5.0,0.816496580927726,0.0033729266193250444,1.0,0.816496580927726
600161,2023-01,-0.011399999999999999,7,7,6,6.666666666666667,0.4714045207910317,0.000642071396597733,0.8812908992306927,0.4714045207910317
600161,2023-04,0.0415,6,7,7,6.666666666666667,0.4714045207910317,0.0006420713965977487,0.9709505944546686,0.4714045207910317
600161,2023-07,0.0039000000000000003,6,6,7,6.333333333333333,0.4714045207910317,0.0006758874784615638,0.9709505944546686,0.4714045207910317
600161,2023-10,0.11199999999999999,6,6,7,6.333333333333333,0.4714045207910317,0.0006758874784615638,0.9709505944546686,0.4714045207910317
600161,2024-01,0.0745,6,6,7,6.333333333333333,0.4714045207910317,0.0006758874784615638,0.9709505944546686,0.4714045207910317
600161,2024-04,-0.015300000000000001,4,6,6,5.333333333333333,0.9428090415820634,0.004212595043515672,0.9709505944546686,0.9428090415820634
600161,2024-07,-0.0443,6,6,6,6.0,0.0,0.0,0.9709505944546686,0.0
600161,2024-10,-0.0028000000000000004,6,7,7,6.666666666666667,0.4714045207910317,0.0006420713965977487,0.9709505944546686,0.4714045207910317
600176,2005-01,0.0206,5,4,6,5.0,0.816496580927726,0.0033729266193250444,1.0,0.816496580927726
600176,2005-04,-0.017,6,5,6,5.666666666666667,0.4714045207910317,0.0008932948130031191,0.9709505944546686,0.4714045207910317
600176,2005-07,0.026000000000000002,6,6,6,6.0,0.0,0.0,0.9709505944546686,0.0
600176,2005-10,-0.0043,5,6,5,5.333333333333333,0.4714045207910317,0.0009491787649267315,1.0,0.4714045207910317
600176,2006-01,-0.0273,6,5,7,6.0,0.816496580927726,0.002333803387527431,0.9709505944546686,0.816496580927726
600176,2006-04,0.0909,7,7,7,7.0,0.0,0.0,0.8812908992306927,0.0
600176,2006-07,-0.042300000000000004,6,7,7,6.666666666666667,0.4714045207910317,0.0006420713965977487,0.9709505944546686,0.4714045207910317
600176,2006-10,0.0265,6,7,7,6.666666666666667,0.4714045207910317,0.0006420713965977487,0.9709505944546686,0.4714045207910317
600176,2007-01,0.2657,7,8,7,7.333333333333333,0.4714045207910317,0.0005056809102375145,0.8812908992306927,0.4714045207910317
600176,2007-04,-0.1481,7,8,7,7.333333333333333,0.4714045207910317,0.0005056809102375145,0.8812908992306927,0.4714045207910317
600176,2007-07,6.6923,1,1,1,1.0,0.0,0.0,0.4689955935892812,0.0
600176,2007-10,-0.3979,7,2,1,3.3333333333333335,2.6246692913372702,0.07480639925177693,0.8812908992306927,2.6246692913372702
600176,2008-01,0.2346,6,2,3,3.6666666666666665,1.699673171197595,0.02575266944219168,0.9709505944546686,1.699673171197595
600176,2008-04,-0.024300000000000002,3,3,3,3.0,0.0,0.0,0.8812908992306927,0.0
600176,2008-07,-0.5740999999999999,3,2,4,3.0,0.816496580927726,0.00957506104276447,0.8812908992306927,0.816496580927726
600176,2008-10,0.4143,1,1,3,1.6666666666666667,0.9428090415820634,0.036160391661783364,0.4689955935892812,0.9428090415820634
600176,2009-01,-2.1852,2,3,3,2.6666666666666665,0.4714045207910317,0.004212595043515672,0.7219280948873623,0.4714045207910317
600176,2009-04,-1.0714,2,2,2,2.0,0.0,0.0,0.7219280948873623,0.0
600176,2009-07,-1.2239,4,4,2,3.3333333333333335,0.9428090415820634,0.011456875501600412,0.9709505944546686,0.9428090415820634
600176,2009-10,2.75,2,2,2,2.0,0.0,0.0,0.7219280948873623,0.0
600176,2010-01,0.4,3,2,3,2.6666666666666665,0.4714045207910317,0.004212595043515672,0.8812908992306927,0.4714045207910317
600176,2010-04,-0.6415000000000001,7,3,3,4.333333333333333,1.8856180831641267,0.021556318259027013,0.8812908992306927,1.8856180831641267
600176,2010-07,2.08,2,1,3,2.0,0.816496580927726,0.02254805037907019,0.7219280948873623,0.816496580927726
600176,2010-10,-0.34159999999999996,2,4,1,2.3333333333333335,1.247219128924647,0.03635797646202721,0.7219280948873623,1.247219128924647
600176,2011-01,0.7931,6,2,3,3.6666666666666665,1.699673171197595,0.02575266944219168,0.9709505944546686,1.699673171197595
600176,2011-04,-0.0096,7,7,3,5.666666666666667,1.8856180831641267,0.01639998447673846,0.8812908992306927,1.8856180831641267
600176,2011-07,-0.4907,6,7,3,5.333333333333333,1.699673171197595,0.014489122970023622,0.9709505944546686,1.699673171197595
600176,2011-10,-0.9783,2,2,4,2.6666666666666665,0.9428090415820634,0.014362591564146779,0.7219280948873623,0.9428090415820634
600176,2012-01,1.0232999999999999,1,1,2,1.3333333333333333,0.4714045207910317,0.014362591564146779,0.4689955935892812,0.4714045207910317
600176,2012-04,-0.1818,1,1,1,1.0,0.0,0.0,0.4689955935892812,0.0
600176,2012-07,-0.7288,1,1,1,1.0,0.0,0.0,0.4689955935892812,0.0
600176,2012-10,0.023799999999999998,4,4,1,3.0,1.4142135623730951,0.03703306698873225,0.9709505944546686,1.4142135623730951
600176,2013-01,-0.125,6,6,1,4.333333333333333,2.357022603955158,0.05357819155161999,0.9709505944546686,2.357022603955158
600176,2013-04,0.0154,2,2,3,2.3333333333333335,0.4714045207910317,0.004817302157272868,0.7219280948873623,0.4714045207910317
600176,2013-07,0.0704,4,2,3,3.0,0.816496580927726,0.00957506104276447,0.9709505944546686,0.816496580927726
600176,2013-10,0.0909,4,4,4,4.0,0.0,0.0,0.9709505944546686,0.0
600176,2014-01,0.17350000000000002,5,5,4,4.666666666666667,0.4714045207910317,0.0013272465907683984,1.0,0.4714045207910317
600176,2014-04,-0.0337,5,4,4,4.333333333333333,0.4714045207910317,0.0014294885616036141,1.0,0.4714045207910317
600176,2014-07,-0.0213,7,7,5,6.333333333333333,0.9428090415820634,0.002946330098012255,0.8812908992306927,0.9428090415820634
600176,2014-10,6.9231,6,8,7,7.0,0.816496580927726,0.0017108958982558105,0.9709505944546686,0.816496580927726
600176,2015-01,0.1957,3,2,2,2.3333333333333335,0.4714045207910317,0.004817302157272943,0.8812908992306927,0.4714045207910317
600176,2015-04,0.23,7,3,1,3.6666666666666665,2.494438257849294,0.062410457549092635,0.8812908992306927,2.494438257849294
600176,2015-07,-0.20879999999999999,6,6,3,5.0,1.4142135623730951,0.011456875501600412,0.9709505944546686,1.4142135623730951
600176,2015-10,0.0335,4,4,3,3.6666666666666665,0.4714045207910317,0.0021766561578771704,0.9709505944546686,0.4714045207910317
600176,2016-01,-0.1479,7,6,6,6.333333333333333,0.4714045207910317,0.0006758874784616383,0.8812908992306927,0.4714045207910317
600176,2016-04,-0.0369,6,7,5,6.0,0.816496580927726,0.002333803387527431,0.9709505944546686,0.816496580927726
600176,2016-07,-0.06269999999999999,6,5,4,5.0,0.816496580927726,0.0033729266193250444,0.9709505944546686,0.816496580927726
600176,2016-10,0.0729,6,6,7,6.333333333333333,0.4714045207910317,0.0006758874784615638,0.9709505944546686,0.4714045207910317
600176,2017-01,0.1294,4,4,5,4.333333333333333,0.4714045207910317,0.0014294885616036141,0.9709505944546686,0.4714045207910317
600176,2017-04,0.1084,6,4,6,5.333333333333333,0.9428090415820634,0.004212595043515672,0.9709505944546686,0.9428090415820634
600176,2017-07,-0.0946,7,8,7,7.333333333333333,0.4714045207910317,0.0005056809102375145,0.8812908992306927,0.4714045207910317
600176,2017-10,0.081,7,8,7,7.333333333333333,0.4714045207910317,0.0005056809102375145,0.8812908992306927,0.4714045207910317
600176,2018-01,-0.044500000000000005,7,8,7,7.333333333333333,0.4714045207910317,0.0005056809102375145,0.8812908992306927,0.4714045207910317
600176,2018-04,0.083,4,7,7,6.0,1.4142135623730951,0.007732062599348774,0.9709505944546686,1.4142135623730951
600176,2018-07,-0.069,4,3,6,4.333333333333333,1.247219128924647,0.01013672725206552,0.9709505944546686,1.247219128924647
600176,2018-10,0.10880000000000001,6,4,6,5.333333333333333,0.9428090415820634,0.004212595043515672,0.9709505944546686,0.9428090415820634
600176,2019-01,0.14400000000000002,4,4,4,4.0,0.0,0.0,0.9709505944546686,0.0
600176,2019-04,-0.1775,6,5,6,5.666666666666667,0.4714045207910317,0.0008932948130031191,0.9709505944546686,0.4714045207910317
600176,2019-07,-0.1151,5,6,6,5.666666666666667,0.4714045207910317,0.0008932948130031191,1.0,0.4714045207910317
600176,2019-10,0.2043,4,4,4,4.0,0.0,0.0,0.9709505944546686,0.0
600176,2020-01,-0.08289999999999999,7,7,6,6.666666666666667,0.4714045207910317,0.000642071396597733,0.8812908992306927,0.4714045207910317
600176,2020-04,0.0348,4,4,4,4.0,0.0,0.0,0.9709505944546686,0.0
600176,2020-07,0.0876,7,6,5,6.0,0.816496580927726,0.002333803387527431,0.8812908992306927,0.816496580927726
600176,2020-10,0.24780000000000002,6,7,7,6.666666666666667,0.4714045207910317,0.0006420713965977487,0.9709505944546686,0.4714045207910317
600176,2021-01,-0.004,7,7,7,7.0,0.0,0.0,0.8812908992306927,0.0
600176,2021-04,0.0541,4,6,7,5.666666666666667,1.247219128924647,0.006454904945298079,0.9709505944546686,1.247219128924647
600176,2021-07,0.2026,4,4,7,5.0,1.4142135623730951,0.009292928204941,0.9709505944546686,1.4142135623730951
600176,2021-10,-0.095,6,6,7,6.333333333333333,0.4714045207910317,0.0006758874784615638,0.9709505944546686,0.4714045207910317
600176,2022-01,0.0571,6,7,6,6.333333333333333,0.4714045207910317,0.0006758874784616383,0.9709505944546686,0.4714045207910317
600176,2022-04,0.0787,4,4,5,4.333333333333333,0.4714045207910317,0.0014294885616036141,0.9709505944546686,0.4714045207910317
600176,2022-07,-0.039900000000000005,7,6,6,6.333333333333333,0.4714045207910317,0.0006758874784616383,0.8812908992306927,0.4714045207910317
600176,2022-10,0.2583,4,4,5,4.333333333333333,0.4714045207910317,0.0014294885616036141,0.9709505944546686,0.4714045207910317
600176,2023-01,0.03,6,4,5,5.0,0.816496580927726,0.0033729266193250444,0.9709505944546686,0.816496580927726
600176,2023-04,-0.0319,6,6,6,6.0,0.0,0.0,0.9709505944546686,0.0
600176,2023-07,-0.063,6,7,6,6.333333333333333,0.4714045207910317,0.0006758874784616383,0.9709505944546686,0.4714045207910317
600176,2023-10,-0.0467,4,4,6,4.666666666666667,0.9428090415820634,0.004817302157272868,0.9709505944546686,0.9428090415820634
600176,2024-01,0.1011,4,4,4,4.0,0.0,0.0,0.9709505944546686,0.0
600176,2024-04,-0.0181,7,6,5,6.0,0.816496580927726,0.002333803387527431,0.8812908992306927,0.816496580927726
600176,2024-07,-0.06269999999999999,5,6,6,5.666666666666667,0.4714045207910317,0.0008932948130031191,1.0,0.4714045207910317
600176,2024-10,0.004699999999999999,7,7,5,6.333333333333333,0.9428090415820634,0.002946330098012255,0.8812908992306927,0.9428090415820634
600183,2005-01,0.085,5,5,6,5.333333333333333,0.4714045207910317,0.0009491787649267315,1.0,0.4714045207910317
600183,2005-04,-0.031200000000000002,4,4,6,4.666666666666667,0.9428090415820634,0.004817302157272868,0.9709505944546686,0.9428090415820634
600183,2005-07,0.0451,5,4,5,4.666666666666667,0.4714045207910317,0.0013272465907683984,1.0,0.4714045207910317
600183,2005-10,0.050199999999999995,5,4,6,5.0,0.816496580927726,0.0033729266193250444,1.0,0.816496580927726
600183,2006-01,-0.1282,6,7,6,6.333333333333333,0.4714045207910317,0.0006758874784616383,0.9709505944546686,0.4714045207910317
600183,2006-04,-0.08539999999999999,6,6,6,6.0,0.0,0.0,0.9709505944546686,0.0
600183,2006-07,0.0482,7,8,7,7.333333333333333,0.4714045207910317,0.0005056809102375145,0.8812908992306927,0.4714045207910317
600183,2006-10,0.2305,6,6,7,6.333333333333333,0.4714045207910317,0.0006758874784615638,0.9709505944546686,0.4714045207910317
600183,2007-01,0.6034,6,6,7,6.333333333333333,0.4714045207910317,0.0006758874784615638,0.9709505944546686,0.4714045207910317
600183,2007-04,1.1029,7,7,6,6.666666666666667,0.4714045207910317,0.000642071396597733,0.8812908992306927,0.4714045207910317
600183,2007-07,0.6959000000000001,4,3,4,3.6666666666666665,0.4714045207910317,0.0021766561578771704,0.9709505944546686,0.4714045207910317
600183,2007-10,-0.1143,6,4,3,4.333333333333333,1.247219128924647,0.010136727252065516,0.9709505944546686,1.247219128924647
600183,2008-01,0.3766,7,3,3,4.333333333333333,1.8856180831641267,0.021556318259027013,0.8812908992306927,1.8856180831641267
600183,2008-04,-0.5392,1,1,2,1.3333333333333333,0.4714045207910317,0.014362591564146779,0.4689955935892812,0.4714045207910317
600183,2008-07,-0.0814,1,1,3,1.6666666666666667,0.9428090415820634,0.036160391661783364,0.4689955935892812,0.9428090415820634
600183,2008-10,0.054900000000000004,4,2,2,2.6666666666666665,0.9428090415820634,0.014362591564146779,0.9709505944546686,0.9428090415820634
600183,2009-01,0.003,6,5,4,5.0,0.816496580927726,0.0033729266193250444,0.9709505944546686,0.816496580927726
600183,2009-04,0.0388,7,8,3,6.0,2.160246899469287,0.019209548095934934,0.8812908992306927,2.160246899469287
600183,2009-07,-0.3309,5,6,6,5.666666666666667,0.4714045207910317,0.0008932948130031191,1.0,0.4714045207910317
600183,2009-10,0.2727,6,6,6,6.0,0.0,0.0,0.9709505944546686,0.0
600183,2010-01,-1.3333000000000002,7,8,6,7.0,0.816496580927726,0.001710895898255767,0.8812908992306927,0.816496580927726
600183,2010-04,-4.3448,3,2,2,2.3333333333333335,0.4714045207910317,0.004817302157272943,0.8812908992306927,0.4714045207910317
600183,2010-07,0.40369999999999995,2,2,3,2.3333333333333335,0.4714045207910317,0.004817302157272868,0.7219280948873623,0.4714045207910317
600183,2010-10,-1.5185,7,4,2,4.333333333333333,2.0548046676563256,0.02936434316506419,0.8812908992306927,2.0548046676563256
600183,2011-01,0.9483,3,3,2,2.6666666666666665,0.4714045207910317,0.004212595043515672,0.8812908992306927,0.4714045207910317
600183,2011-04,-1.1304,1,2,1,1.3333333333333333,0.4714045207910317,0.014362591564146779,0.4689955935892812,0.4714045207910317
600183,2011-07,-0.2887,6,2,1,3.0,2.160246899469287,0.06297904566134355,0.9709505944546686,2.160246899469287
600183,2011-10,-0.1348,4,4,2,3.3333333333333335,0.9428090415820634,0.011456875501600412,0.9709505944546686,0.9428090415820634
600183,2012-01,0.134,4,3,3,3.3333333333333335,0.4714045207910317,0.0023948438453058845,0.9709505944546686,0.4714045207910317
600183,2012-04,-0.1074,5,4,4,4.333333333333333,0.4714045207910317,0.0014294885616036141,1.0,0.4714045207910317
600183,2012-07,-0.0037,4,3,4,3.6666666666666665,0.4714045207910317,0.0021766561578771704,0.9709505944546686,0.4714045207910317
600183,2012-10,-0.1594,4,4,4,4.0,0.0,0.0,0.9709505944546686,0.0
600183,2013-01,0.0496,7,5,5,5.666666666666667,0.9428090415820634,0.0032941013770045433,0.8812908992306927,0.9428090415820634
600183,2013-04,0.25420000000000004,6,4,5,5.0,0.816496580927726,0.0033729266193250444,0.9709505944546686,0.816496580927726
600183,2013-07,0.0478,4,3,5,4.0,0.816496580927726,0.00530599861166309,0.9709505944546686,0.816496580927726
600183,2013-10,0.015600000000000001,7,7,6,6.666666666666667,0.4714045207910317,0.000642071396597733,0.8812908992306927,0.4714045207910317
600183,2014-01,0.1161,4,5,6,5.0,0.816496580927726,0.0033729266193250444,0.9709505944546686,0.816496580927726
600183,2014-04,-0.031400000000000004,7,7,6,6.666666666666667,0.4714045207910317,0.000642071396597733,0.8812908992306927,0.4714045207910317
600183,2014-07,0.4225,7,8,7,7.333333333333333,0.4714045207910317,0.0005056809102375145,0.8812908992306927,0.4714045207910317
600183,2014-10,-0.1429,6,7,7,6.666666666666667,0.4714045207910317,0.0006420713965977487,0.9709505944546686,0.4714045207910317
600183,2015-01,0.95,2,2,1,1.6666666666666667,0.4714045207910317,0.011456875501600412,0.7219280948873623,0.4714045207910317
600183,2015-04,0.7784,1,1,1,1.0,0.0,0.0,0.4689955935892812,0.0
600183,2015-07,0.7442,6,1,1,2.6666666666666665,2.3570226039551585,0.09024627190021624,0.9709505944546686,2.3570226039551585
600183,2015-10,1.0356999999999998,1,1,1,1.0,0.0,0.0,0.4689955935892812,0.0
600183,2016-01,1.5,3,4,1,2.6666666666666665,1.247219128924647,0.03356831678879539,0.8812908992306927,1.247219128924647
600183,2016-04,0.7975,3,2,2,2.3333333333333335,0.4714045207910317,0.004817302157272943,0.8812908992306927,0.4714045207910317
600183,2016-07,1.0373,7,4,3,4.666666666666667,1.699673171197595,0.01582838201775807,0.8812908992306927,1.699673171197595
600183,2016-10,-0.26489999999999997,7,7,2,5.333333333333333,2.357022603955158,0.03162528845271663,0.8812908992306927,2.357022603955158
600183,2017-01,0.2756,4,6,6,5.333333333333333,0.9428090415820634,0.004212595043515672,0.9709505944546686,0.9428090415820634
600183,2017-04,-0.1477,7,7,6,6.666666666666667,0.4714045207910317,0.000642071396597733,0.8812908992306927,0.4714045207910317
600183,2017-07,-0.0978,7,8,6,7.0,0.816496580927726,0.001710895898255767,0.8812908992306927,0.816496580927726
600183,2017-10,-0.0507,7,7,7,7.0,0.0,0.0,0.8812908992306927,0.0
600183,2018-01,0.20199999999999999,7,8,7,7.333333333333333,0.4714045207910317,0.0005056809102375145,0.8812908992306927,0.4714045207910317
600183,2018-04,0.1165,6,7,7,6.666666666666667,0.4714045207910317,0.0006420713965977487,0.9709505944546686,0.4714045207910317
600183,2018-07,0.09630000000000001,4,4,6,4.666666666666667,0.9428090415820634,0.004817302157272868,0.9709505944546686,0.9428090415820634
600183,2018-10,-0.11710000000000001,6,4,6,5.333333333333333,0.9428090415820634,0.004212595043515672,0.9709505944546686,0.9428090415820634
600183,2019-01,0.2675,7,7,5,6.333333333333333,0.9428090415820634,0.002946330098012255,0.8812908992306927,0.9428090415820634
600183,2019-04,0.0986,7,8,7,7.333333333333333,0.4714045207910317,0.0005056809102375145,0.8812908992306927,0.4714045207910317
600183,2019-07,0.35969999999999996,7,8,7,7.333333333333333,0.4714045207910317,0.0005056809102375145,0.8812908992306927,0.4714045207910317
600183,2019-10,0.0223,7,7,7,7.0,0.0,0.0,0.8812908992306927,0.0
600183,2020-01,0.32289999999999996,4,6,7,5.666666666666667,1.247219128924647,0.006454904945298079,0.9709505944546686,1.247219128924647
600183,2020-04,-0.1855,5,5,7,5.666666666666667,0.9428090415820634,0.0032941013770045433,1.0,0.9428090415820634
600183,2020-07,-0.158,7,7,7,7.0,0.0,0.0,0.8812908992306927,0.0
600183,2020-10,0.1979,4,4,6,4.666666666666667,0.9428090415820634,0.004817302157272868,0.9709505944546686,0.9428090415820634
600183,2021-01,-0.0472,7,6,7,6.666666666666667,0.4714045207910317,0.0006420713965977487,0.8812908992306927,0.4714045207910317
600183,2021-04,-0.001,4,4,5,4.333333333333333,0.4714045207910317,0.0014294885616036141,0.9709505944546686,0.4714045207910317
600183,2021-07,-0.1653,6,5,6,5.666666666666667,0.4714045207910317,0.0008932948130031191,0.9709505944546686,0.4714045207910317
600183,2021-10,0.0712,4,4,6,4.666666666666667,0.9428090415820634,0.004817302157272868,0.9709505944546686,0.9428090415820634
600183,2022-01,-0.0074,6,5,5,5.333333333333333,0.4714045207910317,0.0009491787649267315,0.9709505944546686,0.4714045207910317
600183,2022-04,0.012,4,3,5,4.0,0.816496580927726,0.00530599861166309,0.9709505944546686,0.816496580927726
600183,2022-07,0.0008,6,5,5,5.333333333333333,0.4714045207910317,0.0009491787649267315,0.9709505944546686,0.4714045207910317
600183,2022-10,0.1092,4,3,5,4.0,0.816496580927726,0.00530599861166309,0.9709505944546686,0.816496580927726
600183,2023-01,0.1472,6,4,5,5.0,0.816496580927726,0.0033729266193250444,0.9709505944546686,0.816496580927726
600183,2023-04,-0.0255,7,7,7,7.0,0.0,0.0,0.8812908992306927,0.0
600183,2023-07,-0.08109999999999999,4,5,5,4.666666666666667,0.4714045207910317,0.0013272465907683984,0.9709505944546686,0.4714045207910317
600183,2023-10,-0.03,6,5,7,6.0,0.816496580927726,0.002333803387527431,0.9709505944546686,0.816496580927726
600183,2024-01,0.2314,7,7,7,7.0,0.0,0.0,0.8812908992306927,0.0
600183,2024-04,0.0453,5,6,6,5.666666666666667,0.4714045207910317,0.0008932948130031191,1.0,0.4714045207910317
600183,2024-07,-0.1082,7,7,7,7.0,0.0,0.0,0.8812908992306927,0.0
600183,2024-10,0.026699999999999998,7,7,7,7.0,0.0,0.0,0.8812908992306927,0.0
600188,2005-01,0.10679999999999999,5,5,6,5.333333333333333,0.4714045207910317,0.0009491787649267315,1.0,0.4714045207910317
600188,2005-04,-0.06309999999999999,4,4,6,4.666666666666667,0.9428090415820634,0.004817302157272868,0.9709505944546686,0.9428090415820634
600188,2005-07,0.0325,5,4,6,5.0,0.816496580927726,0.0033729266193250444,1.0,0.816496580927726
600188,2005-10,-0.0361,6,4,6,5.333333333333333,0.9428090415820634,0.004212595043515672,0.9709505944546686,0.9428090415820634
600188,2006-01,0.0481,6,6,6,6.0,0.0,0.0,0.9709505944546686,0.0
600188,2006-04,0.0925,7,7,6,6.666666666666667,0.4714045207910317,0.000642071396597733,0.8812908992306927,0.4714045207910317
600188,2006-07,-0.0075,5,7,7,6.333333333333333,0.9428090415820634,0.002946330098012255,1.0,0.9428090415820634
600188,2006-10,0.013000000000000001,5,5,6,5.333333333333333,0.4714045207910317,0.0009491787649267315,1.0,0.4714045207910317
600188,2007-01,0.16149999999999998,7,6,7,6.666666666666667,0.4714045207910317,0.0006420713965977487,0.8812908992306927,0.4714045207910317
600188,2007-04,0.7442,7,7,8,7.333333333333333,0.4714045207910317,0.0005056809102375145,0.8812908992306927,0.4714045207910317
600188,2007-07,0.1864,2,1,3,2.0,0.816496580927726,0.02254805037907019,0.7219280948873623,0.816496580927726
600188,2007-10,-0.4971,6,6,3,5.0,1.4142135623730951,0.011456875501600412,0.9709505944546686,1.4142135623730951
600188,2008-01,-0.1438,7,7,4,6.0,1.4142135623730951,0.007732062599348774,0.8812908992306927,1.4142135623730951
600188,2008-04,0.2404,3,2,3,2.6666666666666665,0.4714045207910317,0.004212595043515672,0.8812908992306927,0.4714045207910317
600188,2008-07,-1.6781,6,2,6,4.666666666666667,1.8856180831641267,0.025559141193383414,0.9709505944546686,1.8856180831641267
600188,2008-10,-0.0152,2,2,2,2.0,0.0,0.0,0.7219280948873623,0.0
600188,2009-01,-0.051,3,3,2,2.6666666666666665,0.4714045207910317,0.004212595043515672,0.8812908992306927,0.4714045207910317
600188,2009-04,0.2202,7,4,3,4.666666666666667,1.699673171197595,0.01582838201775807,0.8812908992306927,1.699673171197595
600188,2009-07,-1.1278,7,7,4,6.0,1.4142135623730951,0.007732062599348774,0.8812908992306927,1.4142135623730951
600188,2009-10,1.811,3,2,3,2.6666666666666665,0.4714045207910317,0.004212595043515672,0.8812908992306927,0.4714045207910317
600188,2010-01,0.0128,6,1,1,2.6666666666666665,2.3570226039551585,0.09024627190021624,0.9709505944546686,2.3570226039551585
600188,2010-04,-0.5525,6,3,3,4.0,1.4142135623730951,0.014362591564146779,0.9709505944546686,1.4142135623730951
600188,2010-07,0.16219999999999998,1,1,2,1.3333333333333333,0.4714045207910317,0.014362591564146779,0.4689955935892812,0.4714045207910317
600188,2010-10,-0.22760000000000002,8,4,3,5.0,2.160246899469287,0.02192118569226012,0.7219280948873623,2.160246899469287
600188,2011-01,0.2663,6,6,6,6.0,0.0,0.0,0.9709505944546686,0.0
600188,2011-04,-0.1484,7,7,6,6.666666666666667,0.4714045207910317,0.000642071396597733,0.8812908992306927,0.4714045207910317
600188,2011-07,-0.13390000000000002,7,8,3,6.0,2.160246899469287,0.019209548095934934,0.8812908992306927,2.160246899469287
600188,2011-10,-0.2064,4,4,7,5.0,1.4142135623730951,0.009292928204941,0.9709505944546686,1.4142135623730951
600188,2012-01,0.1545,3,3,4,3.3333333333333335,0.4714045207910317,0.0023948438453058845,0.8812908992306927,0.4714045207910317
600188,2012-04,-0.1208,4,3,4,3.6666666666666665,0.4714045207910317,0.0021766561578771704,0.9709505944546686,0.4714045207910317
600188,2012-07,-0.2865,3,2,3,2.6666666666666665,0.4714045207910317,0.004212595043515672,0.8812908992306927,0.4714045207910317
600188,2012-10,-0.5141,7,6,4,5.666666666666667,1.247219128924647,0.006454904945298079,0.8812908992306927,1.247219128924647
600188,2013-01,-0.185,6,7,4,5.666666666666667,1.247219128924647,0.006454904945298079,0.9709505944546686,1.247219128924647
600188,2013-04,-1.0606,4,3,4,3.6666666666666665,0.4714045207910317,0.0021766561578771704,0.9709505944546686,0.4714045207910317
600188,2013-07,0.20879999999999999,2,1,1,1.3333333333333333,0.4714045207910317,0.014362591564146779,0.7219280948873623,0.4714045207910317
600188,2013-10,0.038599999999999995,7,7,2,5.333333333333333,2.357022603955158,0.03162528845271663,0.8812908992306927,2.357022603955158
600188,2014-01,-0.1143,3,3,5,3.6666666666666665,0.9428090415820634,0.00771594541165983,0.8812908992306927,0.9428090415820634
600188,2014-04,0.0894,4,4,4,4.0,0.0,0.0,0.9709505944546686,0.0
600188,2014-07,0.0177,6,4,4,4.666666666666667,0.9428090415820634,0.004817302157272943,0.9709505944546686,0.9428090415820634
600188,2014-10,0.3132,7,8,4,6.333333333333333,1.699673171197595,0.009987340665783205,0.8812908992306927,1.699673171197595
600188,2015-01,-0.2683,7,7,7,7.0,0.0,0.0,0.8812908992306927,0.0
600188,2015-04,-0.8365,3,3,6,4.0,1.4142135623730951,0.014362591564146779,0.8812908992306927,1.4142135623730951
600188,2015-07,-0.5109,1,1,2,1.3333333333333333,0.4714045207910317,0.014362591564146779,0.4689955935892812,0.4714045207910317
600188,2015-10,0.0317,2,6,3,3.6666666666666665,1.699673171197595,0.02575266944219168,0.7219280948873623,1.699673171197595
600188,2016-01,0.2648,7,2,3,4.0,2.160246899469287,0.03440796157713285,0.8812908992306927,2.160246899469287
600188,2016-04,-0.35710000000000003,7,7,8,7.333333333333333,0.4714045207910317,0.0005056809102375145,0.8812908992306927,0.4714045207910317
600188,2016-07,0.41100000000000003,7,7,3,5.666666666666667,1.8856180831641267,0.01639998447673846,0.8812908992306927,1.8856180831641267
600188,2016-10,-0.5867,7,7,7,7.0,0.0,0.0,0.8812908992306927,0.0
600188,2017-01,-0.0305,3,2,4,3.0,0.816496580927726,0.00957506104276447,0.8812908992306927,0.816496580927726
600188,2017-04,-0.5847,7,4,4,5.0,1.4142135623730951,0.009292928204941,0.8812908992306927,1.4142135623730951
600188,2017-07,-2.8571,6,6,4,5.333333333333333,0.9428090415820634,0.004212595043515672,0.9709505944546686,0.9428090415820634
600188,2017-10,0.9808,2,1,2,1.6666666666666667,0.4714045207910317,0.011456875501600412,0.7219280948873623,0.4714045207910317
600188,2018-01,-0.5631,3,2,3,2.6666666666666665,0.4714045207910317,0.004212595043515672,0.8812908992306927,0.4714045207910317
600188,2018-04,-2.0,1,3,2,2.0,0.816496580927726,0.02254805037907019,0.4689955935892812,0.816496580927726
600188,2018-07,-0.6528,2,6,3,3.6666666666666665,1.699673171197595,0.02575266944219168,0.7219280948873623,1.699673171197595
600188,2018-10,-0.2229,4,7,3,4.666666666666667,1.699673171197595,0.01582838201775807,0.9709505944546686,1.699673171197595
600188,2019-01,0.3682,3,3,3,3.0,0.0,0.0,0.8812908992306927,0.0
600188,2019-04,-0.3774,7,4,4,5.0,1.4142135623730951,0.009292928204941,0.8812908992306927,1.4142135623730951
600188,2019-07,-0.2701,6,8,4,6.0,1.632993161855452,0.009575061042764446,0.9709505944546686,1.632993161855452
600188,2019-10,0.0,6,6,3,5.0,1.4142135623730951,0.011456875501600412,0.9709505944546686,1.4142135623730951
600188,2020-01,-0.359,7,7,6,6.666666666666667,0.4714045207910317,0.000642071396597733,0.8812908992306927,0.4714045207910317
600188,2020-04,0.047599999999999996,3,3,3,3.0,0.0,0.0,0.8812908992306927,0.0
600188,2020-07,0.035699999999999996,7,4,4,5.0,1.4142135623730951,0.009292928204941,0.8812908992306927,1.4142135623730951
600188,2020-10,0.9918,7,7,4,6.0,1.4142135623730951,0.007732062599348774,0.8812908992306927,1.4142135623730951
600188,2021-01,0.3478,1,1,1,1.0,0.0,0.0,0.4689955935892812,0.0
600188,2021-04,0.34149999999999997,3,1,1,1.6666666666666667,0.9428090415820634,0.036160391661783364,0.8812908992306927,0.9428090415820634
600188,2021-07,0.8028,7,4,1,4.0,2.449489742783178,0.057418469098036044,0.8812908992306927,2.449489742783178
600188,2021-10,0.011200000000000002,7,7,1,5.0,2.8284271247461903,0.05968032599346371,0.8812908992306927,2.8284271247461903
600188,2022-01,0.6764,5,7,3,5.0,1.632993161855452,0.014003950467891324,1.0,1.632993161855452
600188,2022-04,0.1611,7,8,7,7.333333333333333,0.4714045207910317,0.0005056809102375145,0.8812908992306927,0.4714045207910317
600188,2022-07,0.4017,6,7,7,6.666666666666667,0.4714045207910317,0.0006420713965977487,0.9709505944546686,0.4714045207910317
600188,2022-10,-0.0006,7,8,8,7.666666666666667,0.4714045207910317,0.000483684145855568,0.8812908992306927,0.4714045207910317
600188,2023-01,0.053399999999999996,4,4,6,4.666666666666667,0.9428090415820634,0.004817302157272868,0.9709505944546686,0.9428090415820634
600188,2023-04,-0.2791,6,4,6,5.333333333333333,0.9428090415820634,0.004212595043515672,0.9709505944546686,0.9428090415820634
600188,2023-07,-0.0338,6,6,5,5.666666666666667,0.4714045207910317,0.0008932948130031191,0.9709505944546686,0.4714045207910317
600188,2023-10,0.0611,7,7,5,6.333333333333333,0.9428090415820634,0.002946330098012255,0.8812908992306927,0.9428090415820634
600188,2024-01,0.1505,6,6,6,6.0,0.0,0.0,0.9709505944546686,0.0
600188,2024-04,0.1027,6,6,7,6.333333333333333,0.4714045207910317,0.0006758874784615638,0.9709505944546686,0.4714045207910317
600188,2024-07,-0.056900000000000006,4,6,7,5.666666666666667,1.247219128924647,0.006454904945298079,0.9709505944546686,1.247219128924647
600188,2024-10,-0.0414,7,7,7,7.0,0.0,0.0,0.8812908992306927,0.0
600362,2005-01,0.5141,5,5,6,5.333333333333333,0.4714045207910317,0.0009491787649267315,1.0,0.4714045207910317
600362,2005-04,-0.5155,1,2,6,3.0,2.160246899469287,0.06297904566134355,0.4689955935892812,2.160246899469287
600362,2005-07,0.1518,4,4,4,4.0,0.0,0.0,0.9709505944546686,0.0
600362,2005-10,0.0291,7,7,4,6.0,1.4142135623730951,0.007732062599348774,0.8812908992306927,1.4142135623730951
600362,2006-01,0.3125,6,6,4,5.333333333333333,0.9428090415820634,0.004212595043515672,0.9709505944546686,0.9428090415820634
600362,2006-04,0.076,2,2,3,2.3333333333333335,0.4714045207910317,0.004817302157272868,0.7219280948873623,0.4714045207910317
600362,2006-07,0.12179999999999999,6,3,3,4.0,1.4142135623730951,0.014362591564146779,0.9709505944546686,1.4142135623730951
600362,2006-10,0.19219999999999998,4,6,3,4.333333333333333,1.247219128924647,0.010136727252065516,0.9709505944546686,1.247219128924647
600362,2007-01,0.4941,7,6,3,5.333333333333333,1.699673171197595,0.014489122970023622,0.8812908992306927,1.699673171197595
600362,2007-04,0.0177,8,8,3,6.333333333333333,2.357022603955158,0.02112692293417683,0.7219280948873623,2.357022603955158
600362,2007-07,0.4315,6,7,7,6.666666666666667,0.4714045207910317,0.0006420713965977487,0.9709505944546686,0.4714045207910317
600362,2007-10,-0.3632,7,7,7,7.0,0.0,0.0,0.8812908992306927,0.0
600362,2008-01,0.09789999999999999,6,8,6,6.666666666666667,0.9428090415820634,0.0023948438453058845,0.9709505944546686,0.9428090415820634
600362,2008-04,-0.15810000000000002,3,3,6,4.0,1.4142135623730951,0.014362591564146779,0.8812908992306927,1.4142135623730951
600362,2008-07,-0.34759999999999996,4,3,5,4.0,0.816496580927726,0.00530599861166309,0.9709505944546686,0.816496580927726
600362,2008-10,0.6631999999999999,3,3,3,3.0,0.0,0.0,0.8812908992306927,0.0
600362,2009-01,0.4375,3,3,3,3.0,0.0,0.0,0.8812908992306927,0.0
600362,2009-04,0.2325,6,7,5,6.0,0.816496580927726,0.002333803387527431,0.9709505944546686,0.816496580927726
600362,2009-07,-0.3492,7,7,7,7.0,0.0,0.0,0.8812908992306927,0.0
600362,2009-10,0.1252,6,7,6,6.333333333333333,0.4714045207910317,0.0006758874784616383,0.9709505944546686,0.4714045207910317
600362,2010-01,0.0335,6,6,6,6.0,0.0,0.0,0.9709505944546686,0.0
600362,2010-04,-0.1804,6,6,7,6.333333333333333,0.4714045207910317,0.0006758874784615638,0.9709505944546686,0.4714045207910317
600362,2010-07,0.0572,4,3,5,4.0,0.816496580927726,0.00530599861166309,0.9709505944546686,0.816496580927726
600362,2010-10,-0.2241,7,5,5,5.666666666666667,0.9428090415820634,0.0032941013770045433,0.8812908992306927,0.9428090415820634
600362,2011-01,0.07780000000000001,7,8,6,7.0,0.816496580927726,0.001710895898255767,0.8812908992306927,0.816496580927726
600362,2011-04,-0.12,4,6,6,5.333333333333333,0.9428090415820634,0.004212595043515672,0.9709505944546686,0.9428090415820634
600362,2011-07,-0.10220000000000001,6,6,7,6.333333333333333,0.4714045207910317,0.0006758874784615638,0.9709505944546686,0.4714045207910317
600362,2011-10,-0.1412,4,3,5,4.0,0.816496580927726,0.00530599861166309,0.9709505944546686,0.816496580927726
600362,2012-01,0.0762,4,3,4,3.6666666666666665,0.4714045207910317,0.0021766561578771704,0.9709505944546686,0.4714045207910317
600362,2012-04,-0.0178,5,4,5,4.666666666666667,0.4714045207910317,0.0013272465907683984,1.0,0.4714045207910317
600362,2012-07,-0.0255,5,6,5,5.333333333333333,0.4714045207910317,0.0009491787649267315,1.0,0.4714045207910317
600362,2012-10,-0.06280000000000001,6,7,5,6.0,0.816496580927726,0.002333803387527431,0.9709505944546686,0.816496580927726
600362,2013-01,-0.08960000000000001,7,7,6,6.666666666666667,0.4714045207910317,0.000642071396597733,0.8812908992306927,0.4714045207910317
600362,2013-04,0.009899999999999999,4,4,6,4.666666666666667,0.9428090415820634,0.004817302157272868,0.9709505944546686,0.9428090415820634
600362,2013-07,0.10980000000000001,3,3,4,3.3333333333333335,0.4714045207910317,0.0023948438453058845,0.8812908992306927,0.4714045207910317
600362,2013-10,0.015700000000000002,6,4,5,5.0,0.816496580927726,0.0033729266193250444,0.9709505944546686,0.816496580927726
600362,2014-01,-0.047,4,4,5,4.333333333333333,0.4714045207910317,0.0014294885616036141,0.9709505944546686,0.4714045207910317
600362,2014-04,0.0127,4,4,4,4.0,0.0,0.0,0.9709505944546686,0.0
600362,2014-07,-0.0264,6,4,6,5.333333333333333,0.9428090415820634,0.004212595043515672,0.9709505944546686,0.9428090415820634
600362,2014-10,0.1434,7,7,6,6.666666666666667,0.4714045207910317,0.000642071396597733,0.8812908992306927,0.4714045207910317
600362,2015-01,0.0362,7,8,7,7.333333333333333,0.4714045207910317,0.0005056809102375145,0.8812908992306927,0.4714045207910317
600362,2015-04,0.0915,8,8,7,7.666666666666667,0.4714045207910317,0.000483684145855568,0.7219280948873623,0.4714045207910317
600362,2015-07,-0.15560000000000002,5,6,7,6.0,0.816496580927726,0.002333803387527431,1.0,0.816496580927726
600362,2015-10,0.045599999999999995,3,3,4,3.3333333333333335,0.4714045207910317,0.0023948438453058845,0.8812908992306927,0.4714045207910317
600362,2016-01,0.0147,7,6,5,6.0,0.816496580927726,0.002333803387527431,0.8812908992306927,0.816496580927726
600362,2016-04,-0.057699999999999994,6,7,5,6.0,0.816496580927726,0.002333803387527431,0.9709505944546686,0.816496580927726
600362,2016-07,0.011000000000000001,6,5,5,5.333333333333333,0.4714045207910317,0.0009491787649267315,0.9709505944546686,0.4714045207910317
600362,2016-10,0.4029,6,4,7,5.666666666666667,1.247219128924647,0.006454904945298079,0.9709505944546686,1.247219128924647
600362,2017-01,-0.1073,6,6,6,6.0,0.0,0.0,0.9709505944546686,0.0
600362,2017-04,-0.1017,5,6,6,5.666666666666667,0.4714045207910317,0.0008932948130031191,1.0,0.4714045207910317
600362,2017-07,-0.0682,7,7,6,6.666666666666667,0.4714045207910317,0.000642071396597733,0.8812908992306927,0.4714045207910317
600362,2017-10,0.0557,5,6,7,6.0,0.816496580927726,0.002333803387527431,1.0,0.816496580927726
600362,2018-01,-0.1324,7,7,7,7.0,0.0,0.0,0.8812908992306927,0.0
600362,2018-04,-0.047599999999999996,4,4,6,4.666666666666667,0.9428090415820634,0.004817302157272868,0.9709505944546686,0.9428090415820634
600362,2018-07,-0.0738,4,4,5,4.333333333333333,0.4714045207910317,0.0014294885616036141,0.9709505944546686,0.4714045207910317
600362,2018-10,-0.0202,4,4,5,4.333333333333333,0.4714045207910317,0.0014294885616036141,0.9709505944546686,0.4714045207910317
600362,2019-01,0.22399999999999998,5,4,5,4.666666666666667,0.4714045207910317,0.0013272465907683984,1.0,0.4714045207910317
600362,2019-04,-0.037599999999999995,7,6,6,6.333333333333333,0.4714045207910317,0.0006758874784616383,0.8812908992306927,0.4714045207910317
600362,2019-07,-0.0371,6,7,6,6.333333333333333,0.4714045207910317,0.0006758874784616383,0.9709505944546686,0.4714045207910317
600362,2019-10,-0.0044,4,5,6,5.0,0.816496580927726,0.0033729266193250444,0.9709505944546686,0.816496580927726
600362,2020-01,-0.1176,7,7,7,7.0,0.0,0.0,0.8812908992306927,0.0
600362,2020-04,-0.005,4,4,5,4.333333333333333,0.4714045207910317,0.0014294885616036141,0.9709505944546686,0.4714045207910317
600362,2020-07,-0.0425,7,6,6,6.333333333333333,0.4714045207910317,0.0006758874784616383,0.8812908992306927,0.4714045207910317
600362,2020-10,0.5995,5,6,6,5.666666666666667,0.4714045207910317,0.0008932948130031191,1.0,0.4714045207910317
600362,2021-01,0.5645,6,6,7,6.333333333333333,0.4714045207910317,0.0006758874784615638,0.9709505944546686,0.4714045207910317
600362,2021-04,-0.013500000000000002,5,6,7,6.0,0.816496580927726,0.002333803387527431,1.0,0.816496580927726
600362,2021-07,0.030699999999999998,5,5,7,5.666666666666667,0.9428090415820634,0.0032941013770045433,1.0,0.9428090415820634
600362,2021-10,-0.024300000000000002,5,6,7,6.0,0.816496580927726,0.002333803387527431,1.0,0.816496580927726
600362,2022-01,0.11320000000000001,5,5,7,5.666666666666667,0.9428090415820634,0.0032941013770045433,1.0,0.9428090415820634
600362,2022-04,0.0335,4,4,5,4.333333333333333,0.4714045207910317,0.0014294885616036141,0.9709505944546686,0.4714045207910317
600362,2022-07,-0.0327,5,4,5,4.666666666666667,0.4714045207910317,0.0013272465907683984,1.0,0.4714045207910317
600362,2022-10,0.1499,4,4,5,4.333333333333333,0.4714045207910317,0.0014294885616036141,0.9709505944546686,0.4714045207910317
600362,2023-01,0.0104,6,5,6,5.666666666666667,0.4714045207910317,0.0008932948130031191,0.9709505944546686,0.4714045207910317
600362,2023-04,-0.1048,6,7,7,6.666666666666667,0.4714045207910317,0.0006420713965977487,0.9709505944546686,0.4714045207910317
600362,2023-07,-0.0596,6,7,7,6.666666666666667,0.4714045207910317,0.0006420713965977487,0.9709505944546686,0.4714045207910317
600362,2023-10,-0.0384,6,6,7,6.333333333333333,0.4714045207910317,0.0006758874784615638,0.9709505944546686,0.4714045207910317
600362,2024-01,0.0975,6,6,6,6.0,0.0,0.0,0.9709505944546686,0.0
600362,2024-04,-0.0262,8,8,7,7.666666666666667,0.4714045207910317,0.000483684145855568,0.7219280948873623,0.4714045207910317
600362,2024-07,-0.0545,5,6,7,6.0,0.816496580927726,0.002333803387527431,1.0,0.816496580927726
600362,2024-10,-0.034300000000000004,7,7,7,7.0,0.0,0.0,0.8812908992306927,0.0
600372,2005-01,0.3898,5,4,5,4.666666666666667,0.4714045207910317,0.0013272465907683984,1.0,0.4714045207910317
600372,2005-04,0.22579999999999997,2,3,5,3.3333333333333335,1.247219128924647,0.017250981160694335,0.7219280948873623,1.247219128924647
600372,2005-07,0.875,4,3,4,3.6666666666666665,0.4714045207910317,0.0021766561578771704,0.9709505944546686,0.4714045207910317
600372,2005-10,-0.10529999999999999,4,4,4,4.0,0.0,0.0,0.9709505944546686,0.0
600372,2006-01,0.2273,4,3,3,3.3333333333333335,0.4714045207910317,0.0023948438453058845,0.9709505944546686,0.4714045207910317
600372,2006-04,1.5526,6,6,6,6.0,0.0,0.0,0.9709505944546686,0.0
600372,2006-10,-0.2039,7,7,6,6.666666666666667,0.4714045207910317,0.000642071396597733,0.8812908992306927,0.4714045207910317
600372,2007-01,0.9231,4,3,6,4.333333333333333,1.247219128924647,0.01013672725206552,0.9709505944546686,1.247219128924647
600372,2007-04,0.3627,7,8,6,7.0,0.816496580927726,0.001710895898255767,0.8812908992306927,0.816496580927726
600372,2007-07,-0.056600000000000004,3,4,6,4.333333333333333,1.247219128924647,0.01013672725206552,0.8812908992306927,1.247219128924647
600372,2007-10,0.1865,6,7,6,6.333333333333333,0.4714045207910317,0.0006758874784616383,0.9709505944546686,0.4714045207910317
600372,2008-01,0.048799999999999996,7,8,6,7.0,0.816496580927726,0.001710895898255767,0.8812908992306927,0.816496580927726
600372,2008-04,0.1527,3,3,4,3.3333333333333335,0.4714045207910317,0.0023948438453058845,0.8812908992306927,0.4714045207910317
600372,2008-07,-0.12789999999999999,6,4,4,4.666666666666667,0.9428090415820634,0.004817302157272943,0.9709505944546686,0.9428090415820634
600372,2008-10,0.4643,4,3,4,3.6666666666666665,0.4714045207910317,0.0021766561578771704,0.9709505944546686,0.4714045207910317
600372,2009-01,0.15539999999999998,6,6,3,5.0,1.4142135623730951,0.011456875501600412,0.9709505944546686,1.4142135623730951
600372,2009-04,3.0493,7,7,7,7.0,0.0,0.0,0.8812908992306927,0.0
600372,2010-10,-0.054299999999999994,3,3,2,2.6666666666666665,0.4714045207910317,0.004212595043515672,0.8812908992306927,0.4714045207910317
600372,2011-01,0.1458,6,7,7,6.666666666666667,0.4714045207910317,0.0006420713965977487,0.9709505944546686,0.4714045207910317
600372,2011-04,-0.0209,7,8,7,7.333333333333333,0.4714045207910317,0.0005056809102375145,0.8812908992306927,0.4714045207910317
600372,2011-07,-0.0886,5,6,8,6.333333333333333,1.247219128924647,0.0047430824888307355,1.0,1.247219128924647
600372,2011-10,-0.08539999999999999,4,3,6,4.333333333333333,1.247219128924647,0.01013672725206552,0.9709505944546686,1.247219128924647
600372,2012-01,0.1759,4,3,4,3.6666666666666665,0.4714045207910317,0.0021766561578771704,0.9709505944546686,0.4714045207910317
600372,2012-04,0.1167,4,4,5,4.333333333333333,0.4714045207910317,0.0014294885616036141,0.9709505944546686,0.4714045207910317
600372,2012-07,0.1376,6,6,6,6.0,0.0,0.0,0.9709505944546686,0.0
600372,2012-10,-0.2389,5,6,6,5.666666666666667,0.4714045207910317,0.0008932948130031191,1.0,0.4714045207910317
600372,2013-01,-0.0054,7,6,6,6.333333333333333,0.4714045207910317,0.0006758874784616383,0.8812908992306927,0.4714045207910317
600372,2013-04,0.1949,6,7,7,6.666666666666667,0.4714045207910317,0.0006420713965977487,0.9709505944546686,0.4714045207910317
600372,2013-07,0.10220000000000001,4,6,6,5.333333333333333,0.9428090415820634,0.004212595043515672,0.9709505944546686,0.9428090415820634
600372,2013-10,0.4371,6,4,7,5.666666666666667,1.247219128924647,0.006454904945298079,0.9709505944546686,1.247219128924647
600372,2014-01,-0.1265,6,7,7,6.666666666666667,0.4714045207910317,0.0006420713965977487,0.9709505944546686,0.4714045207910317
600372,2014-04,-0.0739,4,5,6,5.0,0.816496580927726,0.0033729266193250444,0.9709505944546686,0.816496580927726
600372,2014-07,0.0971,7,7,7,7.0,0.0,0.0,0.8812908992306927,0.0
600372,2014-10,-0.049100000000000005,7,8,7,7.333333333333333,0.4714045207910317,0.0005056809102375145,0.8812908992306927,0.4714045207910317
600372,2015-01,0.0346,6,7,7,6.666666666666667,0.4714045207910317,0.0006420713965977487,0.9709505944546686,0.4714045207910317
600372,2015-04,0.1653,7,7,7,7.0,0.0,0.0,0.8812908992306927,0.0
600372,2015-07,-0.1863,5,5,7,5.666666666666667,0.9428090415820634,0.0032941013770045433,1.0,0.9428090415820634
600372,2015-10,-0.055,4,4,4,4.0,0.0,0.0,0.9709505944546686,0.0
600372,2016-01,-0.0641,6,4,5,5.0,0.816496580927726,0.0033729266193250444,0.9709505944546686,0.816496580927726
600372,2016-04,-0.016,6,6,4,5.333333333333333,0.9428090415820634,0.004212595043515672,0.9709505944546686,0.9428090415820634
600372,2016-07,0.034300000000000004,6,5,5,5.333333333333333,0.4714045207910317,0.0009491787649267315,0.9709505944546686,0.4714045207910317
600372,2016-10,0.0108,4,4,6,4.666666666666667,0.9428090415820634,0.004817302157272868,0.9709505944546686,0.9428090415820634
600372,2017-01,-0.014199999999999999,5,4,6,5.0,0.816496580927726,0.0033729266193250444,1.0,0.816496580927726
600372,2017-04,-0.19940000000000002,6,5,6,5.666666666666667,0.4714045207910317,0.0008932948130031191,0.9709505944546686,0.4714045207910317
600372,2017-07,0.0417,6,6,5,5.666666666666667,0.4714045207910317,0.0008932948130031191,0.9709505944546686,0.4714045207910317
600372,2017-10,-0.0779,4,5,5,4.666666666666667,0.4714045207910317,0.0013272465907683984,0.9709505944546686,0.4714045207910317
600372,2018-01,0.011200000000000002,4,4,5,4.333333333333333,0.4714045207910317,0.0014294885616036141,0.9709505944546686,0.4714045207910317
600372,2018-04,-0.06860000000000001,7,6,6,6.333333333333333,0.4714045207910317,0.0006758874784616383,0.8812908992306927,0.4714045207910317
600372,2018-07,-0.11720000000000001,4,4,6,4.666666666666667,0.9428090415820634,0.004817302157272868,0.9709505944546686,0.9428090415820634
600372,2018-10,0.11630000000000001,7,6,6,6.333333333333333,0.4714045207910317,0.0006758874784616383,0.8812908992306927,0.4714045207910317
600372,2019-01,0.2433,4,4,6,4.666666666666667,0.9428090415820634,0.004817302157272868,0.9709505944546686,0.9428090415820634
600372,2019-04,-0.0212,7,6,6,6.333333333333333,0.4714045207910317,0.0006758874784616383,0.8812908992306927,0.4714045207910317
600372,2019-07,-0.0124,4,6,7,5.666666666666667,1.247219128924647,0.006454904945298079,0.9709505944546686,1.247219128924647
600372,2019-10,-0.0276,4,4,6,4.666666666666667,0.9428090415820634,0.004817302157272868,0.9709505944546686,0.9428090415820634
600372,2020-01,-0.016,6,6,7,6.333333333333333,0.4714045207910317,0.0006758874784615638,0.9709505944546686,0.4714045207910317
600372,2020-04,-0.0454,4,4,6,4.666666666666667,0.9428090415820634,0.004817302157272868,0.9709505944546686,0.9428090415820634
600372,2020-07,0.024900000000000002,6,5,6,5.666666666666667,0.4714045207910317,0.0008932948130031191,0.9709505944546686,0.4714045207910317
600372,2020-10,0.12380000000000001,6,6,7,6.333333333333333,0.4714045207910317,0.0006758874784615638,0.9709505944546686,0.4714045207910317
600372,2021-01,-0.0704,7,8,7,7.333333333333333,0.4714045207910317,0.0005056809102375145,0.8812908992306927,0.4714045207910317
600372,2021-04,0.0663,4,4,7,5.0,1.4142135623730951,0.009292928204941,0.9709505944546686,1.4142135623730951
600372,2021-07,0.1917,7,6,7,6.666666666666667,0.4714045207910317,0.0006420713965977487,0.8812908992306927,0.4714045207910317
600372,2021-10,0.1514,4,5,6,5.0,0.816496580927726,0.0033729266193250444,0.9709505944546686,0.816496580927726
600372,2022-01,0.063,7,8,7,7.333333333333333,0.4714045207910317,0.0005056809102375145,0.8812908992306927,0.4714045207910317
600372,2022-04,0.2191,5,7,7,6.333333333333333,0.9428090415820634,0.002946330098012255,1.0,0.9428090415820634
600372,2022-07,-0.0349,6,4,7,5.666666666666667,1.247219128924647,0.006454904945298079,0.9709505944546686,1.247219128924647
600372,2022-10,-0.0359,5,4,7,5.333333333333333,1.247219128924647,0.006684370996497373,1.0,1.247219128924647
600372,2023-01,-0.0437,4,4,5,4.333333333333333,0.4714045207910317,0.0014294885616036141,0.9709505944546686,0.4714045207910317
600372,2023-04,-0.0308,7,6,6,6.333333333333333,0.4714045207910317,0.0006758874784616383,0.8812908992306927,0.4714045207910317
600372,2023-07,-0.0207,5,6,5,5.333333333333333,0.4714045207910317,0.0009491787649267315,1.0,0.4714045207910317
600372,2023-10,-0.0558,4,4,6,4.666666666666667,0.9428090415820634,0.004817302157272868,0.9709505944546686,0.9428090415820634
600372,2024-01,0.0709,6,5,6,5.666666666666667,0.4714045207910317,0.0008932948130031191,0.9709505944546686,0.4714045207910317
600372,2024-04,-0.0042,5,4,5,4.666666666666667,0.4714045207910317,0.0013272465907683984,1.0,0.4714045207910317
600372,2024-07,-0.12390000000000001,5,4,6,5.0,0.816496580927726,0.0033729266193250444,1.0,0.816496580927726
600372,2024-10,-0.0174,7,7,6,6.666666666666667,0.4714045207910317,0.000642071396597733,0.8812908992306927,0.4714045207910317
600377,2005-01,0.21719999999999998,5,5,6,5.333333333333333,0.4714045207910317,0.0009491787649267315,1.0,0.4714045207910317
600377,2005-04,-0.16670000000000001,7,6,6,6.333333333333333,0.4714045207910317,0.0006758874784616383,0.8812908992306927,0.4714045207910317
600377,2005-07,0.41509999999999997,7,8,6,7.0,0.816496580927726,0.001710895898255767,0.8812908992306927,0.816496580927726
600377,2005-10,-0.287,6,7,6,6.333333333333333,0.4714045207910317,0.0006758874784616383,0.9709505944546686,0.4714045207910317
600377,2006-01,0.0732,4,4,1,3.0,1.4142135623730951,0.03703306698873225,0.9709505944546686,1.4142135623730951
600377,2006-04,-0.5571,7,4,2,4.333333333333333,2.0548046676563256,0.02936434316506419,0.8812908992306927,2.0548046676563256
600377,2006-07,-0.10800000000000001,4,4,3,3.6666666666666665,0.4714045207910317,0.0021766561578771704,0.9709505944546686,0.4714045207910317
600377,2006-10,0.1085,5,4,3,4.0,0.816496580927726,0.00530599861166309,1.0,0.816496580927726
600377,2007-01,0.2069,7,6,4,5.666666666666667,1.247219128924647,0.006454904945298079,0.8812908992306927,1.247219128924647
600377,2007-04,0.3529,6,7,6,6.333333333333333,0.4714045207910317,0.0006758874784616383,0.9709505944546686,0.4714045207910317
600377,2007-07,1.1839,4,3,3,3.3333333333333335,0.4714045207910317,0.0023948438453058845,0.9709505944546686,0.4714045207910317
600377,2007-10,-0.1807,7,3,2,4.0,2.160246899469287,0.03440796157713285,0.8812908992306927,2.160246899469287
600377,2008-01,-0.0833,6,3,3,4.0,1.4142135623730951,0.014362591564146779,0.9709505944546686,1.4142135623730951
600377,2008-04,-1.0818,2,1,4,2.3333333333333335,1.247219128924647,0.03635797646202721,0.7219280948873623,1.247219128924647
600377,2008-07,-0.6552,2,1,2,1.6666666666666667,0.4714045207910317,0.011456875501600412,0.7219280948873623,0.4714045207910317
600377,2008-10,-0.0797,3,3,2,2.6666666666666665,0.4714045207910317,0.004212595043515672,0.8812908992306927,0.4714045207910317
600377,2009-01,0.1795,6,3,3,4.0,1.4142135623730951,0.014362591564146779,0.9709505944546686,1.4142135623730951
600377,2009-04,0.0673,7,8,6,7.0,0.816496580927726,0.001710895898255767,0.8812908992306927,0.816496580927726
600377,2009-07,-3.2308,7,7,6,6.666666666666667,0.4714045207910317,0.000642071396597733,0.8812908992306927,0.4714045207910317
600377,2009-10,2.3672999999999997,3,2,1,2.0,0.816496580927726,0.022548050379070088,0.8812908992306927,0.816496580927726
600377,2010-01,1.7878999999999998,6,1,1,2.6666666666666665,2.3570226039551585,0.09024627190021624,0.9709505944546686,2.3570226039551585
600377,2010-04,-0.0333,6,3,3,4.0,1.4142135623730951,0.014362591564146779,0.9709505944546686,1.4142135623730951
600377,2010-07,-0.09759999999999999,1,1,2,1.3333333333333333,0.4714045207910317,0.014362591564146779,0.4689955935892812,0.4714045207910317
600377,2010-10,-0.7518,3,3,1,2.3333333333333335,0.9428090415820634,0.025559141193383414,0.8812908992306927,0.9428090415820634
600377,2011-01,1.0,3,4,3,3.3333333333333335,0.4714045207910317,0.0023948438453058845,0.8812908992306927,0.4714045207910317
600377,2011-04,-0.102,7,4,2,4.333333333333333,2.0548046676563256,0.02936434316506419,0.8812908992306927,2.0548046676563256
600377,2011-07,-0.4878,1,1,1,1.0,0.0,0.0,0.4689955935892812,0.0
600377,2011-10,0.3019,4,2,2,2.6666666666666665,0.9428090415820634,0.014362591564146779,0.9709505944546686,0.9428090415820634
600377,2012-01,2.5,7,7,3,5.666666666666667,1.8856180831641267,0.01639998447673846,0.8812908992306927,1.8856180831641267
600377,2012-04,8.0,1,1,2,1.3333333333333333,0.4714045207910317,0.014362591564146779,0.4689955935892812,0.4714045207910317
600377,2012-07,-0.6964,1,1,1,1.0,0.0,0.0,0.4689955935892812,0.0
600377,2012-10,0.1047,3,3,1,2.3333333333333335,0.9428090415820634,0.025559141193383414,0.8812908992306927,0.9428090415820634
600377,2013-01,0.3448,7,3,1,3.6666666666666665,2.494438257849294,0.062410457549092635,0.8812908992306927,2.494438257849294
600377,2013-04,3.35,6,6,3,5.0,1.4142135623730951,0.011456875501600412,0.9709505944546686,1.4142135623730951
600377,2013-07,4.9091000000000005,1,1,2,1.3333333333333333,0.4714045207910317,0.014362591564146779,0.4689955935892812,0.4714045207910317
600377,2013-10,0.018500000000000003,6,2,1,3.0,2.160246899469287,0.06297904566134355,0.9709505944546686,2.160246899469287
600377,2014-01,0.0435,3,3,3,3.0,0.0,0.0,0.8812908992306927,0.0
600377,2014-04,1.0,1,1,2,1.3333333333333333,0.4714045207910317,0.014362591564146779,0.4689955935892812,0.4714045207910317
600377,2014-07,-0.1805,3,7,2,4.0,2.160246899469287,0.03440796157713285,0.8812908992306927,2.160246899469287
600377,2014-10,0.22760000000000002,7,3,6,5.333333333333333,1.699673171197595,0.014489122970023622,0.8812908992306927,1.699673171197595
600377,2015-01,0.0223,6,7,6,6.333333333333333,0.4714045207910317,0.0006758874784616383,0.9709505944546686,0.4714045207910317
600377,2015-04,-0.0827,7,7,2,5.333333333333333,2.357022603955158,0.03162528845271663,0.8812908992306927,2.357022603955158
600377,2015-07,0.1056,7,7,7,7.0,0.0,0.0,0.8812908992306927,0.0
600377,2015-10,-0.0362,4,6,6,5.333333333333333,0.9428090415820634,0.004212595043515672,0.9709505944546686,0.9428090415820634
600377,2016-01,0.0032,7,6,8,7.0,0.816496580927726,0.0017108958982558105,0.8812908992306927,0.816496580927726
600377,2016-04,0.0907,6,7,7,6.666666666666667,0.4714045207910317,0.0006420713965977487,0.9709505944546686,0.4714045207910317
600377,2016-07,0.0143,7,6,6,6.333333333333333,0.4714045207910317,0.0006758874784616383,0.8812908992306927,0.4714045207910317
600377,2016-10,-0.0319,6,6,7,6.333333333333333,0.4714045207910317,0.0006758874784615638,0.9709505944546686,0.4714045207910317
600377,2017-01,0.0556,5,5,7,5.666666666666667,0.9428090415820634,0.0032941013770045433,1.0,0.9428090415820634
600377,2017-04,-0.0591,7,7,7,7.0,0.0,0.0,0.8812908992306927,0.0
600377,2017-07,0.060700000000000004,7,7,7,7.0,0.0,0.0,0.8812908992306927,0.0
600377,2017-10,-0.0785,6,6,8,6.666666666666667,0.9428090415820634,0.0023948438453058845,0.9709505944546686,0.9428090415820634
600377,2018-01,-0.016,6,7,8,7.0,0.816496580927726,0.0017108958982558105,0.9709505944546686,0.816496580927726
600377,2018-04,0.0894,5,4,7,5.333333333333333,1.247219128924647,0.006684370996497373,1.0,1.247219128924647
600377,2018-07,0.009000000000000001,4,4,6,4.666666666666667,0.9428090415820634,0.004817302157272868,0.9709505944546686,0.9428090415820634
600377,2018-10,0.0483,6,6,6,6.0,0.0,0.0,0.9709505944546686,0.0
600377,2019-01,-0.0212,7,7,7,7.0,0.0,0.0,0.8812908992306927,0.0
600377,2019-04,0.0894,6,7,7,6.666666666666667,0.4714045207910317,0.0006420713965977487,0.9709505944546686,0.4714045207910317
600377,2019-07,-0.0434,7,7,8,7.333333333333333,0.4714045207910317,0.0005056809102375145,0.8812908992306927,0.4714045207910317
600377,2019-10,0.0406,6,7,8,7.0,0.816496580927726,0.0017108958982558105,0.9709505944546686,0.816496580927726
600377,2020-01,-0.1564,7,7,7,7.0,0.0,0.0,0.8812908992306927,0.0
600377,2020-04,-0.0596,4,4,6,4.666666666666667,0.9428090415820634,0.004817302157272868,0.9709505944546686,0.9428090415820634
600377,2020-07,0.0371,6,4,6,5.333333333333333,0.9428090415820634,0.004212595043515672,0.9709505944546686,0.9428090415820634
600377,2020-10,0.0644,6,6,6,6.0,0.0,0.0,0.9709505944546686,0.0
600377,2021-01,0.045,5,4,6,5.0,0.816496580927726,0.0033729266193250444,1.0,0.816496580927726
600377,2021-04,-0.0253,7,7,7,7.0,0.0,0.0,0.8812908992306927,0.0
600377,2021-07,0.0015,5,6,7,6.0,0.816496580927726,0.002333803387527431,1.0,0.816496580927726
600377,2021-10,-0.0227,5,6,6,5.666666666666667,0.4714045207910317,0.0008932948130031191,1.0,0.4714045207910317
600377,2022-01,-0.0169,6,6,6,6.0,0.0,0.0,0.9709505944546686,0.0
600377,2022-04,0.0446,5,4,6,5.0,0.816496580927726,0.0033729266193250444,1.0,0.816496580927726
600377,2022-07,-0.008,6,6,6,6.0,0.0,0.0,0.9709505944546686,0.0
600377,2022-10,0.0944,4,4,6,4.666666666666667,0.9428090415820634,0.004817302157272868,0.9709505944546686,0.9428090415820634
600377,2023-01,-0.027000000000000003,6,6,6,6.0,0.0,0.0,0.9709505944546686,0.0
600377,2023-04,0.08689999999999999,6,7,7,6.666666666666667,0.4714045207910317,0.0006420713965977487,0.9709505944546686,0.4714045207910317
600377,2023-07,0.0271,7,7,8,7.333333333333333,0.4714045207910317,0.0005056809102375145,0.8812908992306927,0.4714045207910317
600377,2023-10,0.0382,7,8,8,7.666666666666667,0.4714045207910317,0.000483684145855568,0.8812908992306927,0.4714045207910317
600377,2024-01,0.0643,6,6,8,6.666666666666667,0.9428090415820634,0.0023948438453058845,0.9709505944546686,0.9428090415820634
600377,2024-04,0.0642,6,6,8,6.666666666666667,0.9428090415820634,0.0023948438453058845,0.9709505944546686,0.9428090415820634
600377,2024-07,0.0678,7,7,7,7.0,0.0,0.0,0.8812908992306927,0.0
600377,2024-10,0.13140000000000002,7,7,8,7.333333333333333,0.4714045207910317,0.0005056809102375145,0.8812908992306927,0.4714045207910317
600406,2005-01,0.0,5,5,6,5.333333333333333,0.4714045207910317,0.0009491787649267315,1.0,0.4714045207910317
600406,2005-04,-0.0192,6,6,6,6.0,0.0,0.0,0.9709505944546686,0.0
600406,2005-07,0.0263,5,5,6,5.333333333333333,0.4714045207910317,0.0009491787649267315,1.0,0.4714045207910317
600406,2005-10,0.004,6,7,6,6.333333333333333,0.4714045207910317,0.0006758874784616383,0.9709505944546686,0.4714045207910317
600406,2006-01,-0.025099999999999997,6,6,6,6.0,0.0,0.0,0.9709505944546686,0.0
600406,2006-04,0.1208,7,7,7,7.0,0.0,0.0,0.8812908992306927,0.0
600406,2006-07,-0.0558,7,7,7,7.0,0.0,0.0,0.8812908992306927,0.0
600406,2006-10,-0.1027,6,7,7,6.666666666666667,0.4714045207910317,0.0006420713965977487,0.9709505944546686,0.4714045207910317
600406,2007-01,-0.0116,6,5,7,6.0,0.816496580927726,0.002333803387527431,0.9709505944546686,0.816496580927726
600406,2007-04,0.0924,7,6,7,6.666666666666667,0.4714045207910317,0.0006420713965977487,0.8812908992306927,0.4714045207910317
600406,2007-07,-0.0526,5,6,7,6.0,0.816496580927726,0.002333803387527431,1.0,0.816496580927726
600406,2007-10,-0.0403,4,5,6,5.0,0.816496580927726,0.0033729266193250444,0.9709505944546686,0.816496580927726
600406,2008-01,0.1092,7,6,7,6.666666666666667,0.4714045207910317,0.0006420713965977487,0.8812908992306927,0.4714045207910317
600406,2008-04,0.21050000000000002,2,2,3,2.3333333333333335,0.4714045207910317,0.004817302157272868,0.7219280948873623,0.4714045207910317
600406,2008-07,-0.1042,4,2,3,3.0,0.816496580927726,0.00957506104276447,0.9709505944546686,0.816496580927726
600406,2008-10,0.1991,5,4,4,4.333333333333333,0.4714045207910317,0.0014294885616036141,1.0,0.4714045207910317
600406,2009-01,-0.04,5,4,4,4.333333333333333,0.4714045207910317,0.0014294885616036141,1.0,0.4714045207910317
600406,2009-04,0.4094,7,7,6,6.666666666666667,0.4714045207910317,0.000642071396597733,0.8812908992306927,0.4714045207910317
600406,2009-07,-0.3494,4,4,6,4.666666666666667,0.9428090415820634,0.004817302157272868,0.9709505944546686,0.9428090415820634
600406,2009-10,1.0312999999999999,6,7,6,6.333333333333333,0.4714045207910317,0.0006758874784616383,0.9709505944546686,0.4714045207910317
600406,2010-01,0.9655,3,3,6,4.0,1.4142135623730951,0.014362591564146779,0.8812908992306927,1.4142135623730951
600406,2010-04,0.3319,2,1,1,1.3333333333333333,0.4714045207910317,0.014362591564146779,0.7219280948873623,0.4714045207910317
600406,2010-07,0.3688,5,4,3,4.0,0.816496580927726,0.00530599861166309,1.0,0.816496580927726
600406,2010-10,0.6731999999999999,7,7,3,5.666666666666667,1.8856180831641267,0.01639998447673846,0.8812908992306927,1.8856180831641267
600406,2011-01,0.076,6,6,3,5.0,1.4142135623730951,0.011456875501600412,0.9709505944546686,1.4142135623730951
600406,2011-04,-0.11359999999999999,4,6,7,5.666666666666667,1.247219128924647,0.006454904945298079,0.9709505944546686,1.247219128924647
600406,2011-07,0.0366,7,7,7,7.0,0.0,0.0,0.8812908992306927,0.0
600406,2011-10,0.0711,4,5,7,5.333333333333333,1.247219128924647,0.006684370996497373,0.9709505944546686,1.247219128924647
600406,2012-01,0.2915,4,4,5,4.333333333333333,0.4714045207910317,0.0014294885616036141,0.9709505944546686,0.4714045207910317
600406,2012-04,-0.052000000000000005,5,4,5,4.666666666666667,0.4714045207910317,0.0013272465907683984,1.0,0.4714045207910317
600406,2012-07,-0.11410000000000001,4,4,5,4.333333333333333,0.4714045207910317,0.0014294885616036141,0.9709505944546686,0.4714045207910317
600406,2013-01,0.0955,7,6,4,5.666666666666667,1.247219128924647,0.006454904945298079,0.8812908992306927,1.247219128924647
600406,2013-04,0.5152,4,3,4,3.6666666666666665,0.4714045207910317,0.0021766561578771704,0.9709505944546686,0.4714045207910317
600406,2013-07,0.2259,6,6,6,6.0,0.0,0.0,0.9709505944546686,0.0
600406,2013-10,0.1503,5,7,7,6.333333333333333,0.9428090415820634,0.002946330098012255,1.0,0.9428090415820634
600406,2014-01,0.5402,6,6,7,6.333333333333333,0.4714045207910317,0.0006758874784615638,0.9709505944546686,0.4714045207910317
600406,2014-04,-0.1012,4,3,7,4.666666666666667,1.699673171197595,0.01582838201775807,0.9709505944546686,1.699673171197595
600406,2014-07,-0.095,6,5,5,5.333333333333333,0.4714045207910317,0.0009491787649267315,0.9709505944546686,0.4714045207910317
600406,2014-10,-0.0638,7,8,7,7.333333333333333,0.4714045207910317,0.0005056809102375145,0.8812908992306927,0.4714045207910317
600406,2015-01,0.026000000000000002,4,6,6,5.333333333333333,0.9428090415820634,0.004212595043515672,0.9709505944546686,0.9428090415820634
600406,2015-04,0.19829999999999998,7,8,7,7.333333333333333,0.4714045207910317,0.0005056809102375145,0.8812908992306927,0.4714045207910317
600406,2015-07,-0.0706,4,6,7,5.666666666666667,1.247219128924647,0.006454904945298079,0.9709505944546686,1.247219128924647
600406,2015-10,-0.1351,4,3,4,3.6666666666666665,0.4714045207910317,0.0021766561578771704,0.9709505944546686,0.4714045207910317
600406,2016-01,-0.0535,7,6,7,6.666666666666667,0.4714045207910317,0.0006420713965977487,0.8812908992306927,0.4714045207910317
600406,2016-04,-0.0316,6,7,4,5.666666666666667,1.247219128924647,0.006454904945298079,0.9709505944546686,1.247219128924647
600406,2016-07,0.026000000000000002,5,4,5,4.666666666666667,0.4714045207910317,0.0013272465907683984,1.0,0.4714045207910317
600406,2016-10,0.0167,7,7,7,7.0,0.0,0.0,0.8812908992306927,0.0
600406,2017-07,-0.0366,7,8,7,7.333333333333333,0.4714045207910317,0.0005056809102375145,0.8812908992306927,0.4714045207910317
600406,2017-10,0.16620000000000001,4,6,7,5.666666666666667,1.247219128924647,0.006454904945298079,0.9709505944546686,1.247219128924647
600406,2018-01,-0.056299999999999996,6,6,7,6.333333333333333,0.4714045207910317,0.0006758874784615638,0.9709505944546686,0.4714045207910317
600406,2018-04,-0.0191,6,6,7,6.333333333333333,0.4714045207910317,0.0006758874784615638,0.9709505944546686,0.4714045207910317
600406,2018-07,0.0149,4,4,6,4.666666666666667,0.9428090415820634,0.004817302157272868,0.9709505944546686,0.9428090415820634
600406,2018-10,0.018500000000000003,7,7,7,7.0,0.0,0.0,0.8812908992306927,0.0
600406,2019-01,-0.044199999999999996,7,8,7,7.333333333333333,0.4714045207910317,0.0005056809102375145,0.8812908992306927,0.4714045207910317
600406,2019-04,-0.105,7,8,7,7.333333333333333,0.4714045207910317,0.0005056809102375145,0.8812908992306927,0.4714045207910317
600406,2019-07,-0.1042,5,6,7,6.0,0.816496580927726,0.002333803387527431,1.0,0.816496580927726
600406,2019-10,0.0556,7,7,7,7.0,0.0,0.0,0.8812908992306927,0.0
600406,2020-01,0.1165,6,6,7,6.333333333333333,0.4714045207910317,0.0006758874784615638,0.9709505944546686,0.4714045207910317
600406,2020-04,-0.0983,4,5,6,5.0,0.816496580927726,0.0033729266193250444,0.9709505944546686,0.816496580927726
600406,2020-07,0.0658,7,6,7,6.666666666666667,0.4714045207910317,0.0006420713965977487,0.8812908992306927,0.4714045207910317
600406,2020-10,0.1655,4,5,6,5.0,0.816496580927726,0.0033729266193250444,0.9709505944546686,0.816496580927726
600406,2021-01,-0.04019999999999999,7,8,7,7.333333333333333,0.4714045207910317,0.0005056809102375145,0.8812908992306927,0.4714045207910317
600406,2021-04,-0.0305,7,8,8,7.666666666666667,0.4714045207910317,0.000483684145855568,0.8812908992306927,0.4714045207910317
600406,2021-07,0.127,4,6,7,5.666666666666667,1.247219128924647,0.006454904945298079,0.9709505944546686,1.247219128924647
600406,2021-10,0.0683,7,7,7,7.0,0.0,0.0,0.8812908992306927,0.0
600406,2022-01,0.0111,6,7,7,6.666666666666667,0.4714045207910317,0.0006420713965977487,0.9709505944546686,0.4714045207910317
600406,2022-04,0.0766,4,4,7,5.0,1.4142135623730951,0.009292928204941,0.9709505944546686,1.4142135623730951
600406,2022-07,-0.0633,6,4,7,5.666666666666667,1.247219128924647,0.006454904945298079,0.9709505944546686,1.247219128924647
600406,2022-10,0.0959,4,4,6,4.666666666666667,0.9428090415820634,0.004817302157272868,0.9709505944546686,0.9428090415820634
600406,2023-01,-0.0054,4,4,6,4.666666666666667,0.9428090415820634,0.004817302157272868,0.9709505944546686,0.9428090415820634
600406,2023-04,0.0545,6,7,6,6.333333333333333,0.4714045207910317,0.0006758874784616383,0.9709505944546686,0.4714045207910317
600406,2023-07,-0.0217,6,7,6,6.333333333333333,0.4714045207910317,0.0006758874784616383,0.9709505944546686,0.4714045207910317
600406,2023-10,-0.0254,5,4,7,5.333333333333333,1.247219128924647,0.006684370996497373,1.0,1.247219128924647
600406,2024-01,0.10980000000000001,6,6,7,6.333333333333333,0.4714045207910317,0.0006758874784615638,0.9709505944546686,0.4714045207910317
600406,2024-04,-0.0462,7,7,7,7.0,0.0,0.0,0.8812908992306927,0.0
600406,2024-07,0.025699999999999997,7,8,6,7.0,0.816496580927726,0.001710895898255767,0.8812908992306927,0.816496580927726
600406,2024-10,-0.0504,7,8,7,7.333333333333333,0.4714045207910317,0.0005056809102375145,0.8812908992306927,0.4714045207910317
600415,2005-01,0.1961,4,4,5,4.333333333333333,0.4714045207910317,0.0014294885616036141,0.9709505944546686,0.4714045207910317
600415,2005-04,-0.7273000000000001,6,6,6,6.0,0.0,0.0,0.9709505944546686,0.0
600415,2005-07,0.1176,3,3,4,3.3333333333333335,0.4714045207910317,0.0023948438453058845,0.8812908992306927,0.4714045207910317
600415,2005-10,-0.4,7,4,4,5.0,1.4142135623730951,0.009292928204941,0.8812908992306927,1.4142135623730951
600415,2006-01,0.2813,6,7,4,5.666666666666667,1.247219128924647,0.006454904945298079,0.9709505944546686,1.247219128924647
600415,2006-04,0.5278,7,7,4,6.0,1.4142135623730951,0.007732062599348774,0.8812908992306927,1.4142135623730951
600415,2006-07,-0.1912,7,8,3,6.0,2.160246899469287,0.019209548095934934,0.8812908992306927,2.160246899469287
600415,2006-10,0.2969,7,8,7,7.333333333333333,0.4714045207910317,0.0005056809102375145,0.8812908992306927,0.4714045207910317
600415,2007-01,-0.0783,7,8,6,7.0,0.816496580927726,0.001710895898255767,0.8812908992306927,0.816496580927726
600415,2007-04,0.3306,6,7,7,6.666666666666667,0.4714045207910317,0.0006420713965977487,0.9709505944546686,0.4714045207910317
600415,2007-07,0.1962,7,8,7,7.333333333333333,0.4714045207910317,0.0005056809102375145,0.8812908992306927,0.4714045207910317
600415,2007-10,-0.1721,3,5,6,4.666666666666667,1.247219128924647,0.0097112135713919,0.8812908992306927,1.247219128924647
600415,2008-04,0.0222,7,7,6,6.666666666666667,0.4714045207910317,0.000642071396597733,0.8812908992306927,0.4714045207910317
600415,2008-07,-0.14880000000000002,4,6,6,5.333333333333333,0.9428090415820634,0.004212595043515672,0.9709505944546686,0.9428090415820634
600415,2008-10,-0.0855,6,5,5,5.333333333333333,0.4714045207910317,0.0009491787649267315,0.9709505944546686,0.4714045207910317
600415,2009-01,0.1105,7,7,6,6.666666666666667,0.4714045207910317,0.000642071396597733,0.8812908992306927,0.4714045207910317
600415,2009-04,-0.0253,7,7,6,6.666666666666667,0.4714045207910317,0.000642071396597733,0.8812908992306927,0.4714045207910317
600415,2009-07,-0.0296,8,7,7,7.333333333333333,0.4714045207910317,0.0005056809102375145,0.7219280948873623,0.4714045207910317
600415,2009-10,0.2534,6,7,7,6.666666666666667,0.4714045207910317,0.0006420713965977487,0.9709505944546686,0.4714045207910317
600415,2010-01,0.0901,6,6,7,6.333333333333333,0.4714045207910317,0.0006758874784615638,0.9709505944546686,0.4714045207910317
600415,2010-04,-0.1506,6,6,7,6.333333333333333,0.4714045207910317,0.0006758874784615638,0.9709505944546686,0.4714045207910317
600415,2010-07,0.1629,6,6,5,5.666666666666667,0.4714045207910317,0.0008932948130031191,0.9709505944546686,0.4714045207910317
600415,2010-10,0.46649999999999997,7,7,7,7.0,0.0,0.0,0.8812908992306927,0.0
600415,2011-01,0.0015,6,6,7,6.333333333333333,0.4714045207910317,0.0006758874784615638,0.9709505944546686,0.4714045207910317
600415,2011-04,-0.1316,4,6,7,5.666666666666667,1.247219128924647,0.006454904945298079,0.9709505944546686,1.247219128924647
600415,2011-07,-0.131,6,4,6,5.333333333333333,0.9428090415820634,0.004212595043515672,0.9709505944546686,0.9428090415820634
600415,2011-10,-0.1887,3,3,4,3.3333333333333335,0.4714045207910317,0.0023948438453058845,0.8812908992306927,0.4714045207910317
600415,2012-01,0.1461,4,3,4,3.6666666666666665,0.4714045207910317,0.0021766561578771704,0.9709505944546686,0.4714045207910317
600415,2012-04,0.19649999999999998,4,3,4,3.6666666666666665,0.4714045207910317,0.0021766561578771704,0.9709505944546686,0.4714045207910317
600415,2012-07,-0.0851,4,4,4,4.0,0.0,0.0,0.9709505944546686,0.0
600415,2012-10,-0.09449999999999999,4,4,4,4.0,0.0,0.0,0.9709505944546686,0.0
600415,2013-01,-0.067,7,6,5,6.0,0.816496580927726,0.002333803387527431,0.8812908992306927,0.816496580927726
600415,2013-04,0.125,4,4,5,4.333333333333333,0.4714045207910317,0.0014294885616036141,0.9709505944546686,0.4714045207910317
600415,2013-07,0.08130000000000001,4,3,4,3.6666666666666665,0.4714045207910317,0.0021766561578771704,0.9709505944546686,0.4714045207910317
600415,2013-10,-0.1043,7,7,6,6.666666666666667,0.4714045207910317,0.000642071396597733,0.8812908992306927,0.4714045207910317
600415,2014-01,0.0375,4,6,5,5.0,0.816496580927726,0.0033729266193250444,0.9709505944546686,0.816496580927726
600415,2014-04,-0.0467,4,3,5,4.0,0.816496580927726,0.00530599861166309,0.9709505944546686,0.816496580927726
600415,2014-07,0.049699999999999994,4,4,6,4.666666666666667,0.9428090415820634,0.004817302157272868,0.9709505944546686,0.9428090415820634
600415,2014-10,0.775,7,8,6,7.0,0.816496580927726,0.001710895898255767,0.8812908992306927,0.816496580927726
600415,2015-01,0.127,7,7,7,7.0,0.0,0.0,0.8812908992306927,0.0
600415,2015-04,0.1996,7,7,3,5.666666666666667,1.8856180831641267,0.01639998447673846,0.8812908992306927,1.8856180831641267
600415,2015-07,-0.2612,7,8,7,7.333333333333333,0.4714045207910317,0.0005056809102375145,0.8812908992306927,0.4714045207910317
600415,2015-10,-0.1338,3,3,6,4.0,1.4142135623730951,0.014362591564146779,0.8812908992306927,1.4142135623730951
600415,2016-01,0.1104,6,4,6,5.333333333333333,0.9428090415820634,0.004212595043515672,0.9709505944546686,0.9428090415820634
600415,2016-04,-0.0947,6,7,4,5.666666666666667,1.247219128924647,0.006454904945298079,0.9709505944546686,1.247219128924647
600415,2016-07,0.1286,4,4,4,4.0,0.0,0.0,0.9709505944546686,0.0
600415,2016-10,0.10890000000000001,7,7,6,6.666666666666667,0.4714045207910317,0.000642071396597733,0.8812908992306927,0.4714045207910317
600415,2017-01,-0.015600000000000001,6,7,6,6.333333333333333,0.4714045207910317,0.0006758874784616383,0.9709505944546686,0.4714045207910317
600415,2017-04,0.105,4,4,6,4.666666666666667,0.9428090415820634,0.004817302157272868,0.9709505944546686,0.9428090415820634
600415,2017-07,-0.0172,4,4,7,5.0,1.4142135623730951,0.009292928204941,0.9709505944546686,1.4142135623730951
600415,2017-10,-0.1464,4,4,6,4.666666666666667,0.9428090415820634,0.004817302157272868,0.9709505944546686,0.9428090415820634
600415,2018-01,-0.1155,4,4,4,4.0,0.0,0.0,0.9709505944546686,0.0
600415,2018-04,0.0342,4,4,4,4.0,0.0,0.0,0.9709505944546686,0.0
600415,2018-07,-0.08220000000000001,4,3,4,3.6666666666666665,0.4714045207910317,0.0021766561578771704,0.9709505944546686,0.4714045207910317
600415,2018-10,-0.014199999999999999,5,4,4,4.333333333333333,0.4714045207910317,0.0014294885616036141,1.0,0.4714045207910317
600415,2019-01,0.281,4,4,4,4.0,0.0,0.0,0.9709505944546686,0.0
600415,2019-04,-0.087,7,7,6,6.666666666666667,0.4714045207910317,0.000642071396597733,0.8812908992306927,0.4714045207910317
600415,2019-07,-0.0533,5,7,5,5.666666666666667,0.9428090415820634,0.0032941013770045433,1.0,0.9428090415820634
600415,2019-10,-0.028900000000000002,4,4,5,4.333333333333333,0.4714045207910317,0.0014294885616036141,0.9709505944546686,0.4714045207910317
600415,2020-01,-0.1474,6,5,7,6.0,0.816496580927726,0.002333803387527431,0.9709505944546686,0.816496580927726
600415,2020-04,0.064,4,4,5,4.333333333333333,0.4714045207910317,0.0014294885616036141,0.9709505944546686,0.4714045207910317
600415,2020-07,-0.2069,7,8,6,7.0,0.816496580927726,0.001710895898255767,0.8812908992306927,0.816496580927726
600415,2020-10,0.0349,5,6,6,5.666666666666667,0.4714045207910317,0.0008932948130031191,1.0,0.4714045207910317
600415,2021-01,-0.013600000000000001,5,6,6,5.666666666666667,0.4714045207910317,0.0008932948130031191,1.0,0.4714045207910317
600415,2021-04,0.0528,4,4,7,5.0,1.4142135623730951,0.009292928204941,0.9709505944546686,1.4142135623730951
600415,2021-07,0.026699999999999998,6,5,6,5.666666666666667,0.4714045207910317,0.0008932948130031191,0.9709505944546686,0.4714045207910317
600415,2021-10,-0.0665,5,6,5,5.333333333333333,0.4714045207910317,0.0009491787649267315,1.0,0.4714045207910317
600415,2022-01,0.04190000000000001,6,6,6,6.0,0.0,0.0,0.9709505944546686,0.0
600415,2022-04,0.0676,7,7,6,6.666666666666667,0.4714045207910317,0.000642071396597733,0.8812908992306927,0.4714045207910317
600415,2022-07,-0.0851,6,7,7,6.666666666666667,0.4714045207910317,0.0006420713965977487,0.9709505944546686,0.4714045207910317
600415,2022-10,0.0667,4,4,5,4.333333333333333,0.4714045207910317,0.0014294885616036141,0.9709505944546686,0.4714045207910317
600415,2023-01,0.0443,6,6,6,6.0,0.0,0.0,0.9709505944546686,0.0
600415,2023-04,-0.15289999999999998,7,7,7,7.0,0.0,0.0,0.8812908992306927,0.0
600415,2023-07,-0.0363,6,7,6,6.333333333333333,0.4714045207910317,0.0006758874784616383,0.9709505944546686,0.4714045207910317
600415,2023-10,0.023399999999999997,6,7,7,6.666666666666667,0.4714045207910317,0.0006420713965977487,0.9709505944546686,0.4714045207910317
600415,2024-01,0.11289999999999999,4,4,7,5.0,1.4142135623730951,0.009292928204941,0.9709505944546686,1.4142135623730951
600415,2024-04,-0.1058,7,6,7,6.666666666666667,0.4714045207910317,0.0006420713965977487,0.8812908992306927,0.4714045207910317
600415,2024-07,0.07440000000000001,4,6,6,5.333333333333333,0.9428090415820634,0.004212595043515672,0.9709505944546686,0.9428090415820634
600415,2024-10,0.3456,8,7,6,7.0,0.816496580927726,0.001710895898255767,0.7219280948873623,0.816496580927726
600426,2005-01,0.0195,5,5,6,5.333333333333333,0.4714045207910317,0.0009491787649267315,1.0,0.4714045207910317
600426,2005-04,-0.22690000000000002,6,6,6,6.0,0.0,0.0,0.9709505944546686,0.0
600426,2005-07,0.0327,5,5,6,5.333333333333333,0.4714045207910317,0.0009491787649267315,1.0,0.4714045207910317
600426,2005-10,-0.0277,5,4,6,5.0,0.816496580927726,0.0033729266193250444,1.0,0.816496580927726
600426,2006-01,-0.1865,6,6,6,6.0,0.0,0.0,0.9709505944546686,0.0
600426,2006-04,0.0362,6,6,6,6.0,0.0,0.0,0.9709505944546686,0.0
600426,2006-07,0.0446,7,7,6,6.666666666666667,0.4714045207910317,0.000642071396597733,0.8812908992306927,0.4714045207910317
600426,2006-10,0.0955,6,6,7,6.333333333333333,0.4714045207910317,0.0006758874784615638,0.9709505944546686,0.4714045207910317
600426,2007-01,0.19329999999999997,7,8,7,7.333333333333333,0.4714045207910317,0.0005056809102375145,0.8812908992306927,0.4714045207910317
600426,2007-04,2.8636,7,8,7,7.333333333333333,0.4714045207910317,0.0005056809102375145,0.8812908992306927,0.4714045207910317
600426,2007-07,0.8588,6,6,3,5.0,1.4142135623730951,0.011456875501600412,0.9709505944546686,1.4142135623730951
600426,2007-10,-0.0993,3,3,2,2.6666666666666665,0.4714045207910317,0.004212595043515672,0.8812908992306927,0.4714045207910317
600426,2008-01,0.136,7,7,3,5.666666666666667,1.8856180831641267,0.01639998447673846,0.8812908992306927,1.8856180831641267
600426,2008-04,0.4857,4,4,3,3.6666666666666665,0.4714045207910317,0.0021766561578771704,0.9709505944546686,0.4714045207910317
600426,2008-07,-0.9231,4,3,6,4.333333333333333,1.247219128924647,0.01013672725206552,0.9709505944546686,1.247219128924647
600426,2008-10,0.3604,1,1,3,1.6666666666666667,0.9428090415820634,0.036160391661783364,0.4689955935892812,0.9428090415820634
600426,2009-01,-1.5806,4,4,3,3.6666666666666665,0.4714045207910317,0.0021766561578771704,0.9709505944546686,0.4714045207910317
600426,2009-04,-0.265,3,6,3,4.0,1.4142135623730951,0.014362591564146779,0.8812908992306927,1.4142135623730951
600426,2009-07,-0.23079999999999998,7,2,1,3.3333333333333335,2.6246692913372702,0.07480639925177693,0.8812908992306927,2.6246692913372702
600426,2009-10,0.7892,4,4,3,3.6666666666666665,0.4714045207910317,0.0021766561578771704,0.9709505944546686,0.4714045207910317
600426,2010-01,-0.0218,7,6,2,5.0,2.160246899469287,0.029236916052000086,0.8812908992306927,2.160246899469287
600426,2010-04,-0.5443,3,6,4,4.333333333333333,1.247219128924647,0.010136727252065516,0.8812908992306927,1.247219128924647
600426,2010-07,5.0,1,1,2,1.3333333333333333,0.4714045207910317,0.014362591564146779,0.4689955935892812,0.4714045207910317
600426,2010-10,-0.6869,4,1,1,2.0,1.4142135623730951,0.05663301226513251,0.9709505944546686,1.4142135623730951
600426,2011-01,9.454500000000001,4,3,2,3.0,0.816496580927726,0.009575061042764446,0.9709505944546686,0.816496580927726
600426,2011-04,-0.45049999999999996,2,1,1,1.3333333333333333,0.4714045207910317,0.014362591564146779,0.7219280948873623,0.4714045207910317
600426,2011-07,-0.3636,7,1,1,3.0,2.8284271247461903,0.10385139292108965,0.8812908992306927,2.8284271247461903
600426,2011-10,0.7097,2,1,2,1.6666666666666667,0.4714045207910317,0.011456875501600412,0.7219280948873623,0.4714045207910317
600426,2012-01,1.3333000000000002,1,1,2,1.3333333333333333,0.4714045207910317,0.014362591564146779,0.4689955935892812,0.4714045207910317
600426,2012-04,-1.625,1,1,1,1.0,0.0,0.0,0.4689955935892812,0.0
600426,2012-07,-0.4125,3,1,1,1.6666666666666667,0.9428090415820634,0.036160391661783364,0.8812908992306927,0.9428090415820634
600426,2012-10,-0.2273,5,7,1,4.333333333333333,2.494438257849294,0.056290543868119575,1.0,2.494438257849294
600426,2013-01,0.8286,7,6,3,5.333333333333333,1.699673171197595,0.014489122970023622,0.8812908992306927,1.699673171197595
600426,2013-04,0.4167,1,1,1,1.0,0.0,0.0,0.4689955935892812,0.0
600426,2013-07,0.1361,1,2,1,1.3333333333333333,0.4714045207910317,0.014362591564146779,0.4689955935892812,0.4714045207910317
600426,2013-10,0.22940000000000002,7,3,2,4.0,2.160246899469287,0.03440796157713285,0.8812908992306927,2.160246899469287
600426,2014-01,-0.07440000000000001,6,6,7,6.333333333333333,0.4714045207910317,0.0006758874784615638,0.9709505944546686,0.4714045207910317
600426,2014-04,0.21100000000000002,6,6,4,5.333333333333333,0.9428090415820634,0.004212595043515672,0.9709505944546686,0.9428090415820634
600426,2014-07,0.5,7,7,7,7.0,0.0,0.0,0.8812908992306927,0.0
600426,2014-10,1.3636000000000001,8,8,7,7.666666666666667,0.4714045207910317,0.000483684145855568,0.7219280948873623,0.4714045207910317
600426,2015-01,0.0435,1,1,1,1.0,0.0,0.0,0.4689955935892812,0.0
600426,2015-04,0.09449999999999999,6,2,2,3.3333333333333335,1.8856180831641267,0.036160391661783364,0.9709505944546686,1.8856180831641267
600426,2015-07,-0.3114,7,7,1,5.0,2.8284271247461903,0.05968032599346371,0.8812908992306927,2.8284271247461903
600426,2015-10,-0.0513,3,3,3,3.0,0.0,0.0,0.8812908992306927,0.0
600426,2016-01,0.1096,7,6,6,6.333333333333333,0.4714045207910317,0.0006758874784616383,0.8812908992306927,0.4714045207910317
600426,2016-04,-0.094,6,7,4,5.666666666666667,1.247219128924647,0.006454904945298079,0.9709505944546686,1.247219128924647
600426,2016-07,0.2389,5,3,4,4.0,0.816496580927726,0.00530599861166309,1.0,0.816496580927726
600426,2016-10,-0.0034000000000000002,7,8,7,7.333333333333333,0.4714045207910317,0.0005056809102375145,0.8812908992306927,0.4714045207910317
600426,2017-01,0.0705,6,8,7,7.0,0.816496580927726,0.0017108958982558105,0.9709505944546686,0.816496580927726
600426,2017-04,0.063,6,7,8,7.0,0.816496580927726,0.0017108958982558105,0.9709505944546686,0.816496580927726
600426,2017-07,-0.1558,8,8,7,7.666666666666667,0.4714045207910317,0.000483684145855568,0.7219280948873623,0.4714045207910317
600426,2017-10,-0.016,7,8,7,7.333333333333333,0.4714045207910317,0.0005056809102375145,0.8812908992306927,0.4714045207910317
600426,2018-01,-0.0269,7,8,7,7.333333333333333,0.4714045207910317,0.0005056809102375145,0.8812908992306927,0.4714045207910317
600426,2018-04,0.2379,4,6,7,5.666666666666667,1.247219128924647,0.006454904945298079,0.9709505944546686,1.247219128924647
600426,2018-07,-0.1407,6,6,7,6.333333333333333,0.4714045207910317,0.0006758874784615638,0.9709505944546686,0.4714045207910317
600426,2018-10,-0.1445,5,6,7,6.0,0.816496580927726,0.002333803387527431,1.0,0.816496580927726
600426,2019-01,0.2487,3,3,4,3.3333333333333335,0.4714045207910317,0.0023948438453058845,0.8812908992306927,0.4714045207910317
600426,2019-04,-0.1043,7,6,6,6.333333333333333,0.4714045207910317,0.0006758874784616383,0.8812908992306927,0.4714045207910317
600426,2019-07,0.1018,6,7,6,6.333333333333333,0.4714045207910317,0.0006758874784616383,0.9709505944546686,0.4714045207910317
600426,2019-10,0.10060000000000001,6,6,6,6.0,0.0,0.0,0.9709505944546686,0.0
600426,2020-01,-0.0975,7,8,7,7.333333333333333,0.4714045207910317,0.0005056809102375145,0.8812908992306927,0.4714045207910317
600426,2020-04,0.08869999999999999,4,4,6,4.666666666666667,0.9428090415820634,0.004817302157272868,0.9709505944546686,0.9428090415820634
600426,2020-07,0.19920000000000002,7,5,7,6.333333333333333,0.9428090415820634,0.002946330098012255,0.8812908992306927,0.9428090415820634
600426,2020-10,0.2842,6,6,7,6.333333333333333,0.4714045207910317,0.0006758874784615638,0.9709505944546686,0.4714045207910317
600426,2021-01,0.10210000000000001,8,8,7,7.666666666666667,0.4714045207910317,0.000483684145855568,0.7219280948873623,0.4714045207910317
600426,2021-04,-0.0647,5,6,7,6.0,0.816496580927726,0.002333803387527431,1.0,0.816496580927726
600426,2021-07,0.1978,7,7,7,7.0,0.0,0.0,0.8812908992306927,0.0
600426,2021-10,-0.0599,5,6,7,6.0,0.816496580927726,0.002333803387527431,1.0,0.816496580927726
600426,2022-01,0.1826,6,6,7,6.333333333333333,0.4714045207910317,0.0006758874784615638,0.9709505944546686,0.4714045207910317
600426,2022-04,-0.013300000000000001,6,4,7,5.666666666666667,1.247219128924647,0.006454904945298079,0.9709505944546686,1.247219128924647
600426,2022-07,0.024,5,5,6,5.333333333333333,0.4714045207910317,0.0009491787649267315,1.0,0.4714045207910317
600426,2022-10,0.298,5,4,6,5.0,0.816496580927726,0.0033729266193250444,1.0,0.816496580927726
600426,2023-01,0.0728,6,6,7,6.333333333333333,0.4714045207910317,0.0006758874784615638,0.9709505944546686,0.4714045207910317
600426,2023-04,-0.0915,6,6,7,6.333333333333333,0.4714045207910317,0.0006758874784615638,0.9709505944546686,0.4714045207910317
600426,2023-07,-0.0222,6,6,7,6.333333333333333,0.4714045207910317,0.0006758874784615638,0.9709505944546686,0.4714045207910317
600426,2023-10,-0.0755,6,4,7,5.666666666666667,1.247219128924647,0.006454904945298079,0.9709505944546686,1.247219128924647
600426,2024-01,0.1361,4,4,6,4.666666666666667,0.9428090415820634,0.004817302157272868,0.9709505944546686,0.9428090415820634
600426,2024-04,-0.0374,5,4,6,5.0,0.816496580927726,0.0033729266193250444,1.0,0.816496580927726
600426,2024-07,-0.0833,6,4,6,5.333333333333333,0.9428090415820634,0.004212595043515672,0.9709505944546686,0.9428090415820634
600426,2024-10,-0.0263,7,7,5,6.333333333333333,0.9428090415820634,0.002946330098012255,0.8812908992306927,0.9428090415820634
600436,2005-01,0.0276,5,5,7,5.666666666666667,0.9428090415820634,0.0032941013770045433,1.0,0.9428090415820634
600436,2005-04,-0.0043,6,6,7,6.333333333333333,0.4714045207910317,0.0006758874784615638,0.9709505944546686,0.4714045207910317
600436,2005-07,-0.0033,6,7,7,6.666666666666667,0.4714045207910317,0.0006420713965977487,0.9709505944546686,0.4714045207910317
600436,2005-10,-0.0034000000000000002,6,7,7,6.666666666666667,0.4714045207910317,0.0006420713965977487,0.9709505944546686,0.4714045207910317
600436,2006-01,0.0363,6,6,8,6.666666666666667,0.9428090415820634,0.0023948438453058845,0.9709505944546686,0.9428090415820634
600436,2006-04,-0.2875,7,7,8,7.333333333333333,0.4714045207910317,0.0005056809102375145,0.8812908992306927,0.4714045207910317
600436,2006-07,0.0508,5,4,6,5.0,0.816496580927726,0.0033729266193250444,1.0,0.816496580927726
600436,2006-10,0.0424,6,5,6,5.666666666666667,0.4714045207910317,0.0008932948130031191,0.9709505944546686,0.4714045207910317
600436,2007-01,-0.07719999999999999,7,7,6,6.666666666666667,0.4714045207910317,0.000642071396597733,0.8812908992306927,0.4714045207910317
600436,2007-04,0.0858,7,7,7,7.0,0.0,0.0,0.8812908992306927,0.0
600436,2007-07,0.0197,6,6,7,6.333333333333333,0.4714045207910317,0.0006758874784615638,0.9709505944546686,0.4714045207910317
600436,2007-10,-0.0725,4,6,7,5.666666666666667,1.247219128924647,0.006454904945298079,0.9709505944546686,1.247219128924647
600436,2008-01,-0.024300000000000002,7,7,7,7.0,0.0,0.0,0.8812908992306927,0.0
600436,2008-04,-0.1241,4,3,5,4.0,0.816496580927726,0.00530599861166309,0.9709505944546686,0.816496580927726
600436,2008-07,-0.1959,4,3,4,3.6666666666666665,0.4714045207910317,0.0021766561578771704,0.9709505944546686,0.4714045207910317
600436,2008-10,0.008199999999999999,4,4,4,4.0,0.0,0.0,0.9709505944546686,0.0
600436,2009-01,0.0373,7,6,4,5.666666666666667,1.247219128924647,0.006454904945298079,0.8812908992306927,1.247219128924647
600436,2009-04,0.0212,7,8,6,7.0,0.816496580927726,0.001710895898255767,0.8812908992306927,0.816496580927726
600436,2009-07,-0.0528,6,8,7,7.0,0.816496580927726,0.0017108958982558105,0.9709505944546686,0.816496580927726
600436,2009-10,0.1061,7,8,8,7.666666666666667,0.4714045207910317,0.000483684145855568,0.8812908992306927,0.4714045207910317
600436,2010-01,0.0452,6,6,8,6.666666666666667,0.9428090415820634,0.0023948438453058845,0.9709505944546686,0.9428090415820634
600436,2010-04,0.22260000000000002,4,4,7,5.0,1.4142135623730951,0.009292928204941,0.9709505944546686,1.4142135623730951
600436,2010-07,0.7313,3,3,6,4.0,1.4142135623730951,0.014362591564146779,0.8812908992306927,1.4142135623730951
600436,2010-10,6.6437,3,3,6,4.0,1.4142135623730951,0.014362591564146779,0.8812908992306927,1.4142135623730951
600436,2011-01,0.2675,6,3,3,4.0,1.4142135623730951,0.014362591564146779,0.9709505944546686,1.4142135623730951
600436,2011-04,0.1542,3,4,3,3.3333333333333335,0.4714045207910317,0.0023948438453058845,0.8812908992306927,0.4714045207910317
600436,2011-07,-0.1938,7,5,3,5.0,1.632993161855452,0.014003950467891324,0.8812908992306927,1.632993161855452
600436,2011-10,0.17300000000000001,3,4,6,4.333333333333333,1.247219128924647,0.01013672725206552,0.8812908992306927,1.247219128924647
600436,2012-01,0.2848,6,6,6,6.0,0.0,0.0,0.9709505944546686,0.0
600436,2012-04,0.7698,4,7,6,5.666666666666667,1.247219128924647,0.006454904945298079,0.9709505944546686,1.247219128924647
600436,2012-07,-0.0993,7,8,8,7.666666666666667,0.4714045207910317,0.000483684145855568,0.8812908992306927,0.4714045207910317
600436,2012-10,-0.1041,7,7,7,7.0,0.0,0.0,0.8812908992306927,0.0
600436,2013-01,0.2648,7,8,7,7.333333333333333,0.4714045207910317,0.0005056809102375145,0.8812908992306927,0.4714045207910317
600436,2013-04,-0.0304,7,8,7,7.333333333333333,0.4714045207910317,0.0005056809102375145,0.8812908992306927,0.4714045207910317
600436,2013-07,-0.0774,7,8,8,7.666666666666667,0.4714045207910317,0.000483684145855568,0.8812908992306927,0.4714045207910317
600436,2013-10,0.0027,6,7,8,7.0,0.816496580927726,0.0017108958982558105,0.9709505944546686,0.816496580927726
600436,2014-01,-0.0079,4,3,6,4.333333333333333,1.247219128924647,0.01013672725206552,0.9709505944546686,1.247219128924647
600436,2014-04,-0.0129,3,3,4,3.3333333333333335,0.4714045207910317,0.0023948438453058845,0.8812908992306927,0.4714045207910317
600436,2014-07,-0.1517,7,5,4,5.333333333333333,1.247219128924647,0.006684370996497373,0.8812908992306927,1.247219128924647
600436,2014-10,0.0009,7,7,6,6.666666666666667,0.4714045207910317,0.000642071396597733,0.8812908992306927,0.4714045207910317
600436,2015-01,0.0453,6,7,6,6.333333333333333,0.4714045207910317,0.0006758874784616383,0.9709505944546686,0.4714045207910317
600436,2015-04,0.6522,7,8,8,7.666666666666667,0.4714045207910317,0.000483684145855568,0.8812908992306927,0.4714045207910317
600436,2015-07,-0.2293,6,6,7,6.333333333333333,0.4714045207910317,0.0006758874784615638,0.9709505944546686,0.4714045207910317
600436,2015-10,-0.077,4,5,6,5.0,0.816496580927726,0.0033729266193250444,0.9709505944546686,0.816496580927726
600436,2016-01,-0.049699999999999994,7,7,7,7.0,0.0,0.0,0.8812908992306927,0.0
600436,2016-04,0.1265,6,8,6,6.666666666666667,0.9428090415820634,0.0023948438453058845,0.9709505944546686,0.9428090415820634
600436,2016-07,-0.1017,8,7,7,7.333333333333333,0.4714045207910317,0.0005056809102375145,0.7219280948873623,0.4714045207910317
600436,2016-10,-0.0067,6,7,7,6.666666666666667,0.4714045207910317,0.0006420713965977487,0.9709505944546686,0.4714045207910317
600436,2017-01,0.08439999999999999,4,6,6,5.333333333333333,0.9428090415820634,0.004212595043515672,0.9709505944546686,0.9428090415820634
600436,2017-04,-0.04,7,7,8,7.333333333333333,0.4714045207910317,0.0005056809102375145,0.8812908992306927,0.4714045207910317
600436,2017-07,-0.0408,7,8,8,7.666666666666667,0.4714045207910317,0.000483684145855568,0.8812908992306927,0.4714045207910317
600436,2017-10,-0.1112,7,7,7,7.0,0.0,0.0,0.8812908992306927,0.0
600436,2018-01,-0.0067,7,6,7,6.666666666666667,0.4714045207910317,0.0006420713965977487,0.8812908992306927,0.4714045207910317
600436,2018-04,0.2193,7,8,7,7.333333333333333,0.4714045207910317,0.0005056809102375145,0.8812908992306927,0.4714045207910317
600436,2018-07,-0.1183,7,7,8,7.333333333333333,0.4714045207910317,0.0005056809102375145,0.8812908992306927,0.4714045207910317
600436,2018-10,0.0575,5,7,7,6.333333333333333,0.9428090415820634,0.002946330098012255,1.0,0.9428090415820634
600436,2019-01,0.22820000000000001,6,6,7,6.333333333333333,0.4714045207910317,0.0006758874784615638,0.9709505944546686,0.4714045207910317
600436,2019-04,-0.0751,7,7,8,7.333333333333333,0.4714045207910317,0.0005056809102375145,0.8812908992306927,0.4714045207910317
600436,2019-07,-0.0461,7,8,7,7.333333333333333,0.4714045207910317,0.0005056809102375145,0.8812908992306927,0.4714045207910317
600436,2019-10,-0.0895,6,6,7,6.333333333333333,0.4714045207910317,0.0006758874784615638,0.9709505944546686,0.4714045207910317
600436,2020-01,-0.0737,7,7,7,7.0,0.0,0.0,0.8812908992306927,0.0
600436,2020-04,0.05,7,7,7,7.0,0.0,0.0,0.8812908992306927,0.0
600436,2020-07,0.2455,8,8,7,7.666666666666667,0.4714045207910317,0.000483684145855568,0.7219280948873623,0.4714045207910317
600436,2020-10,-0.0925,7,7,8,7.333333333333333,0.4714045207910317,0.0005056809102375145,0.8812908992306927,0.4714045207910317
600436,2021-01,-0.0037,7,8,7,7.333333333333333,0.4714045207910317,0.0005056809102375145,0.8812908992306927,0.4714045207910317
600436,2021-04,0.1354,6,7,8,7.0,0.816496580927726,0.0017108958982558105,0.9709505944546686,0.816496580927726
600436,2021-07,-0.053099999999999994,8,8,8,8.0,0.0,0.0,0.7219280948873623,0.0
600436,2021-10,0.08439999999999999,6,7,7,6.666666666666667,0.4714045207910317,0.0006420713965977487,0.9709505944546686,0.4714045207910317
600436,2022-01,0.011699999999999999,6,5,8,6.333333333333333,1.247219128924647,0.0047430824888307355,0.9709505944546686,1.247219128924647
600436,2022-04,0.012,4,4,7,5.0,1.4142135623730951,0.009292928204941,0.9709505944546686,1.4142135623730951
600436,2022-07,0.0183,7,6,6,6.333333333333333,0.4714045207910317,0.0006758874784616383,0.8812908992306927,0.4714045207910317
600436,2022-10,0.1225,4,4,5,4.333333333333333,0.4714045207910317,0.0014294885616036141,0.9709505944546686,0.4714045207910317
600436,2023-01,-0.0068000000000000005,7,6,6,6.333333333333333,0.4714045207910317,0.0006758874784616383,0.8812908992306927,0.4714045207910317
600436,2023-04,0.1222,5,6,6,5.666666666666667,0.4714045207910317,0.0008932948130031191,1.0,0.4714045207910317
600436,2023-07,-0.0481,6,4,6,5.333333333333333,0.9428090415820634,0.004212595043515672,0.9709505944546686,0.9428090415820634
600436,2023-10,0.0105,5,5,7,5.666666666666667,0.9428090415820634,0.0032941013770045433,1.0,0.9428090415820634
600436,2024-01,0.1225,6,4,6,5.333333333333333,0.9428090415820634,0.004212595043515672,0.9709505944546686,0.9428090415820634
600436,2024-04,-0.0444,6,6,6,6.0,0.0,0.0,0.9709505944546686,0.0
600436,2024-07,-0.02,5,4,6,5.0,0.816496580927726,0.0033729266193250444,1.0,0.816496580927726
600436,2024-10,-0.0054,7,8,6,7.0,0.816496580927726,0.001710895898255767,0.8812908992306927,0.816496580927726
600438,2005-01,0.0275,5,4,6,5.0,0.816496580927726,0.0033729266193250444,1.0,0.816496580927726
600438,2005-04,-0.0163,5,5,6,5.333333333333333,0.4714045207910317,0.0009491787649267315,1.0,0.4714045207910317
600438,2005-07,0.0064,6,6,6,6.0,0.0,0.0,0.9709505944546686,0.0
600438,2005-10,-0.0216,5,6,6,5.666666666666667,0.4714045207910317,0.0008932948130031191,1.0,0.4714045207910317
600438,2006-01,0.0231,6,6,6,6.0,0.0,0.0,0.9709505944546686,0.0
600438,2006-04,-0.0052,6,6,6,6.0,0.0,0.0,0.9709505944546686,0.0
600438,2006-07,0.0707,7,7,7,7.0,0.0,0.0,0.8812908992306927,0.0
600438,2006-10,0.1051,6,6,6,6.0,0.0,0.0,0.9709505944546686,0.0
600438,2007-01,0.25329999999999997,7,7,6,6.666666666666667,0.4714045207910317,0.000642071396597733,0.8812908992306927,0.4714045207910317
600438,2007-04,0.7258,6,7,6,6.333333333333333,0.4714045207910317,0.0006758874784616383,0.9709505944546686,0.4714045207910317
600438,2007-07,0.2816,2,1,2,1.6666666666666667,0.4714045207910317,0.011456875501600412,0.7219280948873623,0.4714045207910317
600438,2007-10,-1.6885,6,2,2,3.3333333333333335,1.8856180831641267,0.036160391661783364,0.9709505944546686,1.8856180831641267
600438,2008-01,3.4539,3,2,2,2.3333333333333335,0.4714045207910317,0.004817302157272943,0.8812908992306927,0.4714045207910317
600438,2008-04,0.0,4,2,1,2.3333333333333335,1.247219128924647,0.03635797646202721,0.9709505944546686,1.247219128924647
600438,2008-07,-1.3977000000000002,2,2,2,2.0,0.0,0.0,0.7219280948873623,0.0
600438,2008-10,0.1173,2,1,3,2.0,0.816496580927726,0.02254805037907019,0.7219280948873623,0.816496580927726
600438,2009-01,0.0642,4,4,3,3.6666666666666665,0.4714045207910317,0.0021766561578771704,0.9709505944546686,0.4714045207910317
600438,2009-04,0.0364,6,4,3,4.333333333333333,1.247219128924647,0.010136727252065516,0.9709505944546686,1.247219128924647
600438,2009-07,-1.1124,3,3,2,2.6666666666666665,0.4714045207910317,0.004212595043515672,0.8812908992306927,0.4714045207910317
600438,2009-10,0.7559999999999999,3,3,4,3.3333333333333335,0.4714045207910317,0.0023948438453058845,0.8812908992306927,0.4714045207910317
600438,2010-01,3.0,3,2,4,3.0,0.816496580927726,0.00957506104276447,0.8812908992306927,0.816496580927726
600438,2010-04,-0.1754,1,1,3,1.6666666666666667,0.9428090415820634,0.036160391661783364,0.4689955935892812,0.9428090415820634
600438,2010-07,0.2712,2,3,3,2.6666666666666665,0.4714045207910317,0.004212595043515672,0.7219280948873623,0.4714045207910317
600438,2010-10,0.12710000000000002,7,4,2,4.333333333333333,2.0548046676563256,0.02936434316506419,0.8812908992306927,2.0548046676563256
600438,2011-01,0.2662,4,5,6,5.0,0.816496580927726,0.0033729266193250444,0.9709505944546686,0.816496580927726
600438,2011-04,-0.19079999999999997,6,4,4,4.666666666666667,0.9428090415820634,0.004817302157272943,0.9709505944546686,0.9428090415820634
600438,2011-07,0.3204,4,4,4,4.0,0.0,0.0,0.9709505944546686,0.0
600438,2011-10,-0.10339999999999999,2,1,3,2.0,0.816496580927726,0.02254805037907019,0.7219280948873623,0.816496580927726
600438,2012-01,0.11939999999999999,4,3,3,3.3333333333333335,0.4714045207910317,0.0023948438453058845,0.9709505944546686,0.4714045207910317
600438,2012-04,-0.07139999999999999,5,4,4,4.333333333333333,0.4714045207910317,0.0014294885616036141,1.0,0.4714045207910317
600438,2012-07,-0.1567,7,7,4,6.0,1.4142135623730951,0.007732062599348774,0.8812908992306927,1.4142135623730951
600438,2012-10,0.050199999999999995,5,5,6,5.333333333333333,0.4714045207910317,0.0009491787649267315,1.0,0.4714045207910317
600438,2013-01,-0.0147,7,6,6,6.333333333333333,0.4714045207910317,0.0006758874784616383,0.8812908992306927,0.4714045207910317
600438,2013-04,0.1433,4,4,6,4.666666666666667,0.9428090415820634,0.004817302157272868,0.9709505944546686,0.9428090415820634
600438,2013-07,0.0677,4,4,6,4.666666666666667,0.9428090415820634,0.004817302157272868,0.9709505944546686,0.9428090415820634
600438,2013-10,0.06309999999999999,7,7,6,6.666666666666667,0.4714045207910317,0.000642071396597733,0.8812908992306927,0.4714045207910317
600438,2014-01,0.08960000000000001,6,7,7,6.666666666666667,0.4714045207910317,0.0006420713965977487,0.9709505944546686,0.4714045207910317
600438,2014-04,0.2126,4,5,6,5.0,0.816496580927726,0.0033729266193250444,0.9709505944546686,0.816496580927726
600438,2014-07,-0.0159,7,7,6,6.666666666666667,0.4714045207910317,0.000642071396597733,0.8812908992306927,0.4714045207910317
600438,2014-10,0.2708,5,6,6,5.666666666666667,0.4714045207910317,0.0008932948130031191,1.0,0.4714045207910317
600438,2015-01,18.625,3,3,4,3.3333333333333335,0.4714045207910317,0.0023948438453058845,0.8812908992306927,0.4714045207910317
600438,2015-07,-0.9661,4,3,3,3.3333333333333335,0.4714045207910317,0.0023948438453058845,0.9709505944546686,0.4714045207910317
600438,2015-10,0.7037,1,1,2,1.3333333333333333,0.4714045207910317,0.014362591564146779,0.4689955935892812,0.4714045207910317
600438,2016-01,2.6486,3,4,2,3.0,0.816496580927726,0.009575061042764446,0.8812908992306927,0.816496580927726
600438,2016-07,0.6667000000000001,6,4,3,4.333333333333333,1.247219128924647,0.010136727252065516,0.9709505944546686,1.247219128924647
600438,2016-10,0.6207,4,4,3,3.6666666666666665,0.4714045207910317,0.0021766561578771704,0.9709505944546686,0.4714045207910317
600438,2017-01,-0.0274,6,5,6,5.666666666666667,0.4714045207910317,0.0008932948130031191,0.9709505944546686,0.4714045207910317
600438,2017-04,-1.0,6,7,6,6.333333333333333,0.4714045207910317,0.0006758874784616383,0.9709505944546686,0.4714045207910317
600438,2017-07,0.213,2,3,2,2.3333333333333335,0.4714045207910317,0.004817302157272943,0.7219280948873623,0.4714045207910317
600438,2017-10,0.31670000000000004,3,4,1,2.6666666666666665,1.247219128924647,0.03356831678879539,0.8812908992306927,1.247219128924647
600438,2018-01,-0.2853,7,3,3,4.333333333333333,1.8856180831641267,0.021556318259027013,0.8812908992306927,1.8856180831641267
600438,2018-04,-0.0535,6,7,4,5.666666666666667,1.247219128924647,0.006454904945298079,0.9709505944546686,1.247219128924647
600438,2018-07,-0.3736,2,2,4,2.6666666666666665,0.9428090415820634,0.014362591564146779,0.7219280948873623,0.9428090415820634
600438,2018-10,1.8246,6,4,4,4.666666666666667,0.9428090415820634,0.004817302157272943,0.9709505944546686,0.9428090415820634
600438,2019-01,0.32799999999999996,7,6,4,5.666666666666667,1.247219128924647,0.006454904945298079,0.8812908992306927,1.247219128924647
600438,2019-04,0.1432,7,6,6,6.333333333333333,0.4714045207910317,0.0006758874784616383,0.8812908992306927,0.4714045207910317
600438,2019-07,0.0095,6,6,6,6.0,0.0,0.0,0.9709505944546686,0.0
600438,2019-10,0.0499,4,4,6,4.666666666666667,0.9428090415820634,0.004817302157272868,0.9709505944546686,0.9428090415820634
600438,2020-01,0.4396,6,5,7,6.0,0.816496580927726,0.002333803387527431,0.9709505944546686,0.816496580927726
600438,2020-04,-0.1219,3,3,4,3.3333333333333335,0.4714045207910317,0.0023948438453058845,0.8812908992306927,0.4714045207910317
600438,2020-07,-0.1295,6,7,6,6.333333333333333,0.4714045207910317,0.0006758874784616383,0.9709505944546686,0.4714045207910317
600438,2020-10,0.0039000000000000003,7,7,6,6.666666666666667,0.4714045207910317,0.000642071396597733,0.8812908992306927,0.4714045207910317
600438,2021-01,0.0239,7,7,6,6.666666666666667,0.4714045207910317,0.000642071396597733,0.8812908992306927,0.4714045207910317
600438,2021-04,0.16949999999999998,4,4,6,4.666666666666667,0.9428090415820634,0.004817302157272868,0.9709505944546686,0.9428090415820634
600438,2021-07,0.4612,7,7,6,6.666666666666667,0.4714045207910317,0.000642071396597733,0.8812908992306927,0.4714045207910317
600438,2021-10,-0.23420000000000002,5,6,6,5.666666666666667,0.4714045207910317,0.0008932948130031191,1.0,0.4714045207910317
600438,2022-01,0.1698,4,5,6,5.0,0.816496580927726,0.0033729266193250444,0.9709505944546686,0.816496580927726
600438,2022-04,0.13720000000000002,5,4,6,5.0,0.816496580927726,0.0033729266193250444,1.0,0.816496580927726
600438,2022-07,-0.018600000000000002,7,7,7,7.0,0.0,0.0,0.8812908992306927,0.0
600438,2022-10,-0.0045000000000000005,4,5,5,4.666666666666667,0.4714045207910317,0.0013272465907683984,0.9709505944546686,0.4714045207910317
600438,2023-01,-0.008100000000000001,4,4,5,4.333333333333333,0.4714045207910317,0.0014294885616036141,0.9709505944546686,0.4714045207910317
600438,2023-04,-0.079,5,4,6,5.0,0.816496580927726,0.0033729266193250444,1.0,0.816496580927726
600438,2023-07,-0.0802,5,5,5,5.0,0.0,0.0,1.0,0.0
600438,2023-10,-0.1061,5,5,5,5.0,0.0,0.0,1.0,0.0
600438,2024-01,0.1429,5,5,5,5.0,0.0,0.0,1.0,0.0
600438,2024-04,0.063,5,4,6,5.0,0.816496580927726,0.0033729266193250444,1.0,0.816496580927726
600438,2024-07,0.048499999999999995,4,4,5,4.333333333333333,0.4714045207910317,0.0014294885616036141,0.9709505944546686,0.4714045207910317
600438,2024-10,-0.1073,7,6,5,6.0,0.816496580927726,0.002333803387527431,0.8812908992306927,0.816496580927726
600460,2005-01,0.5845,5,4,5,4.666666666666667,0.4714045207910317,0.0013272465907683984,1.0,0.4714045207910317
600460,2005-04,-0.2727,6,4,5,5.0,0.816496580927726,0.0033729266193250444,0.9709505944546686,0.816496580927726
600460,2005-07,0.314,6,7,5,6.0,0.816496580927726,0.002333803387527431,0.9709505944546686,0.816496580927726
600460,2005-10,-0.3072,6,7,5,6.0,0.816496580927726,0.002333803387527431,0.9709505944546686,0.816496580927726
600460,2006-01,-0.069,6,7,6,6.333333333333333,0.4714045207910317,0.0006758874784616383,0.9709505944546686,0.4714045207910317
600460,2006-04,0.1818,4,4,4,4.0,0.0,0.0,0.9709505944546686,0.0
600460,2006-07,-0.021099999999999997,7,7,7,7.0,0.0,0.0,0.8812908992306927,0.0
600460,2006-10,0.045599999999999995,6,7,6,6.333333333333333,0.4714045207910317,0.0006758874784616383,0.9709505944546686,0.4714045207910317
600460,2007-01,0.1771,4,4,6,4.666666666666667,0.9428090415820634,0.004817302157272868,0.9709505944546686,0.9428090415820634
600460,2007-04,-0.0747,7,7,7,7.0,0.0,0.0,0.8812908992306927,0.0
600460,2007-07,0.0246,3,4,5,4.0,0.816496580927726,0.00530599861166309,0.8812908992306927,0.816496580927726
600460,2007-10,-0.0152,6,4,6,5.333333333333333,0.9428090415820634,0.004212595043515672,0.9709505944546686,0.9428090415820634
600460,2008-01,0.030600000000000002,7,7,6,6.666666666666667,0.4714045207910317,0.000642071396597733,0.8812908992306927,0.4714045207910317
600460,2008-04,-0.0435,4,4,5,4.333333333333333,0.4714045207910317,0.0014294885616036141,0.9709505944546686,0.4714045207910317
600460,2008-07,-0.35,3,2,4,3.0,0.816496580927726,0.00957506104276447,0.8812908992306927,0.816496580927726
600460,2008-10,0.3448,4,3,4,3.6666666666666665,0.4714045207910317,0.0021766561578771704,0.9709505944546686,0.4714045207910317
600460,2009-01,0.23079999999999998,5,4,3,4.0,0.816496580927726,0.00530599861166309,1.0,0.816496580927726
600460,2009-04,0.1124,7,7,4,6.0,1.4142135623730951,0.007732062599348774,0.8812908992306927,1.4142135623730951
600460,2009-07,-0.1604,6,7,6,6.333333333333333,0.4714045207910317,0.0006758874784616383,0.9709505944546686,0.4714045207910317
600460,2009-10,0.10279999999999999,6,7,7,6.666666666666667,0.4714045207910317,0.0006420713965977487,0.9709505944546686,0.4714045207910317
600460,2010-01,0.0362,7,8,7,7.333333333333333,0.4714045207910317,0.0005056809102375145,0.8812908992306927,0.4714045207910317
600460,2010-04,-0.052199999999999996,7,8,6,7.0,0.816496580927726,0.001710895898255767,0.8812908992306927,0.816496580927726
600460,2010-07,0.22579999999999997,6,7,7,6.666666666666667,0.4714045207910317,0.0006420713965977487,0.9709505944546686,0.4714045207910317
600460,2010-10,-0.0161,7,7,7,7.0,0.0,0.0,0.8812908992306927,0.0
600460,2011-01,0.1451,4,6,7,5.666666666666667,1.247219128924647,0.006454904945298079,0.9709505944546686,1.247219128924647
600460,2011-04,-0.1054,4,4,7,5.0,1.4142135623730951,0.009292928204941,0.9709505944546686,1.4142135623730951
600460,2011-07,-0.1066,6,4,6,5.333333333333333,0.9428090415820634,0.004212595043515672,0.9709505944546686,0.9428090415820634
600460,2011-10,-0.0123,3,3,4,3.3333333333333335,0.4714045207910317,0.0023948438453058845,0.8812908992306927,0.4714045207910317
600460,2012-01,0.1818,3,3,4,3.3333333333333335,0.4714045207910317,0.0023948438453058845,0.8812908992306927,0.4714045207910317
600460,2012-04,0.063,6,5,4,5.0,0.816496580927726,0.0033729266193250444,0.9709505944546686,0.816496580927726
600460,2012-07,0.1032,4,4,4,4.0,0.0,0.0,0.9709505944546686,0.0
600460,2012-10,-0.1609,4,4,4,4.0,0.0,0.0,0.9709505944546686,0.0
600460,2013-01,0.12619999999999998,6,5,5,5.333333333333333,0.4714045207910317,0.0009491787649267315,0.9709505944546686,0.4714045207910317
600460,2013-04,0.5627,5,5,5,5.0,0.0,0.0,1.0,0.0
600460,2013-07,0.0046,5,6,6,5.666666666666667,0.4714045207910317,0.0008932948130031191,1.0,0.4714045207910317
600460,2013-10,0.2,5,6,6,5.666666666666667,0.4714045207910317,0.0008932948130031191,1.0,0.4714045207910317
600460,2014-01,0.22219999999999998,4,5,7,5.333333333333333,1.247219128924647,0.006684370996497373,0.9709505944546686,1.247219128924647
600460,2014-04,0.041299999999999996,5,5,7,5.666666666666667,0.9428090415820634,0.0032941013770045433,1.0,0.9428090415820634
600460,2014-07,0.0331,6,7,7,6.666666666666667,0.4714045207910317,0.0006420713965977487,0.9709505944546686,0.4714045207910317
600460,2014-10,-0.005,6,7,7,6.666666666666667,0.4714045207910317,0.0006420713965977487,0.9709505944546686,0.4714045207910317
600460,2015-01,0.1073,4,4,6,4.666666666666667,0.9428090415820634,0.004817302157272868,0.9709505944546686,0.9428090415820634
600460,2015-04,0.23559999999999998,7,7,7,7.0,0.0,0.0,0.8812908992306927,0.0
600460,2015-07,-0.215,5,6,7,6.0,0.816496580927726,0.002333803387527431,1.0,0.816496580927726
600460,2015-10,0.3089,3,4,4,3.6666666666666665,0.4714045207910317,0.0021766561578771704,0.8812908992306927,0.4714045207910317
600460,2016-01,-0.0104,6,5,6,5.666666666666667,0.4714045207910317,0.0008932948130031191,0.9709505944546686,0.4714045207910317
600460,2016-04,0.3185,6,7,4,5.666666666666667,1.247219128924647,0.006454904945298079,0.9709505944546686,1.247219128924647
600460,2016-07,0.0369,7,6,5,6.0,0.816496580927726,0.002333803387527431,0.8812908992306927,0.816496580927726
600460,2016-10,0.0064,4,6,6,5.333333333333333,0.9428090415820634,0.004212595043515672,0.9709505944546686,0.9428090415820634
600460,2017-01,0.029900000000000003,4,4,5,4.333333333333333,0.4714045207910317,0.0014294885616036141,0.9709505944546686,0.4714045207910317
600460,2017-04,-0.049800000000000004,5,5,6,5.333333333333333,0.4714045207910317,0.0009491787649267315,1.0,0.4714045207910317
600460,2017-10,0.2396,7,8,7,7.333333333333333,0.4714045207910317,0.0005056809102375145,0.8812908992306927,0.4714045207910317
600460,2018-01,0.2582,7,8,7,7.333333333333333,0.4714045207910317,0.0005056809102375145,0.8812908992306927,0.4714045207910317
600460,2018-04,-0.1575,5,6,7,6.0,0.816496580927726,0.002333803387527431,1.0,0.816496580927726
600460,2018-07,-0.08039999999999999,4,4,7,5.0,1.4142135623730951,0.009292928204941,0.9709505944546686,1.4142135623730951
600460,2018-10,0.030699999999999998,4,3,5,4.0,0.816496580927726,0.00530599861166309,0.9709505944546686,0.816496580927726
600460,2019-01,0.1454,4,4,4,4.0,0.0,0.0,0.9709505944546686,0.0
600460,2019-04,0.1816,7,7,6,6.666666666666667,0.4714045207910317,0.000642071396597733,0.8812908992306927,0.4714045207910317
600460,2019-07,0.0169,5,6,7,6.0,0.816496580927726,0.002333803387527431,1.0,0.816496580927726
600460,2019-10,-0.0021,4,4,7,5.0,1.4142135623730951,0.009292928204941,0.9709505944546686,1.4142135623730951
600460,2020-01,0.0144,6,6,7,6.333333333333333,0.4714045207910317,0.0006758874784615638,0.9709505944546686,0.4714045207910317
600460,2020-04,0.0014000000000000002,4,4,5,4.333333333333333,0.4714045207910317,0.0014294885616036141,0.9709505944546686,0.4714045207910317
600460,2020-07,-0.16879999999999998,6,6,5,5.666666666666667,0.4714045207910317,0.0008932948130031191,0.9709505944546686,0.4714045207910317
600460,2020-10,0.0667,5,6,6,5.666666666666667,0.4714045207910317,0.0008932948130031191,1.0,0.4714045207910317
600460,2021-01,0.20559999999999998,7,8,6,7.0,0.816496580927726,0.001710895898255767,0.8812908992306927,0.816496580927726
600460,2021-04,0.1001,4,6,7,5.666666666666667,1.247219128924647,0.006454904945298079,0.9709505944546686,1.247219128924647
600460,2021-07,-0.2144,7,7,7,7.0,0.0,0.0,0.8812908992306927,0.0
600460,2021-10,0.006500000000000001,5,7,6,6.0,0.816496580927726,0.002333803387527431,1.0,0.816496580927726
600460,2022-01,0.12710000000000002,4,4,7,5.0,1.4142135623730951,0.009292928204941,0.9709505944546686,1.4142135623730951
600460,2022-04,0.0742,4,4,7,5.0,1.4142135623730951,0.009292928204941,0.9709505944546686,1.4142135623730951
600460,2022-07,-0.046799999999999994,6,6,5,5.666666666666667,0.4714045207910317,0.0008932948130031191,0.9709505944546686,0.4714045207910317
600460,2022-10,0.1663,3,3,4,3.3333333333333335,0.4714045207910317,0.0023948438453058845,0.8812908992306927,0.4714045207910317
600460,2023-01,-0.046,5,4,4,4.333333333333333,0.4714045207910317,0.0014294885616036141,1.0,0.4714045207910317
600460,2023-04,-0.0259,7,7,5,6.333333333333333,0.9428090415820634,0.002946330098012255,0.8812908992306927,0.9428090415820634
600460,2023-07,-0.1726,4,4,4,4.0,0.0,0.0,0.9709505944546686,0.0
600460,2023-10,-0.0040999999999999995,4,4,4,4.0,0.0,0.0,0.9709505944546686,0.0
600460,2024-01,0.1506,4,4,4,4.0,0.0,0.0,0.9709505944546686,0.0
600460,2024-04,-0.0204,4,4,4,4.0,0.0,0.0,0.9709505944546686,0.0
600460,2024-07,-0.1223,4,4,4,4.0,0.0,0.0,0.9709505944546686,0.0
600460,2024-10,-0.1092,7,7,6,6.666666666666667,0.4714045207910317,0.000642071396597733,0.8812908992306927,0.4714045207910317
600482,2005-01,0.4384,4,4,6,4.666666666666667,0.9428090415820634,0.004817302157272868,0.9709505944546686,0.9428090415820634
600482,2005-04,0.0729,5,5,5,5.0,0.0,0.0,1.0,0.0
600482,2005-07,0.377,6,6,5,5.666666666666667,0.4714045207910317,0.0008932948130031191,0.9709505944546686,0.4714045207910317
600482,2005-10,-0.1066,7,8,5,6.666666666666667,1.247219128924647,0.004605278650825295,0.8812908992306927,1.247219128924647
600482,2006-01,-0.5093,6,8,7,7.0,0.816496580927726,0.0017108958982558105,0.9709505944546686,0.816496580927726
600482,2006-04,0.12380000000000001,6,5,5,5.333333333333333,0.4714045207910317,0.0009491787649267315,0.9709505944546686,0.4714045207910317
600482,2006-07,-0.08810000000000001,6,5,6,5.666666666666667,0.4714045207910317,0.0008932948130031191,0.9709505944546686,0.4714045207910317
600482,2006-10,-0.011000000000000001,6,7,5,6.0,0.816496580927726,0.002333803387527431,0.9709505944546686,0.816496580927726
600482,2007-01,0.3504,6,5,5,5.333333333333333,0.4714045207910317,0.0009491787649267315,0.9709505944546686,0.4714045207910317
600482,2007-04,0.0239,7,7,7,7.0,0.0,0.0,0.8812908992306927,0.0
600482,2007-07,0.7606999999999999,7,7,6,6.666666666666667,0.4714045207910317,0.000642071396597733,0.8812908992306927,0.4714045207910317
600482,2007-10,-0.23829999999999998,7,7,3,5.666666666666667,1.8856180831641267,0.01639998447673846,0.8812908992306927,1.8856180831641267
600482,2008-01,0.0471,7,8,6,7.0,0.816496580927726,0.001710895898255767,0.8812908992306927,0.816496580927726
600482,2008-04,-0.1119,4,3,6,4.333333333333333,1.247219128924647,0.01013672725206552,0.9709505944546686,1.247219128924647
600482,2008-07,-0.3147,3,2,4,3.0,0.816496580927726,0.00957506104276447,0.8812908992306927,0.816496580927726
600482,2008-10,0.764,4,3,3,3.3333333333333335,0.4714045207910317,0.0023948438453058845,0.9709505944546686,0.4714045207910317
600482,2009-01,0.29469999999999996,4,3,3,3.3333333333333335,0.4714045207910317,0.0023948438453058845,0.9709505944546686,0.4714045207910317
600482,2009-04,-0.0843,6,7,4,5.666666666666667,1.247219128924647,0.006454904945298079,0.9709505944546686,1.247219128924647
600482,2009-07,-0.327,5,6,6,5.666666666666667,0.4714045207910317,0.0008932948130031191,1.0,0.4714045207910317
600482,2009-10,0.07400000000000001,5,6,6,5.666666666666667,0.4714045207910317,0.0008932948130031191,1.0,0.4714045207910317
600482,2010-01,0.0591,5,4,6,5.0,0.816496580927726,0.0033729266193250444,1.0,0.816496580927726
600482,2010-04,0.28559999999999997,6,6,5,5.666666666666667,0.4714045207910317,0.0008932948130031191,0.9709505944546686,0.4714045207910317
600482,2010-07,0.1681,4,4,5,4.333333333333333,0.4714045207910317,0.0014294885616036141,0.9709505944546686,0.4714045207910317
600482,2010-10,-0.1266,6,6,7,6.333333333333333,0.4714045207910317,0.0006758874784615638,0.9709505944546686,0.4714045207910317
600482,2011-01,0.1528,4,6,6,5.333333333333333,0.9428090415820634,0.004212595043515672,0.9709505944546686,0.9428090415820634
600482,2011-04,-0.12789999999999999,6,6,6,6.0,0.0,0.0,0.9709505944546686,0.0
600482,2011-07,-0.1073,6,6,7,6.333333333333333,0.4714045207910317,0.0006758874784615638,0.9709505944546686,0.4714045207910317
600482,2011-10,-0.1076,3,3,4,3.3333333333333335,0.4714045207910317,0.0023948438453058845,0.8812908992306927,0.4714045207910317
600482,2012-01,0.13970000000000002,3,3,4,3.3333333333333335,0.4714045207910317,0.0023948438453058845,0.8812908992306927,0.4714045207910317
600482,2012-04,0.0264,6,4,4,4.666666666666667,0.9428090415820634,0.004817302157272943,0.9709505944546686,0.9428090415820634
600482,2012-07,0.025,4,5,4,4.333333333333333,0.4714045207910317,0.0014294885616036141,0.9709505944546686,0.4714045207910317
600482,2012-10,-0.1863,6,5,4,5.0,0.816496580927726,0.0033729266193250444,0.9709505944546686,0.816496580927726
600482,2013-01,0.067,7,6,5,6.0,0.816496580927726,0.002333803387527431,0.8812908992306927,0.816496580927726
600482,2013-04,0.2384,6,6,5,5.666666666666667,0.4714045207910317,0.0008932948130031191,0.9709505944546686,0.4714045207910317
600482,2013-07,0.1535,4,3,4,3.6666666666666665,0.4714045207910317,0.0021766561578771704,0.9709505944546686,0.4714045207910317
600482,2013-10,0.1809,7,8,6,7.0,0.816496580927726,0.001710895898255767,0.8812908992306927,0.816496580927726
600482,2014-01,0.1709,4,6,7,5.666666666666667,1.247219128924647,0.006454904945298079,0.9709505944546686,1.247219128924647
600482,2014-04,0.017,6,5,7,6.0,0.816496580927726,0.002333803387527431,0.9709505944546686,0.816496580927726
600482,2014-07,0.1519,6,7,7,6.666666666666667,0.4714045207910317,0.0006420713965977487,0.9709505944546686,0.4714045207910317
600482,2014-10,-0.0066,7,8,7,7.333333333333333,0.4714045207910317,0.0005056809102375145,0.8812908992306927,0.4714045207910317
600482,2015-01,0.0825,4,5,6,5.0,0.816496580927726,0.0033729266193250444,0.9709505944546686,0.816496580927726
600482,2015-04,0.8903,7,8,7,7.333333333333333,0.4714045207910317,0.0005056809102375145,0.8812908992306927,0.4714045207910317
600482,2015-10,0.16510000000000002,6,7,6,6.333333333333333,0.4714045207910317,0.0006758874784616383,0.9709505944546686,0.4714045207910317
600482,2016-01,-0.028900000000000002,6,8,7,7.0,0.816496580927726,0.0017108958982558105,0.9709505944546686,0.816496580927726
600482,2016-04,-0.06559999999999999,6,5,6,5.666666666666667,0.4714045207910317,0.0008932948130031191,0.9709505944546686,0.4714045207910317
600482,2016-07,-0.0073,6,5,7,6.0,0.816496580927726,0.002333803387527431,0.9709505944546686,0.816496580927726
600482,2016-10,-0.026099999999999998,5,6,6,5.666666666666667,0.4714045207910317,0.0008932948130031191,1.0,0.4714045207910317
600482,2017-01,0.0192,4,4,4,4.0,0.0,0.0,0.9709505944546686,0.0
600482,2017-04,-0.1909,6,5,6,5.666666666666667,0.4714045207910317,0.0008932948130031191,0.9709505944546686,0.4714045207910317
600482,2017-07,0.0556,4,5,4,4.333333333333333,0.4714045207910317,0.0014294885616036141,0.9709505944546686,0.4714045207910317
600482,2017-10,-0.036699999999999997,5,4,5,4.666666666666667,0.4714045207910317,0.0013272465907683984,1.0,0.4714045207910317
600482,2018-01,0.0687,4,4,6,4.666666666666667,0.9428090415820634,0.004817302157272868,0.9709505944546686,0.9428090415820634
600482,2018-04,-0.044500000000000005,5,4,5,4.666666666666667,0.4714045207910317,0.0013272465907683984,1.0,0.4714045207910317
600482,2018-07,0.049699999999999994,3,3,4,3.3333333333333335,0.4714045207910317,0.0023948438453058845,0.8812908992306927,0.4714045207910317
600482,2018-10,0.10099999999999999,7,6,5,6.0,0.816496580927726,0.002333803387527431,0.8812908992306927,0.816496580927726
600482,2019-01,0.1355,4,6,5,5.0,0.816496580927726,0.0033729266193250444,0.9709505944546686,0.816496580927726
600482,2019-04,-0.0647,7,7,7,7.0,0.0,0.0,0.8812908992306927,0.0
600482,2019-07,-0.0085,6,7,7,6.666666666666667,0.4714045207910317,0.0006420713965977487,0.9709505944546686,0.4714045207910317
600482,2019-10,0.0496,4,4,5,4.333333333333333,0.4714045207910317,0.0014294885616036141,0.9709505944546686,0.4714045207910317
600482,2020-01,-0.13390000000000002,4,4,5,4.333333333333333,0.4714045207910317,0.0014294885616036141,0.9709505944546686,0.4714045207910317
600482,2020-04,-0.0358,4,4,4,4.0,0.0,0.0,0.9709505944546686,0.0
600482,2020-07,0.024399999999999998,5,4,4,4.333333333333333,0.4714045207910317,0.0014294885616036141,1.0,0.4714045207910317
600482,2020-10,0.0191,5,5,5,5.0,0.0,0.0,1.0,0.0
600482,2021-01,-0.0767,6,6,5,5.666666666666667,0.4714045207910317,0.0008932948130031191,0.9709505944546686,0.4714045207910317
600482,2021-04,0.0179,4,4,6,4.666666666666667,0.9428090415820634,0.004817302157272868,0.9709505944546686,0.9428090415820634
600482,2021-07,0.20129999999999998,5,5,6,5.333333333333333,0.4714045207910317,0.0009491787649267315,1.0,0.4714045207910317
600482,2021-10,0.0535,5,6,6,5.666666666666667,0.4714045207910317,0.0008932948130031191,1.0,0.4714045207910317
600482,2022-01,0.0403,6,7,6,6.333333333333333,0.4714045207910317,0.0006758874784616383,0.9709505944546686,0.4714045207910317
600482,2022-04,0.1155,4,4,5,4.333333333333333,0.4714045207910317,0.0014294885616036141,0.9709505944546686,0.4714045207910317
600482,2022-07,-0.0203,4,4,5,4.333333333333333,0.4714045207910317,0.0014294885616036141,0.9709505944546686,0.4714045207910317
600482,2022-10,0.0096,4,4,5,4.333333333333333,0.4714045207910317,0.0014294885616036141,0.9709505944546686,0.4714045207910317
600482,2023-01,0.0285,5,4,5,4.666666666666667,0.4714045207910317,0.0013272465907683984,1.0,0.4714045207910317
600482,2023-04,0.087,6,6,6,6.0,0.0,0.0,0.9709505944546686,0.0
600482,2023-07,-0.122,7,8,7,7.333333333333333,0.4714045207910317,0.0005056809102375145,0.8812908992306927,0.4714045207910317
600482,2023-10,-0.014199999999999999,4,6,6,5.333333333333333,0.9428090415820634,0.004212595043515672,0.9709505944546686,0.9428090415820634
600482,2024-01,0.1605,6,4,6,5.333333333333333,0.9428090415820634,0.004212595043515672,0.9709505944546686,0.9428090415820634
600482,2024-04,-0.006500000000000001,6,6,7,6.333333333333333,0.4714045207910317,0.0006758874784615638,0.9709505944546686,0.4714045207910317
600482,2024-07,-0.056900000000000006,5,6,5,5.333333333333333,0.4714045207910317,0.0009491787649267315,1.0,0.4714045207910317
600482,2024-10,-0.0464,7,7,7,7.0,0.0,0.0,0.8812908992306927,0.0
600489,2005-01,0.3077,4,4,5,4.333333333333333,0.4714045207910317,0.0014294885616036141,0.9709505944546686,0.4714045207910317
600489,2005-04,-0.3333,3,4,5,4.0,0.816496580927726,0.00530599861166309,0.8812908992306927,0.816496580927726
600489,2005-07,0.2121,6,4,4,4.666666666666667,0.9428090415820634,0.004817302157272943,0.9709505944546686,0.9428090415820634
600489,2005-10,-0.0345,7,7,5,6.333333333333333,0.9428090415820634,0.002946330098012255,0.8812908992306927,0.9428090415820634
600489,2006-01,-0.25,7,7,4,6.0,1.4142135623730951,0.007732062599348774,0.8812908992306927,1.4142135623730951
600489,2006-04,0.5809000000000001,3,3,6,4.0,1.4142135623730951,0.014362591564146779,0.8812908992306927,1.4142135623730951
600489,2006-07,-0.0252,6,3,4,4.333333333333333,1.247219128924647,0.010136727252065516,0.9709505944546686,1.247219128924647
600489,2006-10,0.72,4,6,4,4.666666666666667,0.9428090415820634,0.004817302157272943,0.9709505944546686,0.9428090415820634
600489,2007-01,1.121,6,4,6,5.333333333333333,0.9428090415820634,0.004212595043515672,0.9709505944546686,0.9428090415820634
600489,2007-04,-0.11109999999999999,6,6,7,6.333333333333333,0.4714045207910317,0.0006758874784615638,0.9709505944546686,0.4714045207910317
600489,2007-07,0.6748999999999999,7,7,7,7.0,0.0,0.0,0.8812908992306927,0.0
600489,2007-10,-0.35100000000000003,6,7,7,6.666666666666667,0.4714045207910317,0.0006420713965977487,0.9709505944546686,0.4714045207910317
600489,2008-01,-0.004699999999999999,6,8,6,6.666666666666667,0.9428090415820634,0.0023948438453058845,0.9709505944546686,0.9428090415820634
600489,2008-04,0.1149,4,3,6,4.333333333333333,1.247219128924647,0.01013672725206552,0.9709505944546686,1.247219128924647
600489,2008-07,-0.3986,3,3,5,3.6666666666666665,0.9428090415820634,0.00771594541165983,0.8812908992306927,0.9428090415820634
600489,2008-10,0.29510000000000003,6,5,3,4.666666666666667,1.247219128924647,0.0097112135713919,0.9709505944546686,1.247219128924647
600489,2009-01,0.4853,7,6,4,5.666666666666667,1.247219128924647,0.006454904945298079,0.8812908992306927,1.247219128924647
600489,2009-04,0.3251,8,8,5,7.0,1.4142135623730951,0.0055753121953537104,0.7219280948873623,1.4142135623730951
600489,2009-07,-0.2236,7,7,7,7.0,0.0,0.0,0.8812908992306927,0.0
600489,2009-10,0.067,5,7,7,6.333333333333333,0.9428090415820634,0.002946330098012255,1.0,0.9428090415820634
600489,2010-01,0.01,6,4,7,5.666666666666667,1.247219128924647,0.006454904945298079,0.9709505944546686,1.247219128924647
600489,2010-04,0.009899999999999999,4,4,7,5.0,1.4142135623730951,0.009292928204941,0.9709505944546686,1.4142135623730951
600489,2010-07,0.11470000000000001,5,4,6,5.0,0.816496580927726,0.0033729266193250444,1.0,0.816496580927726
600489,2010-10,-0.1161,8,8,7,7.666666666666667,0.4714045207910317,0.000483684145855568,0.7219280948873623,0.4714045207910317
600489,2011-01,0.0711,6,7,7,6.666666666666667,0.4714045207910317,0.0006420713965977487,0.9709505944546686,0.4714045207910317
600489,2011-04,-0.1293,5,4,7,5.333333333333333,1.247219128924647,0.006684370996497373,1.0,1.247219128924647
600489,2011-07,-0.0027,6,6,7,6.333333333333333,0.4714045207910317,0.0006758874784615638,0.9709505944546686,0.4714045207910317
600489,2011-10,-0.0176,4,3,5,4.0,0.816496580927726,0.00530599861166309,0.9709505944546686,0.816496580927726
600489,2012-01,0.0647,4,3,4,3.6666666666666665,0.4714045207910317,0.0021766561578771704,0.9709505944546686,0.4714045207910317
600489,2012-04,0.0025,5,4,5,4.666666666666667,0.4714045207910317,0.0013272465907683984,1.0,0.4714045207910317
600489,2012-07,-0.0194,5,6,5,5.333333333333333,0.4714045207910317,0.0009491787649267315,1.0,0.4714045207910317
600489,2012-10,-0.0571,7,8,7,7.333333333333333,0.4714045207910317,0.0005056809102375145,0.8812908992306927,0.4714045207910317
600489,2013-01,-0.06309999999999999,6,7,7,6.666666666666667,0.4714045207910317,0.0006420713965977487,0.9709505944546686,0.4714045207910317
600489,2013-04,-0.024300000000000002,4,4,6,4.666666666666667,0.9428090415820634,0.004817302157272868,0.9709505944546686,0.9428090415820634
600489,2013-07,0.1664,4,3,4,3.6666666666666665,0.4714045207910317,0.0021766561578771704,0.9709505944546686,0.4714045207910317
600489,2013-10,-0.0028000000000000004,5,4,4,4.333333333333333,0.4714045207910317,0.0014294885616036141,1.0,0.4714045207910317
600489,2014-01,0.0933,4,4,4,4.0,0.0,0.0,0.9709505944546686,0.0
600489,2014-04,-0.018500000000000003,4,4,5,4.333333333333333,0.4714045207910317,0.0014294885616036141,0.9709505944546686,0.4714045207910317
600489,2014-07,-0.048600000000000004,5,4,5,4.666666666666667,0.4714045207910317,0.0013272465907683984,1.0,0.4714045207910317
600489,2014-10,0.17859999999999998,7,6,6,6.333333333333333,0.4714045207910317,0.0006758874784616383,0.8812908992306927,0.4714045207910317
600489,2015-01,-0.036699999999999997,7,7,7,7.0,0.0,0.0,0.8812908992306927,0.0
600489,2015-04,-0.1042,7,8,7,7.333333333333333,0.4714045207910317,0.0005056809102375145,0.8812908992306927,0.4714045207910317
600489,2015-07,-0.0301,5,6,7,6.0,0.816496580927726,0.002333803387527431,1.0,0.816496580927726
600489,2015-10,-0.0542,4,4,5,4.333333333333333,0.4714045207910317,0.0014294885616036141,0.9709505944546686,0.4714045207910317
600489,2016-01,0.29309999999999997,7,5,5,5.666666666666667,0.9428090415820634,0.0032941013770045433,0.8812908992306927,0.9428090415820634
600489,2016-04,-0.09880000000000001,6,7,5,6.0,0.816496580927726,0.002333803387527431,0.9709505944546686,0.816496580927726
600489,2016-07,-0.0713,8,7,6,7.0,0.816496580927726,0.001710895898255767,0.7219280948873623,0.816496580927726
600489,2016-10,0.044000000000000004,5,6,7,6.0,0.816496580927726,0.002333803387527431,1.0,0.816496580927726
600489,2017-01,0.0321,4,6,7,5.666666666666667,1.247219128924647,0.006454904945298079,0.9709505944546686,1.247219128924647
600489,2017-04,-0.14859999999999998,5,4,7,5.333333333333333,1.247219128924647,0.006684370996497373,1.0,1.247219128924647
600489,2017-07,0.0223,5,4,5,4.666666666666667,0.4714045207910317,0.0013272465907683984,1.0,0.4714045207910317
600489,2017-10,-0.0409,5,4,5,4.666666666666667,0.4714045207910317,0.0013272465907683984,1.0,0.4714045207910317
600489,2018-01,-0.1354,6,5,5,5.333333333333333,0.4714045207910317,0.0009491787649267315,0.9709505944546686,0.4714045207910317
600489,2018-04,-0.0138,6,6,5,5.666666666666667,0.4714045207910317,0.0008932948130031191,0.9709505944546686,0.4714045207910317
600489,2018-07,-0.058499999999999996,4,3,4,3.6666666666666665,0.4714045207910317,0.0021766561578771704,0.9709505944546686,0.4714045207910317
600489,2018-10,-0.0125,6,5,5,5.333333333333333,0.4714045207910317,0.0009491787649267315,0.9709505944546686,0.4714045207910317
600489,2019-01,0.11800000000000001,7,7,6,6.666666666666667,0.4714045207910317,0.000642071396597733,0.8812908992306927,0.4714045207910317
600489,2019-04,0.0248,5,6,5,5.333333333333333,0.4714045207910317,0.0009491787649267315,1.0,0.4714045207910317
600489,2019-07,0.0519,7,8,7,7.333333333333333,0.4714045207910317,0.0005056809102375145,0.8812908992306927,0.4714045207910317
600489,2019-10,-0.057699999999999994,4,4,7,5.0,1.4142135623730951,0.009292928204941,0.9709505944546686,1.4142135623730951
600489,2020-01,0.0,7,6,5,6.0,0.816496580927726,0.002333803387527431,0.8812908992306927,0.816496580927726
600489,2020-04,0.127,5,4,6,5.0,0.816496580927726,0.0033729266193250444,1.0,0.816496580927726
600489,2020-07,-0.044500000000000005,6,6,5,5.666666666666667,0.4714045207910317,0.0008932948130031191,0.9709505944546686,0.4714045207910317
600489,2020-10,0.029300000000000003,5,6,6,5.666666666666667,0.4714045207910317,0.0008932948130031191,1.0,0.4714045207910317
600489,2021-01,0.1277,4,4,6,4.666666666666667,0.9428090415820634,0.004817302157272868,0.9709505944546686,0.9428090415820634
600489,2021-04,0.16620000000000001,4,4,6,4.666666666666667,0.9428090415820634,0.004817302157272868,0.9709505944546686,0.9428090415820634
600489,2021-07,0.0783,5,4,6,5.0,0.816496580927726,0.0033729266193250444,1.0,0.816496580927726
600489,2021-10,0.0014000000000000002,4,5,5,4.666666666666667,0.4714045207910317,0.0013272465907683984,0.9709505944546686,0.4714045207910317
600489,2022-01,0.12560000000000002,5,4,6,5.0,0.816496580927726,0.0033729266193250444,1.0,0.816496580927726
600489,2022-04,-0.0068000000000000005,4,4,6,4.666666666666667,0.9428090415820634,0.004817302157272868,0.9709505944546686,0.9428090415820634
600489,2022-07,0.0194,5,5,5,5.0,0.0,0.0,1.0,0.0
600489,2022-10,0.09720000000000001,5,5,6,5.333333333333333,0.4714045207910317,0.0009491787649267315,1.0,0.4714045207910317
600489,2023-01,0.0092,6,7,6,6.333333333333333,0.4714045207910317,0.0006758874784616383,0.9709505944546686,0.4714045207910317
600489,2023-04,-0.0636,8,8,7,7.666666666666667,0.4714045207910317,0.000483684145855568,0.7219280948873623,0.4714045207910317
600489,2023-07,0.0487,4,6,7,5.666666666666667,1.247219128924647,0.006454904945298079,0.9709505944546686,1.247219128924647
600489,2023-10,-0.0177,6,6,7,6.333333333333333,0.4714045207910317,0.0006758874784615638,0.9709505944546686,0.4714045207910317
600489,2024-01,0.1159,4,4,7,5.0,1.4142135623730951,0.009292928204941,0.9709505944546686,1.4142135623730951
600489,2024-04,0.1054,8,8,7,7.666666666666667,0.4714045207910317,0.000483684145855568,0.7219280948873623,0.4714045207910317
600489,2024-07,-0.1653,7,7,7,7.0,0.0,0.0,0.8812908992306927,0.0
600489,2024-10,-0.1247,7,7,7,7.0,0.0,0.0,0.8812908992306927,0.0
600515,2005-01,0.11359999999999999,4,4,4,4.0,0.0,0.0,0.9709505944546686,0.0
600515,2005-04,-0.22829999999999998,4,4,4,4.0,0.0,0.0,0.9709505944546686,0.0
600515,2005-07,0.4545,3,3,4,3.3333333333333335,0.4714045207910317,0.0023948438453058845,0.8812908992306927,0.4714045207910317
600515,2005-10,0.16899999999999998,5,4,4,4.333333333333333,0.4714045207910317,0.0014294885616036141,1.0,0.4714045207910317
600515,2006-01,0.087,4,4,4,4.0,0.0,0.0,0.9709505944546686,0.0
600515,2006-04,0.5625,4,4,4,4.0,0.0,0.0,0.9709505944546686,0.0
600515,2006-07,-0.1058,6,7,6,6.333333333333333,0.4714045207910317,0.0006758874784616383,0.9709505944546686,0.4714045207910317
600515,2006-10,0.09519999999999999,6,7,6,6.333333333333333,0.4714045207910317,0.0006758874784616383,0.9709505944546686,0.4714045207910317
600515,2007-01,2.593,6,7,6,6.333333333333333,0.4714045207910317,0.0006758874784616383,0.9709505944546686,0.4714045207910317
600515,2007-04,0.0663,7,7,7,7.0,0.0,0.0,0.8812908992306927,0.0
600515,2007-07,0.0753,4,4,4,4.0,0.0,0.0,0.9709505944546686,0.0
600515,2007-10,-0.1035,7,6,4,5.666666666666667,1.247219128924647,0.006454904945298079,0.8812908992306927,1.247219128924647
600515,2008-01,0.0429,6,7,6,6.333333333333333,0.4714045207910317,0.0006758874784616383,0.9709505944546686,0.4714045207910317
600515,2008-04,-0.396,3,3,6,4.0,1.4142135623730951,0.014362591564146779,0.8812908992306927,1.4142135623730951
600515,2008-07,-0.2151,3,2,3,2.6666666666666665,0.4714045207910317,0.004212595043515672,0.8812908992306927,0.4714045207910317
600515,2008-10,0.0781,3,2,3,2.6666666666666665,0.4714045207910317,0.004212595043515672,0.8812908992306927,0.4714045207910317
600515,2009-01,0.1338,6,4,3,4.333333333333333,1.247219128924647,0.010136727252065516,0.9709505944546686,1.247219128924647
600515,2009-04,0.1316,7,7,4,6.0,1.4142135623730951,0.007732062599348774,0.8812908992306927,1.4142135623730951
600515,2009-07,-0.08960000000000001,7,6,6,6.333333333333333,0.4714045207910317,0.0006758874784616383,0.8812908992306927,0.4714045207910317
600515,2009-10,0.2361,4,6,6,5.333333333333333,0.9428090415820634,0.004212595043515672,0.9709505944546686,0.9428090415820634
600515,2010-01,0.244,7,6,6,6.333333333333333,0.4714045207910317,0.0006758874784616383,0.8812908992306927,0.4714045207910317
600515,2010-04,-0.1825,7,7,6,6.666666666666667,0.4714045207910317,0.000642071396597733,0.8812908992306927,0.4714045207910317
600515,2010-07,0.0273,3,4,4,3.6666666666666665,0.4714045207910317,0.0021766561578771704,0.8812908992306927,0.4714045207910317
600515,2010-10,0.0301,5,3,6,4.666666666666667,1.247219128924647,0.0097112135713919,1.0,1.247219128924647
600515,2011-01,0.0146,5,6,4,5.0,0.816496580927726,0.0033729266193250444,1.0,0.816496580927726
600515,2011-04,-0.0398,4,4,4,4.0,0.0,0.0,0.9709505944546686,0.0
600515,2011-07,-0.036699999999999997,4,4,6,4.666666666666667,0.9428090415820634,0.004817302157272868,0.9709505944546686,0.9428090415820634
600515,2011-10,0.016200000000000003,4,4,4,4.0,0.0,0.0,0.9709505944546686,0.0
600515,2012-01,0.0833,3,2,4,3.0,0.816496580927726,0.00957506104276447,0.8812908992306927,0.816496580927726
600515,2012-04,0.0381,5,3,4,4.0,0.816496580927726,0.00530599861166309,1.0,0.816496580927726
600515,2012-07,0.2119,6,6,4,5.333333333333333,0.9428090415820634,0.004212595043515672,0.9709505944546686,0.9428090415820634
600515,2012-10,-0.09609999999999999,5,5,4,4.666666666666667,0.4714045207910317,0.0013272465907683984,1.0,0.4714045207910317
600515,2013-01,0.0537,6,7,6,6.333333333333333,0.4714045207910317,0.0006758874784616383,0.9709505944546686,0.4714045207910317
600515,2013-04,0.045899999999999996,7,7,6,6.666666666666667,0.4714045207910317,0.000642071396597733,0.8812908992306927,0.4714045207910317
600515,2013-07,0.2991,3,4,6,4.333333333333333,1.247219128924647,0.01013672725206552,0.8812908992306927,1.247219128924647
600515,2013-10,0.1663,5,4,6,5.0,0.816496580927726,0.0033729266193250444,1.0,0.816496580927726
600515,2014-01,0.2938,4,5,6,5.0,0.816496580927726,0.0033729266193250444,0.9709505944546686,0.816496580927726
600515,2014-04,0.0040999999999999995,6,6,4,5.333333333333333,0.9428090415820634,0.004212595043515672,0.9709505944546686,0.9428090415820634
600515,2014-07,-0.036000000000000004,5,5,5,5.0,0.0,0.0,1.0,0.0
600515,2014-10,0.0341,6,5,6,5.666666666666667,0.4714045207910317,0.0008932948130031191,0.9709505944546686,0.4714045207910317
600515,2015-01,0.050499999999999996,4,4,6,4.666666666666667,0.9428090415820634,0.004817302157272868,0.9709505944546686,0.9428090415820634
600515,2015-04,0.1761,7,7,6,6.666666666666667,0.4714045207910317,0.000642071396597733,0.8812908992306927,0.4714045207910317
600515,2016-01,0.0355,6,6,6,6.0,0.0,0.0,0.9709505944546686,0.0
600515,2016-04,-0.11900000000000001,6,6,6,6.0,0.0,0.0,0.9709505944546686,0.0
600515,2016-07,-0.013300000000000001,6,5,6,5.666666666666667,0.4714045207910317,0.0008932948130031191,0.9709505944546686,0.4714045207910317
600515,2016-10,-0.0209,4,4,4,4.0,0.0,0.0,0.9709505944546686,0.0
600515,2017-01,0.0483,4,4,4,4.0,0.0,0.0,0.9709505944546686,0.0
600515,2017-04,-0.11349999999999999,5,4,4,4.333333333333333,0.4714045207910317,0.0014294885616036141,1.0,0.4714045207910317
600515,2017-07,0.1496,5,4,4,4.333333333333333,0.4714045207910317,0.0014294885616036141,1.0,0.4714045207910317
600515,2017-10,-0.0239,7,7,6,6.666666666666667,0.4714045207910317,0.000642071396597733,0.8812908992306927,0.4714045207910317
600515,2018-01,-0.4702,4,4,5,4.333333333333333,0.4714045207910317,0.0014294885616036141,0.9709505944546686,0.4714045207910317
600515,2018-10,0.0286,4,4,3,3.6666666666666665,0.4714045207910317,0.0021766561578771704,0.9709505944546686,0.4714045207910317
600515,2019-01,0.2949,3,3,3,3.0,0.0,0.0,0.8812908992306927,0.0
600515,2019-04,-0.2183,7,5,4,5.333333333333333,1.247219128924647,0.006684370996497373,0.8812908992306927,1.247219128924647
600515,2019-07,-0.1074,5,6,4,5.0,0.816496580927726,0.0033729266193250444,1.0,0.816496580927726
600515,2019-10,-0.065,4,4,4,4.0,0.0,0.0,0.9709505944546686,0.0
600515,2020-01,0.011899999999999999,7,6,4,5.666666666666667,1.247219128924647,0.006454904945298079,0.8812908992306927,1.247219128924647
600515,2020-04,0.3256,6,7,5,6.0,0.816496580927726,0.002333803387527431,0.9709505944546686,0.816496580927726
600515,2020-07,0.08349999999999999,4,5,5,4.666666666666667,0.4714045207910317,0.0013272465907683984,0.9709505944546686,0.4714045207910317
600515,2020-10,0.028300000000000002,6,7,6,6.333333333333333,0.4714045207910317,0.0006758874784616383,0.9709505944546686,0.4714045207910317
600515,2021-01,0.0706,4,6,6,5.333333333333333,0.9428090415820634,0.004212595043515672,0.9709505944546686,0.9428090415820634
600515,2021-04,0.2519,6,4,6,5.333333333333333,0.9428090415820634,0.004212595043515672,0.9709505944546686,0.9428090415820634
600515,2021-07,0.0332,5,5,6,5.333333333333333,0.4714045207910317,0.0009491787649267315,1.0,0.4714045207910317
600515,2021-10,-0.0344,5,6,6,5.666666666666667,0.4714045207910317,0.0008932948130031191,1.0,0.4714045207910317
600515,2022-01,0.0516,3,3,4,3.3333333333333335,0.4714045207910317,0.0023948438453058845,0.8812908992306927,0.4714045207910317
600515,2022-04,-0.0506,4,3,4,3.6666666666666665,0.4714045207910317,0.0021766561578771704,0.9709505944546686,0.4714045207910317
600515,2022-07,0.1551,4,4,4,4.0,0.0,0.0,0.9709505944546686,0.0
600515,2022-10,0.0883,7,6,4,5.666666666666667,1.247219128924647,0.006454904945298079,0.8812908992306927,1.247219128924647
600515,2023-01,-0.0691,6,7,6,6.333333333333333,0.4714045207910317,0.0006758874784616383,0.9709505944546686,0.4714045207910317
600515,2023-04,-0.0616,6,7,6,6.333333333333333,0.4714045207910317,0.0006758874784616383,0.9709505944546686,0.4714045207910317
600515,2023-07,-0.061,4,3,6,4.333333333333333,1.247219128924647,0.01013672725206552,0.9709505944546686,1.247219128924647
600515,2023-10,0.0682,4,4,5,4.333333333333333,0.4714045207910317,0.0014294885616036141,0.9709505944546686,0.4714045207910317
600515,2024-01,0.0745,4,3,4,3.6666666666666665,0.4714045207910317,0.0021766561578771704,0.9709505944546686,0.4714045207910317
600515,2024-04,-0.0229,4,4,4,4.0,0.0,0.0,0.9709505944546686,0.0
600515,2024-07,-0.076,4,4,4,4.0,0.0,0.0,0.9709505944546686,0.0
600515,2024-10,0.0909,7,6,5,6.0,0.816496580927726,0.002333803387527431,0.8812908992306927,0.816496580927726
600519,2005-01,0.0046,6,5,7,6.0,0.816496580927726,0.002333803387527431,0.9709505944546686,0.816496580927726
600519,2005-04,-0.0096,6,6,7,6.333333333333333,0.4714045207910317,0.0006758874784615638,0.9709505944546686,0.4714045207910317
600519,2005-07,0.0068000000000000005,6,6,7,6.333333333333333,0.4714045207910317,0.0006758874784615638,0.9709505944546686,0.4714045207910317
600519,2005-10,-0.0060999999999999995,6,6,7,6.333333333333333,0.4714045207910317,0.0006758874784615638,0.9709505944546686,0.4714045207910317
600519,2006-01,0.0206,6,6,8,6.666666666666667,0.9428090415820634,0.0023948438453058845,0.9709505944546686,0.9428090415820634
600519,2006-04,0.009000000000000001,7,7,7,7.0,0.0,0.0,0.8812908992306927,0.0
600519,2006-07,0.0036,7,7,9,7.666666666666667,0.9428090415820634,0.001819648743986607,0.8812908992306927,0.9428090415820634
600519,2006-10,0.0414,6,7,8,7.0,0.816496580927726,0.0017108958982558105,0.9709505944546686,0.816496580927726
600519,2007-01,-0.055,8,8,9,8.333333333333334,0.4714045207910317,0.00039253737899664325,0.7219280948873623,0.4714045207910317
600519,2007-04,0.0225,6,8,8,7.333333333333333,0.9428090415820634,0.0021766561578771704,0.9709505944546686,0.9428090415820634
600519,2007-07,0.1201,7,8,8,7.666666666666667,0.4714045207910317,0.000483684145855568,0.8812908992306927,0.4714045207910317
600519,2007-10,-0.0898,6,7,8,7.0,0.816496580927726,0.0017108958982558105,0.9709505944546686,0.816496580927726
600519,2008-01,-0.0613,8,8,8,8.0,0.0,0.0,0.7219280948873623,0.0
600519,2008-04,-0.0739,5,6,8,6.333333333333333,1.247219128924647,0.0047430824888307355,1.0,1.247219128924647
600519,2008-07,-0.0883,4,3,6,4.333333333333333,1.247219128924647,0.01013672725206552,0.9709505944546686,1.247219128924647
600519,2008-10,0.032799999999999996,6,4,7,5.666666666666667,1.247219128924647,0.006454904945298079,0.9709505944546686,1.247219128924647
600519,2009-01,0.054000000000000006,6,6,6,6.0,0.0,0.0,0.9709505944546686,0.0
600519,2009-04,-0.0059,6,5,7,6.0,0.816496580927726,0.002333803387527431,0.9709505944546686,0.816496580927726
600519,2009-07,-0.0001,7,8,7,7.333333333333333,0.4714045207910317,0.0005056809102375145,0.8812908992306927,0.4714045207910317
600519,2009-10,0.0719,7,8,8,7.666666666666667,0.4714045207910317,0.000483684145855568,0.8812908992306927,0.4714045207910317
600519,2010-01,-0.0079,6,7,8,7.0,0.816496580927726,0.0017108958982558105,0.9709505944546686,0.816496580927726
600519,2010-04,0.011200000000000002,6,5,8,6.333333333333333,1.247219128924647,0.0047430824888307355,0.9709505944546686,1.247219128924647
600519,2010-07,0.0842,6,5,7,6.0,0.816496580927726,0.002333803387527431,0.9709505944546686,0.816496580927726
600519,2010-10,0.18960000000000002,8,7,7,7.333333333333333,0.4714045207910317,0.0005056809102375145,0.7219280948873623,0.4714045207910317
600519,2011-01,0.0034000000000000002,5,6,7,6.0,0.816496580927726,0.002333803387527431,1.0,0.816496580927726
600519,2011-04,0.1072,6,6,7,6.333333333333333,0.4714045207910317,0.0006758874784615638,0.9709505944546686,0.4714045207910317
600519,2011-07,0.057999999999999996,7,8,9,8.0,0.816496580927726,0.0013080587233326862,0.8812908992306927,0.816496580927726
600519,2011-10,0.0412,4,6,8,6.0,1.632993161855452,0.00957506104276447,0.9709505944546686,1.632993161855452
600519,2012-01,0.1131,5,4,7,5.333333333333333,1.247219128924647,0.006684370996497373,1.0,1.247219128924647
600519,2012-04,0.0998,6,6,8,6.666666666666667,0.9428090415820634,0.0023948438453058845,0.9709505944546686,0.9428090415820634
600519,2012-07,-0.2793,8,8,8,8.0,0.0,0.0,0.7219280948873623,0.0
600519,2012-10,-0.3312,7,8,7,7.333333333333333,0.4714045207910317,0.0005056809102375145,0.8812908992306927,0.4714045207910317
600519,2013-01,-0.0239,4,4,6,4.666666666666667,0.9428090415820634,0.004817302157272868,0.9709505944546686,0.9428090415820634
600519,2013-04,0.1376,4,4,6,4.666666666666667,0.9428090415820634,0.004817302157272868,0.9709505944546686,0.9428090415820634
600519,2013-07,0.0017000000000000001,7,6,6,6.333333333333333,0.4714045207910317,0.0006758874784616383,0.8812908992306927,0.4714045207910317
600519,2013-10,0.0316,4,4,4,4.0,0.0,0.0,0.9709505944546686,0.0
600519,2014-01,0.0876,5,4,6,5.0,0.816496580927726,0.0033729266193250444,1.0,0.816496580927726
600519,2014-04,-0.0621,7,7,7,7.0,0.0,0.0,0.8812908992306927,0.0
600519,2014-07,-0.014499999999999999,7,8,7,7.333333333333333,0.4714045207910317,0.0005056809102375145,0.8812908992306927,0.4714045207910317
600519,2014-10,-0.0058,7,8,8,7.666666666666667,0.4714045207910317,0.000483684145855568,0.8812908992306927,0.4714045207910317
600519,2015-01,0.1119,7,8,8,7.666666666666667,0.4714045207910317,0.000483684145855568,0.8812908992306927,0.4714045207910317
600519,2015-04,0.2376,7,8,8,7.666666666666667,0.4714045207910317,0.000483684145855568,0.8812908992306927,0.4714045207910317
600519,2015-07,-0.1822,6,6,8,6.666666666666667,0.9428090415820634,0.0023948438453058845,0.9709505944546686,0.9428090415820634
600519,2015-10,0.008100000000000001,3,3,4,3.3333333333333335,0.4714045207910317,0.0023948438453058845,0.8812908992306927,0.4714045207910317
600519,2016-01,0.2064,8,6,6,6.666666666666667,0.9428090415820634,0.0023948438453058845,0.7219280948873623,0.9428090415820634
600519,2016-04,0.7161,7,8,6,7.0,0.816496580927726,0.001710895898255767,0.8812908992306927,0.816496580927726
600519,2016-07,-0.059699999999999996,1,1,1,1.0,0.0,0.0,0.4689955935892812,0.0
600519,2016-10,0.0208,6,4,2,4.0,1.632993161855452,0.022548050379070088,0.9709505944546686,1.632993161855452
600519,2017-01,0.1266,7,7,3,5.666666666666667,1.8856180831641267,0.01639998447673846,0.8812908992306927,1.8856180831641267
600519,2017-04,0.19649999999999998,8,8,1,5.666666666666667,3.299831645537222,0.0648015563319029,0.7219280948873623,3.299831645537222
600519,2017-07,0.044199999999999996,8,8,1,5.666666666666667,3.299831645537222,0.0648015563319029,0.7219280948873623,3.299831645537222
600519,2017-10,0.0359,8,9,2,6.333333333333333,3.0912061651652345,0.039844207781843874,0.7219280948873623,3.0912061651652345
600519,2018-01,-0.0766,8,8,1,5.666666666666667,3.299831645537222,0.0648015563319029,0.7219280948873623,3.299831645537222
600519,2018-04,0.2184,6,7,7,6.666666666666667,0.4714045207910317,0.0006420713965977487,0.9709505944546686,0.4714045207910317
600519,2018-07,-0.1399,7,7,8,7.333333333333333,0.4714045207910317,0.0005056809102375145,0.8812908992306927,0.4714045207910317
600519,2018-10,0.053099999999999994,8,8,8,8.0,0.0,0.0,0.7219280948873623,0.0
600519,2019-01,0.1474,6,6,6,6.0,0.0,0.0,0.9709505944546686,0.0
600519,2019-04,-0.1153,8,8,8,8.0,0.0,0.0,0.7219280948873623,0.0
600519,2019-07,0.2285,8,8,8,8.0,0.0,0.0,0.7219280948873623,0.0
600519,2019-10,-0.0538,7,7,9,7.666666666666667,0.9428090415820634,0.001819648743986607,0.8812908992306927,0.9428090415820634
600519,2020-01,0.0051,7,8,9,8.0,0.816496580927726,0.0013080587233326862,0.8812908992306927,0.816496580927726
600519,2020-04,0.0975,7,7,8,7.333333333333333,0.4714045207910317,0.0005056809102375145,0.8812908992306927,0.4714045207910317
600519,2020-07,0.07400000000000001,8,8,9,8.333333333333334,0.4714045207910317,0.00039253737899664325,0.7219280948873623,0.4714045207910317
600519,2020-10,0.0301,6,7,9,7.333333333333333,1.247219128924647,0.003541744130303215,0.9709505944546686,1.247219128924647
600519,2021-01,0.0034999999999999996,8,8,9,8.333333333333334,0.4714045207910317,0.00039253737899664325,0.7219280948873623,0.4714045207910317
600519,2021-04,0.11779999999999999,6,7,9,7.333333333333333,1.247219128924647,0.003541744130303215,0.9709505944546686,1.247219128924647
600519,2021-07,-0.0815,6,6,8,6.666666666666667,0.9428090415820634,0.0023948438453058845,0.9709505944546686,0.9428090415820634
600519,2021-10,0.0642,7,7,7,7.0,0.0,0.0,0.8812908992306927,0.0
600519,2022-01,-0.0571,8,7,8,7.666666666666667,0.4714045207910317,0.000483684145855568,0.7219280948873623,0.4714045207910317
600519,2022-04,-0.0149,6,5,7,6.0,0.816496580927726,0.002333803387527431,0.9709505944546686,0.816496580927726
600519,2022-07,0.0148,8,7,7,7.333333333333333,0.4714045207910317,0.0005056809102375145,0.7219280948873623,0.4714045207910317
600519,2022-10,0.2116,6,7,7,6.666666666666667,0.4714045207910317,0.0006420713965977487,0.9709505944546686,0.4714045207910317
600519,2023-01,-0.0189,7,6,6,6.333333333333333,0.4714045207910317,0.0006758874784616383,0.8812908992306927,0.4714045207910317
600519,2023-04,-0.0818,7,6,8,7.0,0.816496580927726,0.0017108958982558105,0.8812908992306927,0.816496580927726
600519,2023-07,-0.0191,7,7,7,7.0,0.0,0.0,0.8812908992306927,0.0
600519,2023-10,0.06860000000000001,7,6,7,6.666666666666667,0.4714045207910317,0.0006420713965977487,0.8812908992306927,0.4714045207910317
600519,2024-01,0.0601,6,6,7,6.333333333333333,0.4714045207910317,0.0006758874784615638,0.9709505944546686,0.4714045207910317
600519,2024-04,-0.0354,6,6,7,6.333333333333333,0.4714045207910317,0.0006758874784615638,0.9709505944546686,0.4714045207910317
600519,2024-07,0.0163,4,4,7,5.0,1.4142135623730951,0.009292928204941,0.9709505944546686,1.4142135623730951
600519,2024-10,-0.0014000000000000002,8,8,7,7.666666666666667,0.4714045207910317,0.000483684145855568,0.7219280948873623,0.4714045207910317
600522,2005-01,0.2,5,4,6,5.0,0.816496580927726,0.0033729266193250444,1.0,0.816496580927726
600522,2005-04,0.0,2,2,6,3.3333333333333335,1.8856180831641267,0.036160391661783364,0.7219280948873623,1.8856180831641267
600522,2005-07,0.2073,4,3,4,3.6666666666666665,0.4714045207910317,0.0021766561578771704,0.9709505944546686,0.4714045207910317
600522,2005-10,-0.17190000000000003,6,4,6,5.333333333333333,0.9428090415820634,0.004212595043515672,0.9709505944546686,0.9428090415820634
600522,2006-01,-0.125,6,5,4,5.0,0.816496580927726,0.0033729266193250444,0.9709505944546686,0.816496580927726
600522,2006-04,-0.11289999999999999,4,4,5,4.333333333333333,0.4714045207910317,0.0014294885616036141,0.9709505944546686,0.4714045207910317
600522,2006-07,0.0339,7,7,6,6.666666666666667,0.4714045207910317,0.000642071396597733,0.8812908992306927,0.4714045207910317
600522,2006-10,0.26,7,7,6,6.666666666666667,0.4714045207910317,0.000642071396597733,0.8812908992306927,0.4714045207910317
600522,2007-01,1.0,7,7,7,7.0,0.0,0.0,0.8812908992306927,0.0
600522,2007-04,0.11960000000000001,7,7,7,7.0,0.0,0.0,0.8812908992306927,0.0
600522,2007-07,-0.09939999999999999,7,6,3,5.333333333333333,1.699673171197595,0.014489122970023622,0.8812908992306927,1.699673171197595
600522,2007-10,0.1837,5,6,3,4.666666666666667,1.247219128924647,0.0097112135713919,1.0,1.247219128924647
600522,2008-01,0.1591,7,8,4,6.333333333333333,1.699673171197595,0.009987340665783205,0.8812908992306927,1.699673171197595
600522,2008-04,0.10099999999999999,3,2,6,3.6666666666666665,1.699673171197595,0.02575266944219168,0.8812908992306927,1.699673171197595
600522,2008-07,-0.6047,3,2,4,3.0,0.816496580927726,0.00957506104276447,0.8812908992306927,0.816496580927726
600522,2008-10,0.9259000000000001,3,2,3,2.6666666666666665,0.4714045207910317,0.004212595043515672,0.8812908992306927,0.4714045207910317
600522,2009-01,0.16469999999999999,1,1,1,1.0,0.0,0.0,0.4689955935892812,0.0
600522,2009-04,-0.0323,7,2,1,3.3333333333333335,2.6246692913372702,0.07480639925177693,0.8812908992306927,2.6246692913372702
600522,2009-07,-0.1182,7,7,2,5.333333333333333,2.357022603955158,0.03162528845271663,0.8812908992306927,2.357022603955158
600522,2009-10,0.0941,7,8,3,6.0,2.160246899469287,0.019209548095934934,0.8812908992306927,2.160246899469287
600522,2010-01,-0.047400000000000005,7,7,7,7.0,0.0,0.0,0.8812908992306927,0.0
600522,2010-04,-0.23010000000000003,6,7,7,6.666666666666667,0.4714045207910317,0.0006420713965977487,0.9709505944546686,0.4714045207910317
600522,2010-07,0.135,4,3,4,3.6666666666666665,0.4714045207910317,0.0021766561578771704,0.9709505944546686,0.4714045207910317
600522,2010-10,0.0424,8,6,6,6.666666666666667,0.9428090415820634,0.0023948438453058845,0.7219280948873623,0.9428090415820634
600522,2011-01,0.1413,7,8,7,7.333333333333333,0.4714045207910317,0.0005056809102375145,0.8812908992306927,0.4714045207910317
600522,2011-04,-0.0443,4,5,6,5.0,0.816496580927726,0.0033729266193250444,0.9709505944546686,0.816496580927726
600522,2011-07,-0.11230000000000001,6,5,7,6.0,0.816496580927726,0.002333803387527431,0.9709505944546686,0.816496580927726
600522,2011-10,-0.1,4,3,4,3.6666666666666665,0.4714045207910317,0.0021766561578771704,0.9709505944546686,0.4714045207910317
600522,2012-01,0.1975,4,3,4,3.6666666666666665,0.4714045207910317,0.0021766561578771704,0.9709505944546686,0.4714045207910317
600522,2012-04,0.0368,5,4,5,4.666666666666667,0.4714045207910317,0.0013272465907683984,1.0,0.4714045207910317
600522,2012-07,0.1771,4,3,4,3.6666666666666665,0.4714045207910317,0.0021766561578771704,0.9709505944546686,0.4714045207910317
600522,2012-10,-0.2646,5,4,5,4.666666666666667,0.4714045207910317,0.0013272465907683984,1.0,0.4714045207910317
600522,2013-01,0.087,7,6,5,6.0,0.816496580927726,0.002333803387527431,0.8812908992306927,0.816496580927726
600522,2013-04,0.10310000000000001,6,6,5,5.666666666666667,0.4714045207910317,0.0008932948130031191,0.9709505944546686,0.4714045207910317
600522,2013-07,0.1588,4,4,6,4.666666666666667,0.9428090415820634,0.004817302157272868,0.9709505944546686,0.9428090415820634
600522,2013-10,0.1209,7,7,6,6.666666666666667,0.4714045207910317,0.000642071396597733,0.8812908992306927,0.4714045207910317
600522,2014-01,0.11470000000000001,5,7,7,6.333333333333333,0.9428090415820634,0.002946330098012255,1.0,0.9428090415820634
600522,2014-04,0.0824,5,5,7,5.666666666666667,0.9428090415820634,0.0032941013770045433,1.0,0.9428090415820634
600522,2014-07,0.0507,7,7,7,7.0,0.0,0.0,0.8812908992306927,0.0
600522,2014-10,0.0227,7,8,8,7.666666666666667,0.4714045207910317,0.000483684145855568,0.8812908992306927,0.4714045207910317
600522,2015-01,0.12789999999999999,5,6,7,6.0,0.816496580927726,0.002333803387527431,1.0,0.816496580927726
600522,2015-07,-0.3148,6,6,7,6.333333333333333,0.4714045207910317,0.0006758874784615638,0.9709505944546686,0.4714045207910317
600522,2015-10,0.23149999999999998,4,4,6,4.666666666666667,0.9428090415820634,0.004817302157272868,0.9709505944546686,0.9428090415820634
600522,2016-01,-0.0373,6,5,6,5.666666666666667,0.4714045207910317,0.0008932948130031191,0.9709505944546686,0.4714045207910317
600522,2016-04,0.0682,6,7,5,6.0,0.816496580927726,0.002333803387527431,0.9709505944546686,0.816496580927726
600522,2016-07,0.069,8,7,7,7.333333333333333,0.4714045207910317,0.0005056809102375145,0.7219280948873623,0.4714045207910317
600522,2016-10,0.0866,5,6,7,6.0,0.816496580927726,0.002333803387527431,1.0,0.816496580927726
600522,2017-01,-0.009000000000000001,5,5,6,5.333333333333333,0.4714045207910317,0.0009491787649267315,1.0,0.4714045207910317
600522,2017-04,0.06269999999999999,7,7,7,7.0,0.0,0.0,0.8812908992306927,0.0
600522,2017-07,0.027000000000000003,6,7,7,6.666666666666667,0.4714045207910317,0.0006420713965977487,0.9709505944546686,0.4714045207910317
600522,2017-10,0.1413,7,8,7,7.333333333333333,0.4714045207910317,0.0005056809102375145,0.8812908992306927,0.4714045207910317
600522,2018-01,0.059699999999999996,5,6,7,6.0,0.816496580927726,0.002333803387527431,1.0,0.816496580927726
600522,2018-04,0.0263,4,4,6,4.666666666666667,0.9428090415820634,0.004817302157272868,0.9709505944546686,0.9428090415820634
600522,2018-07,-0.013600000000000001,4,3,4,3.6666666666666665,0.4714045207910317,0.0021766561578771704,0.9709505944546686,0.4714045207910317
600522,2018-10,0.0732,5,4,5,4.666666666666667,0.4714045207910317,0.0013272465907683984,1.0,0.4714045207910317
600522,2019-01,0.3044,6,6,5,5.666666666666667,0.4714045207910317,0.0008932948130031191,0.9709505944546686,0.4714045207910317
600522,2019-04,-0.1414,7,6,6,6.333333333333333,0.4714045207910317,0.0006758874784616383,0.8812908992306927,0.4714045207910317
600522,2019-07,-0.0678,5,7,6,6.0,0.816496580927726,0.002333803387527431,1.0,0.816496580927726
600522,2019-10,0.0113,6,5,6,5.666666666666667,0.4714045207910317,0.0008932948130031191,0.9709505944546686,0.4714045207910317
600522,2020-01,0.0218,6,5,6,5.666666666666667,0.4714045207910317,0.0008932948130031191,0.9709505944546686,0.4714045207910317
600522,2020-04,0.042,7,8,6,7.0,0.816496580927726,0.001710895898255767,0.8812908992306927,0.816496580927726
600522,2020-07,-0.0341,6,7,7,6.666666666666667,0.4714045207910317,0.0006420713965977487,0.9709505944546686,0.4714045207910317
600522,2020-10,-0.0215,4,6,7,5.666666666666667,1.247219128924647,0.006454904945298079,0.9709505944546686,1.247219128924647
600522,2021-01,-0.0134,6,5,7,6.0,0.816496580927726,0.002333803387527431,0.9709505944546686,0.816496580927726
600522,2021-04,0.051100000000000007,6,7,7,6.666666666666667,0.4714045207910317,0.0006420713965977487,0.9709505944546686,0.4714045207910317
600522,2021-07,0.077,5,4,5,4.666666666666667,0.4714045207910317,0.0013272465907683984,1.0,0.4714045207910317
600522,2021-10,0.902,6,6,5,5.666666666666667,0.4714045207910317,0.0008932948130031191,0.9709505944546686,0.4714045207910317
600522,2022-01,0.13140000000000002,6,6,7,6.333333333333333,0.4714045207910317,0.0006758874784615638,0.9709505944546686,0.4714045207910317
600522,2022-04,0.128,4,6,7,5.666666666666667,1.247219128924647,0.006454904945298079,0.9709505944546686,1.247219128924647
600522,2022-07,-0.0287,7,8,7,7.333333333333333,0.4714045207910317,0.0005056809102375145,0.8812908992306927,0.4714045207910317
600522,2022-10,-0.2473,5,7,7,6.333333333333333,0.9428090415820634,0.002946330098012255,1.0,0.9428090415820634
600522,2023-01,-0.0184,4,4,5,4.333333333333333,0.4714045207910317,0.0014294885616036141,0.9709505944546686,0.4714045207910317
600522,2023-04,-0.0036,6,5,5,5.333333333333333,0.4714045207910317,0.0009491787649267315,0.9709505944546686,0.4714045207910317
600522,2023-07,-0.0708,6,6,5,5.666666666666667,0.4714045207910317,0.0008932948130031191,0.9709505944546686,0.4714045207910317
600522,2023-10,-0.075,6,5,5,5.333333333333333,0.4714045207910317,0.0009491787649267315,0.9709505944546686,0.4714045207910317
600522,2024-01,0.1386,4,4,5,4.333333333333333,0.4714045207910317,0.0014294885616036141,0.9709505944546686,0.4714045207910317
600522,2024-04,0.1142,7,6,5,6.0,0.816496580927726,0.002333803387527431,0.8812908992306927,0.816496580927726
600522,2024-07,-0.13699999999999998,7,7,6,6.666666666666667,0.4714045207910317,0.000642071396597733,0.8812908992306927,0.4714045207910317
600522,2024-10,0.0084,7,7,6,6.666666666666667,0.4714045207910317,0.000642071396597733,0.8812908992306927,0.4714045207910317
600547,2005-01,0.0833,5,4,6,5.0,0.816496580927726,0.0033729266193250444,1.0,0.816496580927726
600547,2005-04,-0.1429,6,6,6,6.0,0.0,0.0,0.9709505944546686,0.0
600547,2005-07,0.04,5,4,6,5.0,0.816496580927726,0.0033729266193250444,1.0,0.816496580927726
600547,2005-10,0.0118,7,6,5,6.0,0.816496580927726,0.002333803387527431,0.8812908992306927,0.816496580927726
600547,2006-01,-0.1379,8,7,6,7.0,0.816496580927726,0.001710895898255767,0.7219280948873623,0.816496580927726
600547,2006-04,6.0833,8,8,7,7.666666666666667,0.4714045207910317,0.000483684145855568,0.7219280948873623,0.4714045207910317
600547,2006-07,0.6,4,3,4,3.6666666666666665,0.4714045207910317,0.0021766561578771704,0.9709505944546686,0.4714045207910317
600547,2006-10,57.0,3,4,4,3.6666666666666665,0.4714045207910317,0.0021766561578771704,0.8812908992306927,0.4714045207910317
600547,2007-01,0.5364,7,6,2,5.0,2.160246899469287,0.029236916052000086,0.8812908992306927,2.160246899469287
600547,2007-04,-0.17010000000000003,6,4,2,4.0,1.632993161855452,0.022548050379070088,0.9709505944546686,1.632993161855452
600547,2007-07,0.4855,6,7,6,6.333333333333333,0.4714045207910317,0.0006758874784616383,0.9709505944546686,0.4714045207910317
600547,2007-10,-0.2924,7,7,3,5.666666666666667,1.8856180831641267,0.01639998447673846,0.8812908992306927,1.8856180831641267
600547,2008-01,0.08039999999999999,7,8,6,7.0,0.816496580927726,0.001710895898255767,0.8812908992306927,0.816496580927726
600547,2008-04,0.035699999999999996,4,3,6,4.333333333333333,1.247219128924647,0.01013672725206552,0.9709505944546686,1.247219128924647
600547,2008-07,-0.4179,4,3,6,4.333333333333333,1.247219128924647,0.01013672725206552,0.9709505944546686,1.247219128924647
600547,2008-10,0.3223,6,4,4,4.666666666666667,0.9428090415820634,0.004817302157272943,0.9709505944546686,0.9428090415820634
600547,2009-01,0.6704000000000001,7,7,4,6.0,1.4142135623730951,0.007732062599348774,0.8812908992306927,1.4142135623730951
600547,2009-04,0.19,7,8,7,7.333333333333333,0.4714045207910317,0.0005056809102375145,0.8812908992306927,0.4714045207910317
600547,2009-07,-0.23399999999999999,7,8,8,7.666666666666667,0.4714045207910317,0.000483684145855568,0.8812908992306927,0.4714045207910317
600547,2009-10,0.2778,7,8,7,7.333333333333333,0.4714045207910317,0.0005056809102375145,0.8812908992306927,0.4714045207910317
600547,2010-01,0.044800000000000006,6,7,7,6.666666666666667,0.4714045207910317,0.0006420713965977487,0.9709505944546686,0.4714045207910317
600547,2010-04,0.1079,6,7,7,6.666666666666667,0.4714045207910317,0.0006420713965977487,0.9709505944546686,0.4714045207910317
600547,2010-07,0.1968,6,4,7,5.666666666666667,1.247219128924647,0.006454904945298079,0.9709505944546686,1.247219128924647
600547,2010-10,-0.1079,8,8,7,7.666666666666667,0.4714045207910317,0.000483684145855568,0.7219280948873623,0.4714045207910317
600547,2011-01,0.0812,5,7,7,6.333333333333333,0.9428090415820634,0.002946330098012255,1.0,0.9428090415820634
600547,2011-04,-0.1305,7,6,7,6.666666666666667,0.4714045207910317,0.0006420713965977487,0.8812908992306927,0.4714045207910317
600547,2011-07,0.0048,5,4,7,5.333333333333333,1.247219128924647,0.006684370996497373,1.0,1.247219128924647
600547,2011-10,-0.0599,4,3,5,4.0,0.816496580927726,0.00530599861166309,0.9709505944546686,0.816496580927726
600547,2012-01,0.0852,4,3,4,3.6666666666666665,0.4714045207910317,0.0021766561578771704,0.9709505944546686,0.4714045207910317
600547,2012-04,-0.0246,5,4,4,4.333333333333333,0.4714045207910317,0.0014294885616036141,1.0,0.4714045207910317
600547,2012-07,0.0013,6,6,6,6.0,0.0,0.0,0.9709505944546686,0.0
600547,2012-10,-0.0084,7,8,7,7.333333333333333,0.4714045207910317,0.0005056809102375145,0.8812908992306927,0.4714045207910317
600547,2013-01,-0.0587,6,7,7,6.666666666666667,0.4714045207910317,0.0006420713965977487,0.9709505944546686,0.4714045207910317
600547,2013-04,-0.3517,4,4,6,4.666666666666667,0.9428090415820634,0.004817302157272868,0.9709505944546686,0.9428090415820634
600547,2013-07,0.16329999999999997,5,4,6,5.0,0.816496580927726,0.0033729266193250444,1.0,0.816496580927726
600547,2013-10,-0.0447,4,3,4,3.6666666666666665,0.4714045207910317,0.0021766561578771704,0.9709505944546686,0.4714045207910317
600547,2014-01,0.1655,4,3,4,3.6666666666666665,0.4714045207910317,0.0021766561578771704,0.9709505944546686,0.4714045207910317
600547,2014-04,-0.042300000000000004,4,4,4,4.0,0.0,0.0,0.9709505944546686,0.0
600547,2014-07,0.115,5,5,4,4.666666666666667,0.4714045207910317,0.0013272465907683984,1.0,0.4714045207910317
600547,2015-01,-0.0017000000000000001,8,8,6,7.333333333333333,0.9428090415820634,0.0021766561578771704,0.7219280948873623,0.9428090415820634
600547,2015-04,-0.1277,7,8,8,7.666666666666667,0.4714045207910317,0.000483684145855568,0.8812908992306927,0.4714045207910317
600547,2015-07,0.011399999999999999,4,6,7,5.666666666666667,1.247219128924647,0.006454904945298079,0.9709505944546686,1.247219128924647
600547,2015-10,0.0072,4,4,6,4.666666666666667,0.9428090415820634,0.004817302157272868,0.9709505944546686,0.9428090415820634
600547,2016-01,0.5811,7,6,7,6.666666666666667,0.4714045207910317,0.0006420713965977487,0.8812908992306927,0.4714045207910317
600547,2016-04,-0.0316,7,7,6,6.666666666666667,0.4714045207910317,0.000642071396597733,0.8812908992306927,0.4714045207910317
600547,2016-07,-0.09269999999999999,7,8,8,7.666666666666667,0.4714045207910317,0.000483684145855568,0.8812908992306927,0.4714045207910317
600547,2016-10,-0.0666,4,6,7,5.666666666666667,1.247219128924647,0.006454904945298079,0.9709505944546686,1.247219128924647
600547,2017-01,0.0017000000000000001,5,4,7,5.333333333333333,1.247219128924647,0.006684370996497373,1.0,1.247219128924647
600547,2017-04,-0.2208,5,4,7,5.333333333333333,1.247219128924647,0.006684370996497373,1.0,1.247219128924647
600547,2017-07,0.024,6,6,6,6.0,0.0,0.0,0.9709505944546686,0.0
600547,2017-10,0.0226,6,4,6,5.333333333333333,0.9428090415820634,0.004212595043515672,0.9709505944546686,0.9428090415820634
600547,2018-01,-0.19190000000000002,6,7,6,6.333333333333333,0.4714045207910317,0.0006758874784616383,0.9709505944546686,0.4714045207910317
600547,2018-04,0.0179,7,6,6,6.333333333333333,0.4714045207910317,0.0006758874784616383,0.8812908992306927,0.4714045207910317
600547,2018-07,-0.0808,4,4,5,4.333333333333333,0.4714045207910317,0.0014294885616036141,0.9709505944546686,0.4714045207910317
600547,2018-10,0.031,6,6,6,6.0,0.0,0.0,0.9709505944546686,0.0
600547,2019-01,0.0661,7,8,6,7.0,0.816496580927726,0.001710895898255767,0.8812908992306927,0.816496580927726
600547,2019-04,0.0698,6,7,7,6.666666666666667,0.4714045207910317,0.0006420713965977487,0.9709505944546686,0.4714045207910317
600547,2019-07,0.3408,7,8,7,7.333333333333333,0.4714045207910317,0.0005056809102375145,0.8812908992306927,0.4714045207910317
600547,2019-10,-0.0552,5,6,7,6.0,0.816496580927726,0.002333803387527431,1.0,0.816496580927726
600547,2020-01,0.046,7,7,7,7.0,0.0,0.0,0.8812908992306927,0.0
600547,2020-04,0.0231,6,6,7,6.333333333333333,0.4714045207910317,0.0006758874784615638,0.9709505944546686,0.4714045207910317
600547,2020-07,-0.0554,6,6,7,6.333333333333333,0.4714045207910317,0.0006758874784615638,0.9709505944546686,0.4714045207910317
600547,2020-10,0.0026,4,5,6,5.0,0.816496580927726,0.0033729266193250444,0.9709505944546686,0.816496580927726
600547,2021-01,0.0,5,4,6,5.0,0.816496580927726,0.0033729266193250444,1.0,0.816496580927726
600547,2021-04,0.10779999999999999,4,4,6,4.666666666666667,0.9428090415820634,0.004817302157272868,0.9709505944546686,0.9428090415820634
600547,2021-07,0.026000000000000002,4,4,6,4.666666666666667,0.9428090415820634,0.004817302157272868,0.9709505944546686,0.9428090415820634
600547,2021-10,-0.0426,6,6,6,6.0,0.0,0.0,0.9709505944546686,0.0
600547,2022-01,0.11109999999999999,5,4,6,5.0,0.816496580927726,0.0033729266193250444,1.0,0.816496580927726
600547,2022-04,-0.0416,7,7,6,6.666666666666667,0.4714045207910317,0.000642071396597733,0.8812908992306927,0.4714045207910317
600547,2022-07,-0.022099999999999998,5,6,6,5.666666666666667,0.4714045207910317,0.0008932948130031191,1.0,0.4714045207910317
600547,2022-10,0.1887,4,4,6,4.666666666666667,0.9428090415820634,0.004817302157272868,0.9709505944546686,0.9428090415820634
600547,2023-01,-0.042199999999999994,6,5,6,5.666666666666667,0.4714045207910317,0.0008932948130031191,0.9709505944546686,0.4714045207910317
600547,2023-04,-0.0179,8,8,6,7.333333333333333,0.9428090415820634,0.0021766561578771704,0.7219280948873623,0.9428090415820634
600547,2023-07,0.0771,6,6,7,6.333333333333333,0.4714045207910317,0.0006758874784615638,0.9709505944546686,0.4714045207910317
600547,2023-10,-0.0296,6,6,7,6.333333333333333,0.4714045207910317,0.0006758874784615638,0.9709505944546686,0.4714045207910317
600547,2024-01,0.0559,5,5,7,5.666666666666667,0.9428090415820634,0.0032941013770045433,1.0,0.9428090415820634
600547,2024-04,-0.0021,8,8,7,7.666666666666667,0.4714045207910317,0.000483684145855568,0.7219280948873623,0.4714045207910317
600547,2024-07,-0.0834,5,6,7,6.0,0.816496580927726,0.002333803387527431,1.0,0.816496580927726
600547,2024-10,-0.07150000000000001,7,7,7,7.0,0.0,0.0,0.8812908992306927,0.0
600570,2005-01,0.0316,5,4,6,5.0,0.816496580927726,0.0033729266193250444,1.0,0.816496580927726
600570,2005-04,-0.0213,5,5,6,5.333333333333333,0.4714045207910317,0.0009491787649267315,1.0,0.4714045207910317
600570,2005-07,-0.07780000000000001,6,6,6,6.0,0.0,0.0,0.9709505944546686,0.0
600570,2005-10,0.0297,6,6,6,6.0,0.0,0.0,0.9709505944546686,0.0
600570,2006-01,-0.0208,5,5,6,5.333333333333333,0.4714045207910317,0.0009491787649267315,1.0,0.4714045207910317
600570,2006-04,0.15460000000000002,5,4,6,5.0,0.816496580927726,0.0033729266193250444,1.0,0.816496580927726
600570,2006-07,0.09880000000000001,7,8,7,7.333333333333333,0.4714045207910317,0.0005056809102375145,0.8812908992306927,0.4714045207910317
600570,2006-10,0.0,5,6,7,6.0,0.816496580927726,0.002333803387527431,1.0,0.816496580927726
600570,2007-01,0.2593,7,7,7,7.0,0.0,0.0,0.8812908992306927,0.0
600570,2007-04,-0.16670000000000001,7,3,3,4.333333333333333,1.8856180831641267,0.021556318259027013,0.8812908992306927,1.8856180831641267
600570,2007-07,2.3607,4,3,4,3.6666666666666665,0.4714045207910317,0.0021766561578771704,0.9709505944546686,0.4714045207910317
600570,2007-10,-0.2872,7,6,3,5.333333333333333,1.699673171197595,0.014489122970023622,0.8812908992306927,1.699673171197595
600570,2008-01,-0.078,7,7,3,5.666666666666667,1.8856180831641267,0.01639998447673846,0.8812908992306927,1.8856180831641267
600570,2008-04,0.1119,3,3,6,4.0,1.4142135623730951,0.014362591564146779,0.8812908992306927,1.4142135623730951
600570,2008-07,-0.2299,4,3,6,4.333333333333333,1.247219128924647,0.01013672725206552,0.9709505944546686,1.247219128924647
600570,2008-10,2.4,3,3,3,3.0,0.0,0.0,0.8812908992306927,0.0
600570,2009-01,-0.1184,6,4,3,4.333333333333333,1.247219128924647,0.010136727252065516,0.9709505944546686,1.247219128924647
600570,2009-04,0.2571,7,7,5,6.333333333333333,0.9428090415820634,0.002946330098012255,0.8812908992306927,0.9428090415820634
600570,2009-07,-0.0535,6,6,7,6.333333333333333,0.4714045207910317,0.0006758874784615638,0.9709505944546686,0.4714045207910317
600570,2009-10,0.42450000000000004,7,8,7,7.333333333333333,0.4714045207910317,0.0005056809102375145,0.8812908992306927,0.4714045207910317
600570,2010-01,0.0632,7,8,7,7.333333333333333,0.4714045207910317,0.0005056809102375145,0.8812908992306927,0.4714045207910317
600570,2010-04,-0.0895,6,7,7,6.666666666666667,0.4714045207910317,0.0006420713965977487,0.9709505944546686,0.4714045207910317
600570,2010-07,-0.1134,4,4,7,5.0,1.4142135623730951,0.009292928204941,0.9709505944546686,1.4142135623730951
600570,2010-10,0.1574,7,6,7,6.666666666666667,0.4714045207910317,0.0006420713965977487,0.8812908992306927,0.4714045207910317
600570,2011-01,0.0605,6,6,7,6.333333333333333,0.4714045207910317,0.0006758874784615638,0.9709505944546686,0.4714045207910317
600570,2011-04,-0.07629999999999999,4,4,6,4.666666666666667,0.9428090415820634,0.004817302157272868,0.9709505944546686,0.9428090415820634
600570,2011-07,0.12279999999999999,6,5,5,5.333333333333333,0.4714045207910317,0.0009491787649267315,0.9709505944546686,0.4714045207910317
600570,2011-10,0.0253,4,4,6,4.666666666666667,0.9428090415820634,0.004817302157272868,0.9709505944546686,0.9428090415820634
600570,2012-01,0.289,4,4,5,4.333333333333333,0.4714045207910317,0.0014294885616036141,0.9709505944546686,0.4714045207910317
600570,2012-04,0.0696,5,4,5,4.666666666666667,0.4714045207910317,0.0013272465907683984,1.0,0.4714045207910317
600570,2012-07,-0.087,6,6,6,6.0,0.0,0.0,0.9709505944546686,0.0
600570,2012-10,-0.057300000000000004,6,7,6,6.333333333333333,0.4714045207910317,0.0006758874784616383,0.9709505944546686,0.4714045207910317
600570,2013-01,-0.1121,6,6,6,6.0,0.0,0.0,0.9709505944546686,0.0
600570,2013-04,0.1691,6,4,6,5.333333333333333,0.9428090415820634,0.004212595043515672,0.9709505944546686,0.9428090415820634
600570,2013-07,0.1012,6,6,6,6.0,0.0,0.0,0.9709505944546686,0.0
600570,2013-10,0.0646,7,8,7,7.333333333333333,0.4714045207910317,0.0005056809102375145,0.8812908992306927,0.4714045207910317
600570,2014-01,-0.09300000000000001,5,7,7,6.333333333333333,0.9428090415820634,0.002946330098012255,1.0,0.9428090415820634
600570,2014-04,0.10460000000000001,7,6,7,6.666666666666667,0.4714045207910317,0.0006420713965977487,0.8812908992306927,0.4714045207910317
600570,2014-07,0.1051,7,8,8,7.666666666666667,0.4714045207910317,0.000483684145855568,0.8812908992306927,0.4714045207910317
600570,2014-10,0.37,7,8,8,7.666666666666667,0.4714045207910317,0.000483684145855568,0.8812908992306927,0.4714045207910317
600570,2015-01,0.3123,7,7,8,7.333333333333333,0.4714045207910317,0.0005056809102375145,0.8812908992306927,0.4714045207910317
600570,2015-04,-0.022000000000000002,7,8,7,7.333333333333333,0.4714045207910317,0.0005056809102375145,0.8812908992306927,0.4714045207910317
600570,2015-07,-0.25739999999999996,6,7,7,6.666666666666667,0.4714045207910317,0.0006420713965977487,0.9709505944546686,0.4714045207910317
600570,2015-10,-0.013999999999999999,3,3,5,3.6666666666666665,0.9428090415820634,0.00771594541165983,0.8812908992306927,0.9428090415820634
600570,2016-01,-0.1375,6,4,6,5.333333333333333,0.9428090415820634,0.004212595043515672,0.9709505944546686,0.9428090415820634
600570,2016-04,0.1335,7,7,4,6.0,1.4142135623730951,0.007732062599348774,0.8812908992306927,1.4142135623730951
600570,2016-07,0.056600000000000004,7,7,5,6.333333333333333,0.9428090415820634,0.002946330098012255,0.8812908992306927,0.9428090415820634
600570,2016-10,-0.0351,4,4,7,5.0,1.4142135623730951,0.009292928204941,0.9709505944546686,1.4142135623730951
600570,2017-01,0.0558,4,4,6,4.666666666666667,0.9428090415820634,0.004817302157272868,0.9709505944546686,0.9428090415820634
600570,2017-04,-0.0418,4,4,6,4.666666666666667,0.9428090415820634,0.004817302157272868,0.9709505944546686,0.9428090415820634
600570,2017-07,0.2309,7,6,5,6.0,0.816496580927726,0.002333803387527431,0.8812908992306927,0.816496580927726
600570,2017-10,-0.08539999999999999,6,6,6,6.0,0.0,0.0,0.9709505944546686,0.0
600570,2018-01,-0.0771,5,4,6,5.0,0.816496580927726,0.0033729266193250444,1.0,0.816496580927726
600570,2018-04,-0.049800000000000004,7,7,7,7.0,0.0,0.0,0.8812908992306927,0.0
600570,2018-07,0.0449,4,6,7,5.666666666666667,1.247219128924647,0.006454904945298079,0.9709505944546686,1.247219128924647
600570,2018-10,0.1691,6,6,7,6.333333333333333,0.4714045207910317,0.0006758874784615638,0.9709505944546686,0.4714045207910317
600570,2019-01,0.4018,5,4,7,5.333333333333333,1.247219128924647,0.006684370996497373,1.0,1.247219128924647
600570,2019-04,-0.021,7,7,7,7.0,0.0,0.0,0.8812908992306927,0.0
600570,2019-07,0.0464,6,8,8,7.333333333333333,0.9428090415820634,0.0021766561578771704,0.9709505944546686,0.9428090415820634
600570,2019-10,-0.0463,6,6,8,6.666666666666667,0.9428090415820634,0.0023948438453058845,0.9709505944546686,0.9428090415820634
600570,2020-01,0.0862,6,7,8,7.0,0.816496580927726,0.0017108958982558105,0.9709505944546686,0.816496580927726
600570,2020-04,0.026699999999999998,6,6,7,6.333333333333333,0.4714045207910317,0.0006758874784615638,0.9709505944546686,0.4714045207910317
600570,2020-07,0.0176,8,8,7,7.666666666666667,0.4714045207910317,0.000483684145855568,0.7219280948873623,0.4714045207910317
600570,2020-10,-0.048799999999999996,4,6,7,5.666666666666667,1.247219128924647,0.006454904945298079,0.9709505944546686,1.247219128924647
600570,2021-01,-0.1012,7,6,7,6.666666666666667,0.4714045207910317,0.0006420713965977487,0.8812908992306927,0.4714045207910317
600570,2021-04,0.0218,4,4,7,5.0,1.4142135623730951,0.009292928204941,0.9709505944546686,1.4142135623730951
600570,2021-07,-0.1115,6,4,6,5.333333333333333,0.9428090415820634,0.004212595043515672,0.9709505944546686,0.9428090415820634
600570,2021-10,-0.0735,6,6,5,5.666666666666667,0.4714045207910317,0.0008932948130031191,0.9709505944546686,0.4714045207910317
600570,2022-01,-0.1091,6,6,6,6.0,0.0,0.0,0.9709505944546686,0.0
600570,2022-04,0.0537,4,4,5,4.333333333333333,0.4714045207910317,0.0014294885616036141,0.9709505944546686,0.4714045207910317
600570,2022-07,0.0329,6,5,5,5.333333333333333,0.4714045207910317,0.0009491787649267315,0.9709505944546686,0.4714045207910317
600570,2022-10,-0.0416,5,5,6,5.333333333333333,0.4714045207910317,0.0009491787649267315,1.0,0.4714045207910317
600570,2023-01,-0.0602,6,7,6,6.333333333333333,0.4714045207910317,0.0006758874784616383,0.9709505944546686,0.4714045207910317
600570,2023-04,-0.1411,8,8,7,7.666666666666667,0.4714045207910317,0.000483684145855568,0.7219280948873623,0.4714045207910317
600570,2023-07,-0.1252,6,7,7,6.666666666666667,0.4714045207910317,0.0006420713965977487,0.9709505944546686,0.4714045207910317
600570,2023-10,-0.0353,4,4,5,4.333333333333333,0.4714045207910317,0.0014294885616036141,0.9709505944546686,0.4714045207910317
600570,2024-01,0.1624,5,4,5,4.666666666666667,0.4714045207910317,0.0013272465907683984,1.0,0.4714045207910317
600570,2024-04,-0.0265,4,4,4,4.0,0.0,0.0,0.9709505944546686,0.0
600570,2024-07,-0.1092,4,4,4,4.0,0.0,0.0,0.9709505944546686,0.0
600570,2024-10,0.1449,8,7,5,6.666666666666667,1.247219128924647,0.004605278650825295,0.7219280948873623,1.247219128924647
600584,2005-01,0.1324,5,5,6,5.333333333333333,0.4714045207910317,0.0009491787649267315,1.0,0.4714045207910317
600584,2005-04,0.0,4,4,6,4.666666666666667,0.9428090415820634,0.004817302157272868,0.9709505944546686,0.9428090415820634
600584,2005-07,0.3297,7,6,5,6.0,0.816496580927726,0.002333803387527431,0.8812908992306927,0.816496580927726
600584,2005-10,-0.0833,6,6,6,6.0,0.0,0.0,0.9709505944546686,0.0
600584,2006-01,-0.12,5,6,6,5.666666666666667,0.4714045207910317,0.0008932948130031191,1.0,0.4714045207910317
600584,2006-04,0.11259999999999999,5,4,7,5.333333333333333,1.247219128924647,0.006684370996497373,1.0,1.247219128924647
600584,2006-07,0.044199999999999996,6,7,7,6.666666666666667,0.4714045207910317,0.0006420713965977487,0.9709505944546686,0.4714045207910317
600584,2006-10,0.0236,7,8,8,7.666666666666667,0.4714045207910317,0.000483684145855568,0.8812908992306927,0.4714045207910317
600584,2007-01,0.0754,7,7,7,7.0,0.0,0.0,0.8812908992306927,0.0
600584,2007-04,-0.0602,7,7,8,7.333333333333333,0.4714045207910317,0.0005056809102375145,0.8812908992306927,0.4714045207910317
600584,2007-07,0.0978,4,6,7,5.666666666666667,1.247219128924647,0.006454904945298079,0.9709505944546686,1.247219128924647
600584,2007-10,0.105,7,8,7,7.333333333333333,0.4714045207910317,0.0005056809102375145,0.8812908992306927,0.4714045207910317
600584,2008-01,0.2229,7,8,7,7.333333333333333,0.4714045207910317,0.0005056809102375145,0.8812908992306927,0.4714045207910317
600584,2008-04,-0.10980000000000001,4,4,7,5.0,1.4142135623730951,0.009292928204941,0.9709505944546686,1.4142135623730951
600584,2008-07,-0.25170000000000003,3,3,4,3.3333333333333335,0.4714045207910317,0.0023948438453058845,0.8812908992306927,0.4714045207910317
600584,2008-10,0.1508,4,3,4,3.6666666666666665,0.4714045207910317,0.0021766561578771704,0.9709505944546686,0.4714045207910317
600584,2009-01,0.0173,5,4,4,4.333333333333333,0.4714045207910317,0.0014294885616036141,1.0,0.4714045207910317
600584,2009-04,0.0327,8,8,5,7.0,1.4142135623730951,0.0055753121953537104,0.7219280948873623,1.4142135623730951
600584,2009-07,-0.2495,6,7,7,6.666666666666667,0.4714045207910317,0.0006420713965977487,0.9709505944546686,0.4714045207910317
600584,2009-10,0.34619999999999995,6,7,7,6.666666666666667,0.4714045207910317,0.0006420713965977487,0.9709505944546686,0.4714045207910317
600584,2010-01,0.008100000000000001,7,8,7,7.333333333333333,0.4714045207910317,0.0005056809102375145,0.8812908992306927,0.4714045207910317
600584,2010-04,0.0382,7,8,7,7.333333333333333,0.4714045207910317,0.0005056809102375145,0.8812908992306927,0.4714045207910317
600584,2010-07,0.1346,5,7,7,6.333333333333333,0.9428090415820634,0.002946330098012255,1.0,0.9428090415820634
600584,2010-10,-0.11539999999999999,5,5,7,5.666666666666667,0.9428090415820634,0.0032941013770045433,1.0,0.9428090415820634
600584,2011-01,0.156,4,6,7,5.666666666666667,1.247219128924647,0.006454904945298079,0.9709505944546686,1.247219128924647
600584,2011-04,-0.0876,4,4,6,4.666666666666667,0.9428090415820634,0.004817302157272868,0.9709505944546686,0.9428090415820634
600584,2011-07,-0.024900000000000002,4,4,6,4.666666666666667,0.9428090415820634,0.004817302157272868,0.9709505944546686,0.9428090415820634
600584,2011-10,-0.0867,3,3,5,3.6666666666666665,0.9428090415820634,0.00771594541165983,0.8812908992306927,0.9428090415820634
600584,2012-01,0.162,4,3,4,3.6666666666666665,0.4714045207910317,0.0021766561578771704,0.9709505944546686,0.4714045207910317
600584,2012-04,-0.0452,4,4,4,4.0,0.0,0.0,0.9709505944546686,0.0
600584,2012-07,0.2139,4,4,5,4.333333333333333,0.4714045207910317,0.0014294885616036141,0.9709505944546686,0.4714045207910317
600584,2012-10,-0.1685,4,4,4,4.0,0.0,0.0,0.9709505944546686,0.0
600584,2013-01,0.0667,7,6,5,6.0,0.816496580927726,0.002333803387527431,0.8812908992306927,0.816496580927726
600584,2013-04,0.4021,5,5,6,5.333333333333333,0.4714045207910317,0.0009491787649267315,1.0,0.4714045207910317
600584,2013-07,0.0,6,6,7,6.333333333333333,0.4714045207910317,0.0006758874784615638,0.9709505944546686,0.4714045207910317
600584,2013-10,0.22769999999999999,6,7,7,6.666666666666667,0.4714045207910317,0.0006420713965977487,0.9709505944546686,0.4714045207910317
600584,2014-01,0.2335,5,6,7,6.0,0.816496580927726,0.002333803387527431,1.0,0.816496580927726
600584,2014-04,0.1386,6,6,7,6.333333333333333,0.4714045207910317,0.0006758874784615638,0.9709505944546686,0.4714045207910317
600584,2014-07,0.0874,7,7,7,7.0,0.0,0.0,0.8812908992306927,0.0
600584,2014-10,0.27390000000000003,7,8,8,7.666666666666667,0.4714045207910317,0.000483684145855568,0.8812908992306927,0.4714045207910317
600584,2015-01,0.0553,6,6,7,6.333333333333333,0.4714045207910317,0.0006758874784615638,0.9709505944546686,0.4714045207910317
600584,2015-04,0.5487,7,8,8,7.666666666666667,0.4714045207910317,0.000483684145855568,0.8812908992306927,0.4714045207910317
600584,2015-07,-0.2486,5,6,7,6.0,0.816496580927726,0.002333803387527431,1.0,0.816496580927726
600584,2015-10,0.5117,4,4,6,4.666666666666667,0.9428090415820634,0.004817302157272868,0.9709505944546686,0.9428090415820634
600584,2016-07,-0.0069,7,6,7,6.666666666666667,0.4714045207910317,0.0006420713965977487,0.8812908992306927,0.4714045207910317
600584,2016-10,-0.0709,6,7,6,6.333333333333333,0.4714045207910317,0.0006758874784616383,0.9709505944546686,0.4714045207910317
600584,2017-01,0.0177,4,4,6,4.666666666666667,0.9428090415820634,0.004817302157272868,0.9709505944546686,0.9428090415820634
600584,2017-04,-0.1449,7,7,7,7.0,0.0,0.0,0.8812908992306927,0.0
600584,2017-07,0.0682,6,6,6,6.0,0.0,0.0,0.9709505944546686,0.0
600584,2017-10,-0.029500000000000002,7,6,6,6.333333333333333,0.4714045207910317,0.0006758874784616383,0.8812908992306927,0.4714045207910317
600584,2018-01,0.0484,6,7,7,6.666666666666667,0.4714045207910317,0.0006420713965977487,0.9709505944546686,0.4714045207910317
600584,2018-04,-0.1583,7,8,7,7.333333333333333,0.4714045207910317,0.0005056809102375145,0.8812908992306927,0.4714045207910317
600584,2018-07,-0.1189,4,4,6,4.666666666666667,0.9428090415820634,0.004817302157272868,0.9709505944546686,0.9428090415820634
600584,2018-10,-0.0231,4,3,5,4.0,0.816496580927726,0.00530599861166309,0.9709505944546686,0.816496580927726
600584,2019-01,0.58,4,3,4,3.6666666666666665,0.4714045207910317,0.0021766561578771704,0.9709505944546686,0.4714045207910317
600584,2019-04,0.22440000000000002,7,7,5,6.333333333333333,0.9428090415820634,0.002946330098012255,0.8812908992306927,0.9428090415820634
600584,2019-07,0.0574,4,6,6,5.333333333333333,0.9428090415820634,0.004212595043515672,0.9709505944546686,0.9428090415820634
600584,2019-10,0.11470000000000001,7,7,7,7.0,0.0,0.0,0.8812908992306927,0.0
600584,2020-01,0.014499999999999999,7,8,8,7.666666666666667,0.4714045207910317,0.000483684145855568,0.8812908992306927,0.4714045207910317
600584,2020-04,0.1568,4,5,7,5.333333333333333,1.247219128924647,0.006684370996497373,0.9709505944546686,1.247219128924647
600584,2020-07,-0.0616,8,7,7,7.333333333333333,0.4714045207910317,0.0005056809102375145,0.7219280948873623,0.4714045207910317
600584,2020-10,0.1938,5,6,7,6.0,0.816496580927726,0.002333803387527431,1.0,0.816496580927726
600584,2021-01,-0.03,7,7,7,7.0,0.0,0.0,0.8812908992306927,0.0
600584,2021-04,-0.0596,4,4,7,5.0,1.4142135623730951,0.009292928204941,0.9709505944546686,1.4142135623730951
600584,2021-07,-0.1305,7,6,7,6.666666666666667,0.4714045207910317,0.0006420713965977487,0.8812908992306927,0.4714045207910317
600584,2021-10,0.0757,4,4,6,4.666666666666667,0.9428090415820634,0.004817302157272868,0.9709505944546686,0.9428090415820634
600584,2022-01,0.0435,4,4,5,4.333333333333333,0.4714045207910317,0.0014294885616036141,0.9709505944546686,0.4714045207910317
600584,2022-04,0.12300000000000001,4,4,5,4.333333333333333,0.4714045207910317,0.0014294885616036141,0.9709505944546686,0.4714045207910317
600584,2022-07,-0.0174,7,6,5,6.0,0.816496580927726,0.002333803387527431,0.8812908992306927,0.816496580927726
600584,2022-10,0.038900000000000004,4,4,5,4.333333333333333,0.4714045207910317,0.0014294885616036141,0.9709505944546686,0.4714045207910317
600584,2023-01,0.0557,6,4,6,5.333333333333333,0.9428090415820634,0.004212595043515672,0.9709505944546686,0.9428090415820634
600584,2023-04,0.13470000000000001,8,8,7,7.666666666666667,0.4714045207910317,0.000483684145855568,0.7219280948873623,0.4714045207910317
600584,2023-07,-0.011899999999999999,5,7,7,6.333333333333333,0.9428090415820634,0.002946330098012255,1.0,0.9428090415820634
600584,2023-10,-0.0085,5,4,7,5.333333333333333,1.247219128924647,0.006684370996497373,1.0,1.247219128924647
600584,2024-01,0.1655,5,5,7,5.666666666666667,0.9428090415820634,0.0032941013770045433,1.0,0.9428090415820634
600584,2024-04,0.0078000000000000005,6,6,5,5.666666666666667,0.4714045207910317,0.0008932948130031191,0.9709505944546686,0.4714045207910317
600584,2024-07,-0.0223,7,7,6,6.666666666666667,0.4714045207910317,0.000642071396597733,0.8812908992306927,0.4714045207910317
600584,2024-10,-0.0236,7,7,7,7.0,0.0,0.0,0.8812908992306927,0.0
600585,2005-01,0.019,5,4,6,5.0,0.816496580927726,0.0033729266193250444,1.0,0.816496580927726
600585,2005-04,0.0022,5,4,6,5.0,0.816496580927726,0.0033729266193250444,1.0,0.816496580927726
600585,2005-07,0.008100000000000001,5,5,6,5.333333333333333,0.4714045207910317,0.0009491787649267315,1.0,0.4714045207910317
600585,2005-10,0.0144,5,4,5,4.666666666666667,0.4714045207910317,0.0013272465907683984,1.0,0.4714045207910317
600585,2006-01,0.0426,6,6,6,6.0,0.0,0.0,0.9709505944546686,0.0
600585,2006-04,0.0828,6,6,6,6.0,0.0,0.0,0.9709505944546686,0.0
600585,2006-07,0.0452,6,6,7,6.333333333333333,0.4714045207910317,0.0006758874784615638,0.9709505944546686,0.4714045207910317
600585,2006-10,0.2697,6,6,7,6.333333333333333,0.4714045207910317,0.0006758874784615638,0.9709505944546686,0.4714045207910317
600585,2007-01,-0.2323,7,7,7,7.0,0.0,0.0,0.8812908992306927,0.0
600585,2007-04,2.1223,7,7,6,6.666666666666667,0.4714045207910317,0.000642071396597733,0.8812908992306927,0.4714045207910317
600585,2007-07,2.8625,3,3,3,3.0,0.0,0.0,0.8812908992306927,0.0
600585,2007-10,-0.49310000000000004,3,3,3,3.0,0.0,0.0,0.8812908992306927,0.0
600585,2008-01,-0.0716,6,6,3,5.0,1.4142135623730951,0.011456875501600412,0.9709505944546686,1.4142135623730951
600585,2008-04,-0.1935,3,2,4,3.0,0.816496580927726,0.00957506104276447,0.8812908992306927,0.816496580927726
600585,2008-07,-0.6716,1,2,3,2.0,0.816496580927726,0.02254805037907019,0.4689955935892812,0.816496580927726
600585,2008-10,0.3181,3,3,3,3.0,0.0,0.0,0.8812908992306927,0.0
600585,2009-01,0.1487,4,3,3,3.3333333333333335,0.4714045207910317,0.0023948438453058845,0.9709505944546686,0.4714045207910317
600585,2009-04,-1.0108,7,7,4,6.0,1.4142135623730951,0.007732062599348774,0.8812908992306927,1.4142135623730951
600585,2009-07,-5.8462,4,4,2,3.3333333333333335,0.9428090415820634,0.011456875501600412,0.9709505944546686,0.9428090415820634
600585,2009-10,0.2137,3,4,3,3.3333333333333335,0.4714045207910317,0.0023948438453058845,0.8812908992306927,0.4714045207910317
600585,2010-01,0.047599999999999996,3,2,1,2.0,0.816496580927726,0.022548050379070088,0.8812908992306927,0.816496580927726
600585,2010-04,-0.2043,3,3,2,2.6666666666666665,0.4714045207910317,0.004212595043515672,0.8812908992306927,0.4714045207910317
600585,2010-07,1.0876000000000001,3,4,3,3.3333333333333335,0.4714045207910317,0.0023948438453058845,0.8812908992306927,0.4714045207910317
600585,2010-10,0.0538,1,2,2,1.6666666666666667,0.4714045207910317,0.011456875501600412,0.4689955935892812,0.4714045207910317
600585,2011-01,0.7243999999999999,2,2,1,1.6666666666666667,0.4714045207910317,0.011456875501600412,0.7219280948873623,0.4714045207910317
600585,2011-04,-0.1393,6,2,1,3.0,2.160246899469287,0.06297904566134355,0.9709505944546686,2.160246899469287
600585,2011-07,-0.2875,7,6,3,5.333333333333333,1.699673171197595,0.014489122970023622,0.8812908992306927,1.699673171197595
600585,2011-10,-0.7942,2,2,3,2.3333333333333335,0.4714045207910317,0.004817302157272868,0.7219280948873623,0.4714045207910317
600585,2012-01,0.2754,2,2,2,2.0,0.0,0.0,0.7219280948873623,0.0
600585,2012-04,0.20739999999999997,4,2,2,2.6666666666666665,0.9428090415820634,0.014362591564146779,0.9709505944546686,0.9428090415820634
600585,2012-07,-2.9,2,1,3,2.0,0.816496580927726,0.02254805037907019,0.7219280948873623,0.816496580927726
600585,2012-10,0.0,3,3,3,3.0,0.0,0.0,0.8812908992306927,0.0
600585,2013-01,-0.126,3,2,3,2.6666666666666665,0.4714045207910317,0.004212595043515672,0.8812908992306927,0.4714045207910317
600585,2013-04,-0.2669,3,4,3,3.3333333333333335,0.4714045207910317,0.0023948438453058845,0.8812908992306927,0.4714045207910317
600585,2013-07,2.8333,1,2,3,2.0,0.816496580927726,0.02254805037907019,0.4689955935892812,0.816496580927726
600585,2013-10,3.3287999999999998,4,2,2,2.6666666666666665,0.9428090415820634,0.014362591564146779,0.9709505944546686,0.9428090415820634
600585,2014-01,-0.6838,4,4,3,3.6666666666666665,0.4714045207910317,0.0021766561578771704,0.9709505944546686,0.4714045207910317
600585,2014-04,-0.3,3,1,3,2.3333333333333335,0.9428090415820634,0.025559141193383414,0.8812908992306927,0.9428090415820634
600585,2014-07,-0.1934,4,3,3,3.3333333333333335,0.4714045207910317,0.0023948438453058845,0.9709505944546686,0.4714045207910317
600585,2014-10,0.3368,6,6,3,5.0,1.4142135623730951,0.011456875501600412,0.9709505944546686,1.4142135623730951
600585,2015-01,0.1013,6,2,6,4.666666666666667,1.8856180831641267,0.025559141193383414,0.9709505944546686,1.8856180831641267
600585,2015-04,0.1911,7,6,4,5.666666666666667,1.247219128924647,0.006454904945298079,0.8812908992306927,1.247219128924647
600585,2015-07,-0.0766,4,4,4,4.0,0.0,0.0,0.9709505944546686,0.0
600585,2015-10,-0.33,3,3,4,3.3333333333333335,0.4714045207910317,0.0023948438453058845,0.8812908992306927,0.4714045207910317
600585,2016-01,1.7222,6,4,4,4.666666666666667,0.9428090415820634,0.004817302157272943,0.9709505944546686,0.9428090415820634
600585,2016-04,-0.38060000000000005,2,1,2,1.6666666666666667,0.4714045207910317,0.011456875501600412,0.7219280948873623,0.4714045207910317
600585,2016-07,0.46299999999999997,3,3,3,3.0,0.0,0.0,0.8812908992306927,0.0
600585,2016-10,0.2918,6,6,3,5.0,1.4142135623730951,0.011456875501600412,0.9709505944546686,1.4142135623730951
600585,2017-01,0.08259999999999999,4,4,4,4.0,0.0,0.0,0.9709505944546686,0.0
600585,2017-04,0.016399999999999998,7,6,6,6.333333333333333,0.4714045207910317,0.0006758874784616383,0.8812908992306927,0.4714045207910317
600585,2017-07,-0.0687,7,7,2,5.333333333333333,2.357022603955158,0.03162528845271663,0.8812908992306927,2.357022603955158
600585,2017-10,0.3895,6,7,7,6.666666666666667,0.4714045207910317,0.0006420713965977487,0.9709505944546686,0.4714045207910317
600585,2018-01,-0.0882,6,6,6,6.0,0.0,0.0,0.9709505944546686,0.0
600585,2018-04,0.014199999999999999,6,6,6,6.0,0.0,0.0,0.9709505944546686,0.0
600585,2018-07,-0.0519,6,6,6,6.0,0.0,0.0,0.9709505944546686,0.0
600585,2018-10,-0.0435,6,6,7,6.333333333333333,0.4714045207910317,0.0006758874784615638,0.9709505944546686,0.4714045207910317
600585,2019-01,0.1426,4,4,6,4.666666666666667,0.9428090415820634,0.004817302157272868,0.9709505944546686,0.9428090415820634
600585,2019-04,-0.0141,7,6,7,6.666666666666667,0.4714045207910317,0.0006420713965977487,0.8812908992306927,0.4714045207910317
600585,2019-07,-0.0034000000000000002,7,7,7,7.0,0.0,0.0,0.8812908992306927,0.0
600585,2019-10,0.1128,6,7,7,6.666666666666667,0.4714045207910317,0.0006420713965977487,0.9709505944546686,0.4714045207910317
600585,2020-01,0.18,7,7,7,7.0,0.0,0.0,0.8812908992306927,0.0
600585,2020-04,-0.06309999999999999,5,6,7,6.0,0.816496580927726,0.002333803387527431,1.0,0.816496580927726
600585,2020-07,-0.0095,5,4,7,5.333333333333333,1.247219128924647,0.006684370996497373,1.0,1.247219128924647
600585,2020-10,0.1318,5,5,7,5.666666666666667,0.9428090415820634,0.0032941013770045433,1.0,0.9428090415820634
600585,2021-01,0.0681,4,4,6,4.666666666666667,0.9428090415820634,0.004817302157272868,0.9709505944546686,0.9428090415820634
600585,2021-04,0.0,5,4,5,4.666666666666667,0.4714045207910317,0.0013272465907683984,1.0,0.4714045207910317
600585,2021-07,0.15380000000000002,4,4,5,4.333333333333333,0.4714045207910317,0.0014294885616036141,0.9709505944546686,0.4714045207910317
600585,2021-10,-0.0575,6,5,4,5.0,0.816496580927726,0.0033729266193250444,0.9709505944546686,0.816496580927726
600585,2022-01,0.0326,6,6,5,5.666666666666667,0.4714045207910317,0.0008932948130031191,0.9709505944546686,0.4714045207910317
600585,2022-04,-0.0915,5,4,5,4.666666666666667,0.4714045207910317,0.0013272465907683984,1.0,0.4714045207910317
600585,2022-07,-0.0199,6,5,6,5.666666666666667,0.4714045207910317,0.0008932948130031191,0.9709505944546686,0.4714045207910317
600585,2022-10,0.20620000000000002,4,4,4,4.0,0.0,0.0,0.9709505944546686,0.0
600585,2023-01,0.0484,4,4,4,4.0,0.0,0.0,0.9709505944546686,0.0
600585,2023-04,-0.0774,5,4,5,4.666666666666667,0.4714045207910317,0.0013272465907683984,1.0,0.4714045207910317
600585,2023-07,-0.057800000000000004,5,5,5,5.0,0.0,0.0,1.0,0.0
600585,2023-10,-0.053399999999999996,6,5,6,5.666666666666667,0.4714045207910317,0.0008932948130031191,0.9709505944546686,0.4714045207910317
600585,2024-01,0.0391,4,4,5,4.333333333333333,0.4714045207910317,0.0014294885616036141,0.9709505944546686,0.4714045207910317
600585,2024-04,0.0489,4,4,6,4.666666666666667,0.9428090415820634,0.004817302157272868,0.9709505944546686,0.9428090415820634
600585,2024-07,-0.14,6,6,6,6.0,0.0,0.0,0.9709505944546686,0.0
600585,2024-10,-0.042199999999999994,7,7,6,6.666666666666667,0.4714045207910317,0.000642071396597733,0.8812908992306927,0.4714045207910317
600588,2005-01,0.1351,5,4,6,5.0,0.816496580927726,0.0033729266193250444,1.0,0.816496580927726
600588,2005-04,0.0116,4,4,6,4.666666666666667,0.9428090415820634,0.004817302157272868,0.9709505944546686,0.9428090415820634
600588,2005-07,0.2785,6,5,5,5.333333333333333,0.4714045207910317,0.0009491787649267315,0.9709505944546686,0.4714045207910317
600588,2005-10,-0.2459,7,8,6,7.0,0.816496580927726,0.001710895898255767,0.8812908992306927,0.816496580927726
600588,2006-01,-3.125,6,6,4,5.333333333333333,0.9428090415820634,0.004212595043515672,0.9709505944546686,0.9428090415820634
600588,2006-04,1.0937999999999999,3,4,2,3.0,0.816496580927726,0.009575061042764446,0.8812908992306927,0.816496580927726
600588,2006-07,-0.4,1,3,2,2.0,0.816496580927726,0.02254805037907019,0.4689955935892812,0.816496580927726
600588,2006-10,1.0526,7,2,2,3.6666666666666665,2.3570226039551585,0.046690002344372206,0.8812908992306927,2.3570226039551585
600588,2007-01,-0.25730000000000003,3,3,3,3.0,0.0,0.0,0.8812908992306927,0.0
600588,2007-04,0.1369,8,3,3,4.666666666666667,2.357022603955158,0.0288940158206592,0.7219280948873623,2.357022603955158
600588,2007-07,0.028300000000000002,7,7,3,5.666666666666667,1.8856180831641267,0.01639998447673846,0.8812908992306927,1.8856180831641267
600588,2007-10,-0.2029,4,6,3,4.333333333333333,1.247219128924647,0.010136727252065516,0.9709505944546686,1.247219128924647
600588,2008-01,0.065,7,8,6,7.0,0.816496580927726,0.001710895898255767,0.8812908992306927,0.816496580927726
600588,2008-04,0.0761,6,6,6,6.0,0.0,0.0,0.9709505944546686,0.0
600588,2008-07,-0.2473,5,6,7,6.0,0.816496580927726,0.002333803387527431,1.0,0.816496580927726
600588,2008-10,0.008199999999999999,6,5,6,5.666666666666667,0.4714045207910317,0.0008932948130031191,0.9709505944546686,0.4714045207910317
600588,2009-01,0.011200000000000002,6,6,4,5.333333333333333,0.9428090415820634,0.004212595043515672,0.9709505944546686,0.9428090415820634
600588,2009-04,-0.008100000000000001,7,6,5,6.0,0.816496580927726,0.002333803387527431,0.8812908992306927,0.816496580927726
600588,2009-07,-0.2928,6,6,6,6.0,0.0,0.0,0.9709505944546686,0.0
600588,2009-10,0.2491,6,7,6,6.333333333333333,0.4714045207910317,0.0006758874784616383,0.9709505944546686,0.4714045207910317
600588,2010-01,0.0287,7,8,6,7.0,0.816496580927726,0.001710895898255767,0.8812908992306927,0.816496580927726
600588,2010-04,-0.1013,6,7,7,6.666666666666667,0.4714045207910317,0.0006420713965977487,0.9709505944546686,0.4714045207910317
600588,2010-07,0.053099999999999994,6,7,7,6.666666666666667,0.4714045207910317,0.0006420713965977487,0.9709505944546686,0.4714045207910317
600588,2010-10,0.0843,7,7,7,7.0,0.0,0.0,0.8812908992306927,0.0
600588,2011-01,0.047400000000000005,4,5,6,5.0,0.816496580927726,0.0033729266193250444,0.9709505944546686,0.816496580927726
600588,2011-04,0.037000000000000005,4,4,5,4.333333333333333,0.4714045207910317,0.0014294885616036141,0.9709505944546686,0.4714045207910317
600588,2011-07,0.0655,7,6,6,6.333333333333333,0.4714045207910317,0.0006758874784616383,0.8812908992306927,0.4714045207910317
600588,2011-10,-0.0556,6,6,6,6.0,0.0,0.0,0.9709505944546686,0.0
600588,2012-01,0.1869,4,4,4,4.0,0.0,0.0,0.9709505944546686,0.0
600588,2012-04,0.0131,6,5,5,5.333333333333333,0.4714045207910317,0.0009491787649267315,0.9709505944546686,0.4714045207910317
600588,2012-07,0.0735,5,6,6,5.666666666666667,0.4714045207910317,0.0008932948130031191,1.0,0.4714045207910317
600588,2012-10,-0.3147,4,4,5,4.333333333333333,0.4714045207910317,0.0014294885616036141,0.9709505944546686,0.4714045207910317
600588,2013-01,-0.09849999999999999,6,6,4,5.333333333333333,0.9428090415820634,0.004212595043515672,0.9709505944546686,0.9428090415820634
600588,2013-04,0.3506,7,6,5,6.0,0.816496580927726,0.002333803387527431,0.8812908992306927,0.816496580927726
600588,2013-07,0.401,4,3,4,3.6666666666666665,0.4714045207910317,0.0021766561578771704,0.9709505944546686,0.4714045207910317
600588,2013-10,0.1429,7,7,5,6.333333333333333,0.9428090415820634,0.002946330098012255,0.8812908992306927,0.9428090415820634
600588,2014-01,0.1895,6,8,7,7.0,0.816496580927726,0.0017108958982558105,0.9709505944546686,0.816496580927726
600588,2014-04,0.2296,5,5,6,5.333333333333333,0.4714045207910317,0.0009491787649267315,1.0,0.4714045207910317
600588,2014-07,0.0695,5,6,6,5.666666666666667,0.4714045207910317,0.0008932948130031191,1.0,0.4714045207910317
600588,2014-10,0.46049999999999996,7,7,7,7.0,0.0,0.0,0.8812908992306927,0.0
600588,2015-01,0.185,7,7,7,7.0,0.0,0.0,0.8812908992306927,0.0
600588,2015-04,0.4462,7,7,7,7.0,0.0,0.0,0.8812908992306927,0.0
600588,2015-07,-0.3574,5,6,6,5.666666666666667,0.4714045207910317,0.0008932948130031191,1.0,0.4714045207910317
600588,2015-10,-0.059699999999999996,3,4,6,4.333333333333333,1.247219128924647,0.01013672725206552,0.8812908992306927,1.247219128924647
600588,2016-01,-0.1425,7,5,6,6.0,0.816496580927726,0.002333803387527431,0.8812908992306927,0.816496580927726
600588,2016-04,-0.0051,6,6,4,5.333333333333333,0.9428090415820634,0.004212595043515672,0.9709505944546686,0.9428090415820634
600588,2016-07,0.1686,6,4,4,4.666666666666667,0.9428090415820634,0.004817302157272943,0.9709505944546686,0.9428090415820634
600588,2016-10,0.0987,5,5,6,5.333333333333333,0.4714045207910317,0.0009491787649267315,1.0,0.4714045207910317
600588,2017-01,0.0076,4,5,4,4.333333333333333,0.4714045207910317,0.0014294885616036141,0.9709505944546686,0.4714045207910317
600588,2017-04,-0.128,4,4,5,4.333333333333333,0.4714045207910317,0.0014294885616036141,0.9709505944546686,0.4714045207910317
600588,2017-07,0.18,6,6,5,5.666666666666667,0.4714045207910317,0.0008932948130031191,0.9709505944546686,0.4714045207910317
600588,2017-10,-0.1267,7,8,6,7.0,0.816496580927726,0.001710895898255767,0.8812908992306927,0.816496580927726
600588,2018-01,0.45770000000000005,6,7,6,6.333333333333333,0.4714045207910317,0.0006758874784616383,0.9709505944546686,0.4714045207910317
600588,2018-04,-0.1322,7,8,7,7.333333333333333,0.4714045207910317,0.0005056809102375145,0.8812908992306927,0.4714045207910317
600588,2018-07,0.0852,4,7,7,6.0,1.4142135623730951,0.007732062599348774,0.9709505944546686,1.4142135623730951
600588,2018-10,-0.0148,6,4,7,5.666666666666667,1.247219128924647,0.006454904945298079,0.9709505944546686,1.247219128924647
600588,2019-01,0.2782,4,4,6,4.666666666666667,0.9428090415820634,0.004817302157272868,0.9709505944546686,0.9428090415820634
600588,2019-04,-0.054000000000000006,7,7,6,6.666666666666667,0.4714045207910317,0.000642071396597733,0.8812908992306927,0.4714045207910317
600588,2019-07,0.1183,7,8,7,7.333333333333333,0.4714045207910317,0.0005056809102375145,0.8812908992306927,0.4714045207910317
600588,2019-10,-0.06309999999999999,6,6,7,6.333333333333333,0.4714045207910317,0.0006758874784615638,0.9709505944546686,0.4714045207910317
600588,2020-01,0.4238,6,6,7,6.333333333333333,0.4714045207910317,0.0006758874784615638,0.9709505944546686,0.4714045207910317
600588,2020-04,-0.0168,6,6,7,6.333333333333333,0.4714045207910317,0.0006758874784615638,0.9709505944546686,0.4714045207910317
600588,2020-07,-0.10949999999999999,7,8,7,7.333333333333333,0.4714045207910317,0.0005056809102375145,0.8812908992306927,0.4714045207910317
600588,2020-10,0.0129,4,6,7,5.666666666666667,1.247219128924647,0.006454904945298079,0.9709505944546686,1.247219128924647
600588,2021-01,-0.1449,7,5,7,6.333333333333333,0.9428090415820634,0.002946330098012255,0.8812908992306927,0.9428090415820634
600588,2021-04,0.099,4,4,6,4.666666666666667,0.9428090415820634,0.004817302157272868,0.9709505944546686,0.9428090415820634
600588,2021-07,-0.0645,4,4,5,4.333333333333333,0.4714045207910317,0.0014294885616036141,0.9709505944546686,0.4714045207910317
600588,2021-10,0.023399999999999997,4,4,6,4.666666666666667,0.9428090415820634,0.004817302157272868,0.9709505944546686,0.9428090415820634
600588,2022-01,-0.1024,7,7,6,6.666666666666667,0.4714045207910317,0.000642071396597733,0.8812908992306927,0.4714045207910317
600588,2022-04,0.0169,4,3,4,3.6666666666666665,0.4714045207910317,0.0021766561578771704,0.9709505944546686,0.4714045207910317
600588,2022-07,-0.0366,6,5,4,5.0,0.816496580927726,0.0033729266193250444,0.9709505944546686,0.816496580927726
600588,2022-10,-0.06280000000000001,4,4,5,4.333333333333333,0.4714045207910317,0.0014294885616036141,0.9709505944546686,0.4714045207910317
600588,2023-01,-0.050300000000000004,7,7,6,6.666666666666667,0.4714045207910317,0.000642071396597733,0.8812908992306927,0.4714045207910317
600588,2023-04,-0.0775,7,7,7,7.0,0.0,0.0,0.8812908992306927,0.0
600588,2023-07,-0.0382,5,6,6,5.666666666666667,0.4714045207910317,0.0008932948130031191,1.0,0.4714045207910317
600588,2023-10,0.0208,4,4,6,4.666666666666667,0.9428090415820634,0.004817302157272868,0.9709505944546686,0.9428090415820634
600588,2024-01,0.1323,7,6,6,6.333333333333333,0.4714045207910317,0.0006758874784616383,0.8812908992306927,0.4714045207910317
600588,2024-04,-0.0335,4,4,4,4.0,0.0,0.0,0.9709505944546686,0.0
600588,2024-07,-0.0908,4,4,4,4.0,0.0,0.0,0.9709505944546686,0.0
600588,2024-10,0.15960000000000002,7,7,5,6.333333333333333,0.9428090415820634,0.002946330098012255,0.8812908992306927,0.9428090415820634
600600,2005-01,0.026600000000000002,5,5,6,5.333333333333333,0.4714045207910317,0.0009491787649267315,1.0,0.4714045207910317
600600,2005-04,-0.0359,4,4,6,4.666666666666667,0.9428090415820634,0.004817302157272868,0.9709505944546686,0.9428090415820634
600600,2005-07,0.0414,6,6,6,6.0,0.0,0.0,0.9709505944546686,0.0
600600,2005-10,-0.022799999999999997,4,4,6,4.666666666666667,0.9428090415820634,0.004817302157272868,0.9709505944546686,0.9428090415820634
600600,2006-01,0.1309,7,6,6,6.333333333333333,0.4714045207910317,0.0006758874784616383,0.8812908992306927,0.4714045207910317
600600,2006-04,0.5799,6,6,7,6.333333333333333,0.4714045207910317,0.0006758874784615638,0.9709505944546686,0.4714045207910317
600600,2006-07,0.0925,6,6,7,6.333333333333333,0.4714045207910317,0.0006758874784615638,0.9709505944546686,0.4714045207910317
600600,2007-01,0.0232,3,3,6,4.0,1.4142135623730951,0.014362591564146779,0.8812908992306927,1.4142135623730951
600600,2007-04,0.8722,7,4,7,6.0,1.4142135623730951,0.007732062599348774,0.8812908992306927,1.4142135623730951
600600,2007-07,0.3153,7,6,3,5.333333333333333,1.699673171197595,0.014489122970023622,0.8812908992306927,1.699673171197595
600600,2007-10,-0.17739999999999997,7,7,1,5.0,2.8284271247461903,0.05968032599346371,0.8812908992306927,2.8284271247461903
600600,2008-01,-0.0642,7,8,6,7.0,0.816496580927726,0.001710895898255767,0.8812908992306927,0.816496580927726
600600,2008-04,-0.1875,3,2,6,3.6666666666666665,1.699673171197595,0.02575266944219168,0.8812908992306927,1.699673171197595
600600,2008-07,-0.2833,4,2,4,3.3333333333333335,0.9428090415820634,0.011456875501600412,0.9709505944546686,0.9428090415820634
600600,2008-10,0.26489999999999997,3,2,3,2.6666666666666665,0.4714045207910317,0.004212595043515672,0.8812908992306927,0.4714045207910317
600600,2009-01,0.0736,7,7,4,6.0,1.4142135623730951,0.007732062599348774,0.8812908992306927,1.4142135623730951
600600,2009-04,0.011699999999999999,7,8,6,7.0,0.816496580927726,0.001710895898255767,0.8812908992306927,0.816496580927726
600600,2009-07,-0.0121,8,8,7,7.666666666666667,0.4714045207910317,0.000483684145855568,0.7219280948873623,0.4714045207910317
600600,2009-10,0.1912,7,8,7,7.333333333333333,0.4714045207910317,0.0005056809102375145,0.8812908992306927,0.4714045207910317
600600,2010-01,0.0148,7,8,8,7.666666666666667,0.4714045207910317,0.000483684145855568,0.8812908992306927,0.4714045207910317
600600,2010-04,-0.047599999999999996,4,6,7,5.666666666666667,1.247219128924647,0.006454904945298079,0.9709505944546686,1.247219128924647
600600,2010-07,0.0935,5,4,7,5.333333333333333,1.247219128924647,0.006684370996497373,1.0,1.247219128924647
600600,2010-10,-0.0313,8,8,7,7.666666666666667,0.4714045207910317,0.000483684145855568,0.7219280948873623,0.4714045207910317
600600,2011-01,0.0058,4,6,6,5.333333333333333,0.9428090415820634,0.004212595043515672,0.9709505944546686,0.9428090415820634
600600,2011-04,0.039599999999999996,4,4,6,4.666666666666667,0.9428090415820634,0.004817302157272868,0.9709505944546686,0.9428090415820634
600600,2011-07,-0.0852,6,5,7,6.0,0.816496580927726,0.002333803387527431,0.9709505944546686,0.816496580927726
600600,2011-10,0.08560000000000001,4,6,6,5.333333333333333,0.9428090415820634,0.004212595043515672,0.9709505944546686,0.9428090415820634
600600,2012-01,0.10949999999999999,5,4,6,5.0,0.816496580927726,0.0033729266193250444,1.0,0.816496580927726
600600,2012-04,0.1217,5,4,6,5.0,0.816496580927726,0.0033729266193250444,1.0,0.816496580927726
600600,2012-07,-0.14800000000000002,7,7,7,7.0,0.0,0.0,0.8812908992306927,0.0
600600,2012-10,-0.0692,4,5,6,5.0,0.816496580927726,0.0033729266193250444,0.9709505944546686,0.816496580927726
600600,2013-01,0.11470000000000001,7,6,6,6.333333333333333,0.4714045207910317,0.0006758874784616383,0.8812908992306927,0.4714045207910317
600600,2013-04,0.042699999999999995,7,7,7,7.0,0.0,0.0,0.8812908992306927,0.0
600600,2013-07,-0.0218,6,7,6,6.333333333333333,0.4714045207910317,0.0006758874784616383,0.9709505944546686,0.4714045207910317
600600,2013-10,-0.0034999999999999996,7,8,7,7.333333333333333,0.4714045207910317,0.0005056809102375145,0.8812908992306927,0.4714045207910317
600600,2014-01,-0.0374,7,8,8,7.666666666666667,0.4714045207910317,0.000483684145855568,0.8812908992306927,0.4714045207910317
600600,2014-04,0.0816,4,4,6,4.666666666666667,0.9428090415820634,0.004817302157272868,0.9709505944546686,0.9428090415820634
600600,2014-07,-0.0665,6,4,7,5.666666666666667,1.247219128924647,0.006454904945298079,0.9709505944546686,1.247219128924647
600600,2014-10,0.008100000000000001,5,6,6,5.666666666666667,0.4714045207910317,0.0008932948130031191,1.0,0.4714045207910317
600600,2015-01,-0.0393,7,7,6,6.666666666666667,0.4714045207910317,0.000642071396597733,0.8812908992306927,0.4714045207910317
600600,2015-04,0.1585,7,7,7,7.0,0.0,0.0,0.8812908992306927,0.0
600600,2015-07,-0.1331,6,6,7,6.333333333333333,0.4714045207910317,0.0006758874784615638,0.9709505944546686,0.4714045207910317
600600,2015-10,-0.09480000000000001,4,4,5,4.333333333333333,0.4714045207910317,0.0014294885616036141,0.9709505944546686,0.4714045207910317
600600,2016-01,-0.054400000000000004,6,5,6,5.666666666666667,0.4714045207910317,0.0008932948130031191,0.9709505944546686,0.4714045207910317
600600,2016-04,0.0305,6,6,5,5.666666666666667,0.4714045207910317,0.0008932948130031191,0.9709505944546686,0.4714045207910317
600600,2016-07,-0.024900000000000002,6,4,6,5.333333333333333,0.9428090415820634,0.004212595043515672,0.9709505944546686,0.9428090415820634
600600,2016-10,-0.0121,7,7,6,6.666666666666667,0.4714045207910317,0.000642071396597733,0.8812908992306927,0.4714045207910317
600600,2017-01,0.0492,4,6,6,5.333333333333333,0.9428090415820634,0.004212595043515672,0.9709505944546686,0.9428090415820634
600600,2017-04,0.0528,6,6,7,6.333333333333333,0.4714045207910317,0.0006758874784615638,0.9709505944546686,0.4714045207910317
600600,2017-07,-0.0552,7,8,7,7.333333333333333,0.4714045207910317,0.0005056809102375145,0.8812908992306927,0.4714045207910317
600600,2017-10,-0.1539,4,4,6,4.666666666666667,0.9428090415820634,0.004817302157272868,0.9709505944546686,0.9428090415820634
600600,2018-01,-0.0575,7,7,7,7.0,0.0,0.0,0.8812908992306927,0.0
600600,2018-04,0.3912,7,8,7,7.333333333333333,0.4714045207910317,0.0005056809102375145,0.8812908992306927,0.4714045207910317
600600,2018-07,-0.2778,5,5,7,5.666666666666667,0.9428090415820634,0.0032941013770045433,1.0,0.9428090415820634
600600,2018-10,0.029500000000000002,5,5,6,5.333333333333333,0.4714045207910317,0.0009491787649267315,1.0,0.4714045207910317
600600,2019-01,0.0191,7,6,5,6.0,0.816496580927726,0.002333803387527431,0.8812908992306927,0.816496580927726
600600,2019-04,-0.0567,8,8,7,7.666666666666667,0.4714045207910317,0.000483684145855568,0.7219280948873623,0.4714045207910317
600600,2019-07,0.2193,7,7,7,7.0,0.0,0.0,0.8812908992306927,0.0
600600,2019-10,0.0956,5,6,7,6.0,0.816496580927726,0.002333803387527431,1.0,0.816496580927726
600600,2020-01,-0.141,6,6,7,6.333333333333333,0.4714045207910317,0.0006758874784615638,0.9709505944546686,0.4714045207910317
600600,2020-04,0.2377,6,6,7,6.333333333333333,0.4714045207910317,0.0006758874784615638,0.9709505944546686,0.4714045207910317
600600,2020-07,0.057999999999999996,7,8,7,7.333333333333333,0.4714045207910317,0.0005056809102375145,0.8812908992306927,0.4714045207910317
600600,2020-10,0.16510000000000002,4,6,7,5.666666666666667,1.247219128924647,0.006454904945298079,0.9709505944546686,1.247219128924647
600600,2021-01,-0.11320000000000001,7,8,7,7.333333333333333,0.4714045207910317,0.0005056809102375145,0.8812908992306927,0.4714045207910317
600600,2021-04,0.1675,6,7,7,6.666666666666667,0.4714045207910317,0.0006420713965977487,0.9709505944546686,0.4714045207910317
600600,2021-07,0.09369999999999999,7,7,7,7.0,0.0,0.0,0.8812908992306927,0.0
600600,2021-10,-0.0567,4,4,6,4.666666666666667,0.9428090415820634,0.004817302157272868,0.9709505944546686,0.9428090415820634
600600,2022-01,0.018600000000000002,7,5,6,6.0,0.816496580927726,0.002333803387527431,0.8812908992306927,0.816496580927726
600600,2022-04,0.0814,4,4,6,4.666666666666667,0.9428090415820634,0.004817302157272868,0.9709505944546686,0.9428090415820634
600600,2022-07,0.1026,7,7,6,6.666666666666667,0.4714045207910317,0.000642071396597733,0.8812908992306927,0.4714045207910317
600600,2022-10,0.25730000000000003,6,7,7,6.666666666666667,0.4714045207910317,0.0006420713965977487,0.9709505944546686,0.4714045207910317
600600,2023-01,0.10980000000000001,6,7,6,6.333333333333333,0.4714045207910317,0.0006758874784616383,0.9709505944546686,0.4714045207910317
600600,2023-04,-0.1949,7,7,7,7.0,0.0,0.0,0.8812908992306927,0.0
600600,2023-07,-0.08,6,6,6,6.0,0.0,0.0,0.9709505944546686,0.0
600600,2023-10,-0.11349999999999999,5,4,6,5.0,0.816496580927726,0.0033729266193250444,1.0,0.816496580927726
600600,2024-01,0.1616,5,4,6,5.0,0.816496580927726,0.0033729266193250444,1.0,0.816496580927726
600600,2024-04,-0.0557,7,6,6,6.333333333333333,0.4714045207910317,0.0006758874784616383,0.8812908992306927,0.4714045207910317
600600,2024-07,-0.139,4,4,6,4.666666666666667,0.9428090415820634,0.004817302157272868,0.9709505944546686,0.9428090415820634
600600,2024-10,0.0901,7,7,6,6.666666666666667,0.4714045207910317,0.000642071396597733,0.8812908992306927,0.4714045207910317
600660,2005-01,0.0354,5,6,7,6.0,0.816496580927726,0.002333803387527431,1.0,0.816496580927726
600660,2005-04,-0.044000000000000004,7,6,7,6.666666666666667,0.4714045207910317,0.0006420713965977487,0.8812908992306927,0.4714045207910317
600660,2005-07,-0.0024,6,6,7,6.333333333333333,0.4714045207910317,0.0006758874784615638,0.9709505944546686,0.4714045207910317
600660,2005-10,-0.0069,6,6,7,6.333333333333333,0.4714045207910317,0.0006758874784615638,0.9709505944546686,0.4714045207910317
600660,2006-01,-0.0165,6,6,7,6.333333333333333,0.4714045207910317,0.0006758874784615638,0.9709505944546686,0.4714045207910317
600660,2006-04,0.04769999999999999,6,6,7,6.333333333333333,0.4714045207910317,0.0006758874784615638,0.9709505944546686,0.4714045207910317
600660,2006-07,-0.0076,7,7,7,7.0,0.0,0.0,0.8812908992306927,0.0
600660,2006-10,0.1832,6,7,7,6.666666666666667,0.4714045207910317,0.0006420713965977487,0.9709505944546686,0.4714045207910317
600660,2007-01,0.10550000000000001,7,8,8,7.666666666666667,0.4714045207910317,0.000483684145855568,0.8812908992306927,0.4714045207910317
600660,2007-04,0.2425,8,8,8,8.0,0.0,0.0,0.7219280948873623,0.0
600660,2007-07,-0.44380000000000003,6,7,3,5.333333333333333,1.699673171197595,0.014489122970023622,0.9709505944546686,1.699673171197595
600660,2007-10,-5.6389,3,3,3,3.0,0.0,0.0,0.8812908992306927,0.0
600660,2008-01,1.2083,3,1,1,1.6666666666666667,0.9428090415820634,0.036160391661783364,0.8812908992306927,0.9428090415820634
600660,2008-04,-1.2437,1,3,1,1.6666666666666667,0.9428090415820634,0.036160391661783364,0.4689955935892812,0.9428090415820634
600660,2008-07,-0.2311,2,2,2,2.0,0.0,0.0,0.7219280948873623,0.0
600660,2008-10,0.0253,6,5,3,4.666666666666667,1.247219128924647,0.0097112135713919,0.9709505944546686,1.247219128924647
600660,2009-01,0.0217,5,5,4,4.666666666666667,0.4714045207910317,0.0013272465907683984,1.0,0.4714045207910317
600660,2009-04,0.0969,8,7,3,6.0,2.160246899469287,0.019209548095934934,0.7219280948873623,2.160246899469287
600660,2009-07,-0.17800000000000002,7,8,7,7.333333333333333,0.4714045207910317,0.0005056809102375145,0.8812908992306927,0.4714045207910317
600660,2009-10,0.502,7,8,8,7.666666666666667,0.4714045207910317,0.000483684145855568,0.8812908992306927,0.4714045207910317
600660,2010-01,0.1186,3,7,7,5.666666666666667,1.8856180831641267,0.01639998447673846,0.8812908992306927,1.8856180831641267
600660,2010-04,-0.5013000000000001,3,2,1,2.0,0.816496580927726,0.022548050379070088,0.8812908992306927,0.816496580927726
600660,2010-07,0.1313,4,3,1,2.6666666666666665,1.247219128924647,0.03356831678879539,0.9709505944546686,1.247219128924647
600660,2010-10,-1.4609999999999999,8,6,3,5.666666666666667,2.0548046676563256,0.018291675048278867,0.7219280948873623,2.0548046676563256
600660,2011-01,0.3245,3,3,4,3.3333333333333335,0.4714045207910317,0.0023948438453058845,0.8812908992306927,0.4714045207910317
600660,2011-04,-0.1414,7,3,3,4.333333333333333,1.8856180831641267,0.021556318259027013,0.8812908992306927,1.8856180831641267
600660,2011-07,-0.0919,6,6,4,5.333333333333333,0.9428090415820634,0.004212595043515672,0.9709505944546686,0.9428090415820634
600660,2011-10,-0.1458,4,4,4,4.0,0.0,0.0,0.9709505944546686,0.0
600660,2012-01,0.046799999999999994,6,5,6,5.666666666666667,0.4714045207910317,0.0008932948130031191,0.9709505944546686,0.4714045207910317
600660,2012-04,0.0481,6,4,6,5.333333333333333,0.9428090415820634,0.004212595043515672,0.9709505944546686,0.9428090415820634
600660,2012-07,-0.0478,6,4,6,5.333333333333333,0.9428090415820634,0.004212595043515672,0.9709505944546686,0.9428090415820634
600660,2012-10,0.024,5,6,6,5.666666666666667,0.4714045207910317,0.0008932948130031191,1.0,0.4714045207910317
600660,2013-01,-0.0017000000000000001,8,7,7,7.333333333333333,0.4714045207910317,0.0005056809102375145,0.7219280948873623,0.4714045207910317
600660,2013-04,0.1431,5,6,7,6.0,0.816496580927726,0.002333803387527431,1.0,0.816496580927726
600660,2013-07,0.0604,4,4,6,4.666666666666667,0.9428090415820634,0.004817302157272868,0.9709505944546686,0.9428090415820634
600660,2013-10,0.0347,7,7,7,7.0,0.0,0.0,0.8812908992306927,0.0
600660,2014-01,0.032,5,7,7,6.333333333333333,0.9428090415820634,0.002946330098012255,1.0,0.9428090415820634
600660,2014-04,0.0482,7,6,7,6.666666666666667,0.4714045207910317,0.0006420713965977487,0.8812908992306927,0.4714045207910317
600660,2014-07,0.07440000000000001,7,7,8,7.333333333333333,0.4714045207910317,0.0005056809102375145,0.8812908992306927,0.4714045207910317
600660,2014-10,0.2857,7,8,8,7.666666666666667,0.4714045207910317,0.000483684145855568,0.8812908992306927,0.4714045207910317
600660,2015-01,11.785699999999999,7,7,7,7.0,0.0,0.0,0.8812908992306927,0.0
600660,2015-04,0.2401,1,2,1,1.3333333333333333,0.4714045207910317,0.014362591564146779,0.4689955935892812,0.4714045207910317
600660,2015-07,-1.2174,3,3,3,3.0,0.0,0.0,0.8812908992306927,0.0
600660,2015-10,0.537,1,1,3,1.6666666666666667,0.9428090415820634,0.036160391661783364,0.4689955935892812,0.9428090415820634
600660,2016-01,0.3818,3,6,2,3.6666666666666665,1.699673171197595,0.02575266944219168,0.8812908992306927,1.699673171197595
600660,2016-04,0.165,6,1,3,3.3333333333333335,2.0548046676563256,0.052892079858521616,0.9709505944546686,2.0548046676563256
600660,2016-07,0.0083,6,6,4,5.333333333333333,0.9428090415820634,0.004212595043515672,0.9709505944546686,0.9428090415820634
600660,2016-10,0.1873,7,8,2,5.666666666666667,2.6246692913372702,0.03482957969649631,0.8812908992306927,2.6246692913372702
600660,2017-01,0.10279999999999999,7,7,8,7.333333333333333,0.4714045207910317,0.0005056809102375145,0.8812908992306927,0.4714045207910317
600660,2017-04,0.1991,7,8,8,7.666666666666667,0.4714045207910317,0.000483684145855568,0.8812908992306927,0.4714045207910317
600660,2017-07,-0.0226,8,8,7,7.666666666666667,0.4714045207910317,0.000483684145855568,0.7219280948873623,0.4714045207910317
600660,2017-10,-0.048600000000000004,7,8,7,7.333333333333333,0.4714045207910317,0.0005056809102375145,0.8812908992306927,0.4714045207910317
600660,2018-01,-0.055999999999999994,8,8,8,8.0,0.0,0.0,0.7219280948873623,0.0
600660,2018-04,0.2754,4,4,7,5.0,1.4142135623730951,0.009292928204941,0.9709505944546686,1.4142135623730951
600660,2018-07,0.0139,7,6,6,6.333333333333333,0.4714045207910317,0.0006758874784616383,0.8812908992306927,0.4714045207910317
600660,2018-10,0.0125,6,6,7,6.333333333333333,0.4714045207910317,0.0006758874784615638,0.9709505944546686,0.4714045207910317
600660,2019-01,0.073,6,6,6,6.0,0.0,0.0,0.9709505944546686,0.0
600660,2019-04,-0.16469999999999999,7,6,7,6.666666666666667,0.4714045207910317,0.0006420713965977487,0.8812908992306927,0.4714045207910317
600660,2019-07,-0.044199999999999996,7,7,6,6.666666666666667,0.4714045207910317,0.000642071396597733,0.8812908992306927,0.4714045207910317
600660,2019-10,0.0797,6,5,6,5.666666666666667,0.4714045207910317,0.0008932948130031191,0.9709505944546686,0.4714045207910317
600660,2020-01,-0.0908,7,7,7,7.0,0.0,0.0,0.8812908992306927,0.0
600660,2020-04,-0.0138,4,4,6,4.666666666666667,0.9428090415820634,0.004817302157272868,0.9709505944546686,0.9428090415820634
600660,2020-07,0.2827,8,6,6,6.666666666666667,0.9428090415820634,0.0023948438453058845,0.7219280948873623,0.9428090415820634
600660,2020-10,0.0895,7,8,8,7.666666666666667,0.4714045207910317,0.000483684145855568,0.8812908992306927,0.4714045207910317
600660,2021-01,-0.2293,8,8,8,8.0,0.0,0.0,0.7219280948873623,0.0
600660,2021-04,0.0223,6,7,7,6.666666666666667,0.4714045207910317,0.0006420713965977487,0.9709505944546686,0.4714045207910317
600660,2021-07,-0.0098,7,7,7,7.0,0.0,0.0,0.8812908992306927,0.0
600660,2021-10,-0.08130000000000001,4,4,7,5.0,1.4142135623730951,0.009292928204941,0.9709505944546686,1.4142135623730951
600660,2022-01,-0.0892,7,6,7,6.666666666666667,0.4714045207910317,0.0006420713965977487,0.8812908992306927,0.4714045207910317
600660,2022-04,0.1989,4,4,6,4.666666666666667,0.9428090415820634,0.004817302157272868,0.9709505944546686,0.9428090415820634
600660,2022-07,-0.0567,7,6,6,6.333333333333333,0.4714045207910317,0.0006758874784616383,0.8812908992306927,0.4714045207910317
600660,2022-10,0.1371,4,6,6,5.333333333333333,0.9428090415820634,0.004212595043515672,0.9709505944546686,0.9428090415820634
600660,2023-01,-0.0604,6,4,6,5.333333333333333,0.9428090415820634,0.004212595043515672,0.9709505944546686,0.9428090415820634
600660,2023-04,-0.0095,6,5,7,6.0,0.816496580927726,0.002333803387527431,0.9709505944546686,0.816496580927726
600660,2023-07,0.0037,7,7,6,6.666666666666667,0.4714045207910317,0.000642071396597733,0.8812908992306927,0.4714045207910317
600660,2023-10,0.0144,6,7,7,6.666666666666667,0.4714045207910317,0.0006420713965977487,0.9709505944546686,0.4714045207910317
600660,2024-01,0.1574,6,6,8,6.666666666666667,0.9428090415820634,0.0023948438453058845,0.9709505944546686,0.9428090415820634
600660,2024-04,-0.0513,7,7,8,7.333333333333333,0.4714045207910317,0.0005056809102375145,0.8812908992306927,0.4714045207910317
600660,2024-07,0.0701,7,7,8,7.333333333333333,0.4714045207910317,0.0005056809102375145,0.8812908992306927,0.4714045207910317
600660,2024-10,-0.019,7,8,8,7.666666666666667,0.4714045207910317,0.000483684145855568,0.8812908992306927,0.4714045207910317
600674,2005-01,0.0414,5,5,6,5.333333333333333,0.4714045207910317,0.0009491787649267315,1.0,0.4714045207910317
600674,2005-04,-0.009899999999999999,5,5,6,5.333333333333333,0.4714045207910317,0.0009491787649267315,1.0,0.4714045207910317
600674,2005-07,0.0161,6,6,6,6.0,0.0,0.0,0.9709505944546686,0.0
600674,2005-10,-0.0175,6,6,6,6.0,0.0,0.0,0.9709505944546686,0.0
600674,2006-01,0.0351,5,6,7,6.0,0.816496580927726,0.002333803387527431,1.0,0.816496580927726
600674,2006-04,0.1594,6,6,7,6.333333333333333,0.4714045207910317,0.0006758874784615638,0.9709505944546686,0.4714045207910317
600674,2006-07,0.006999999999999999,6,6,7,6.333333333333333,0.4714045207910317,0.0006758874784615638,0.9709505944546686,0.4714045207910317
600674,2006-10,0.0175,5,5,6,5.333333333333333,0.4714045207910317,0.0009491787649267315,1.0,0.4714045207910317
600674,2007-01,0.18280000000000002,6,6,7,6.333333333333333,0.4714045207910317,0.0006758874784615638,0.9709505944546686,0.4714045207910317
600674,2007-04,0.041100000000000005,7,8,8,7.666666666666667,0.4714045207910317,0.000483684145855568,0.8812908992306927,0.4714045207910317
600674,2007-07,0.3125,4,6,7,5.666666666666667,1.247219128924647,0.006454904945298079,0.9709505944546686,1.247219128924647
600674,2007-10,3.1633,7,8,7,7.333333333333333,0.4714045207910317,0.0005056809102375145,0.8812908992306927,0.4714045207910317
600674,2008-01,0.9268000000000001,3,3,1,2.3333333333333335,0.9428090415820634,0.025559141193383414,0.8812908992306927,0.9428090415820634
600674,2008-04,0.07690000000000001,3,3,3,3.0,0.0,0.0,0.8812908992306927,0.0
600674,2008-07,-0.9015000000000001,5,3,3,3.6666666666666665,0.9428090415820634,0.007715945411659827,1.0,0.9428090415820634
600674,2008-10,1.2845,4,4,3,3.6666666666666665,0.4714045207910317,0.0021766561578771704,0.9709505944546686,0.4714045207910317
600674,2009-01,-0.5093,3,3,2,2.6666666666666665,0.4714045207910317,0.004212595043515672,0.8812908992306927,0.4714045207910317
600674,2009-04,-0.06509999999999999,2,1,1,1.3333333333333333,0.4714045207910317,0.014362591564146779,0.7219280948873623,0.4714045207910317
600674,2009-07,-0.75,4,6,3,4.333333333333333,1.247219128924647,0.010136727252065516,0.9709505944546686,1.247219128924647
600674,2009-10,0.7286,4,6,2,4.0,1.632993161855452,0.022548050379070088,0.9709505944546686,1.632993161855452
600674,2010-01,0.057999999999999996,5,2,4,3.6666666666666665,1.247219128924647,0.016317329466294783,1.0,1.247219128924647
600674,2010-04,-0.20829999999999999,4,4,4,4.0,0.0,0.0,0.9709505944546686,0.0
600674,2010-07,9.666699999999999,1,1,3,1.6666666666666667,0.9428090415820634,0.036160391661783364,0.4689955935892812,0.9428090415820634
600674,2010-10,-0.5688,2,2,1,1.6666666666666667,0.4714045207910317,0.011456875501600412,0.7219280948873623,0.4714045207910317
600674,2011-01,0.625,3,3,2,2.6666666666666665,0.4714045207910317,0.004212595043515672,0.8812908992306927,0.4714045207910317
600674,2011-04,-0.6528,7,5,2,4.666666666666667,2.0548046676563256,0.02818625407324511,0.8812908992306927,2.0548046676563256
600674,2011-07,-2.3333,4,6,3,4.333333333333333,1.247219128924647,0.010136727252065516,0.9709505944546686,1.247219128924647
600674,2011-10,-0.9333,2,1,3,2.0,0.816496580927726,0.02254805037907019,0.7219280948873623,0.816496580927726
600674,2012-01,0.3333,1,1,3,1.6666666666666667,0.9428090415820634,0.036160391661783364,0.4689955935892812,0.9428090415820634
600674,2012-04,0.9722,2,1,1,1.3333333333333333,0.4714045207910317,0.014362591564146779,0.7219280948873623,0.4714045207910317
600674,2012-07,0.33899999999999997,1,1,1,1.0,0.0,0.0,0.4689955935892812,0.0
600674,2012-10,2.3,4,2,1,2.3333333333333335,1.247219128924647,0.03635797646202721,0.9709505944546686,1.247219128924647
600674,2013-01,0.0964,1,1,1,1.0,0.0,0.0,0.4689955935892812,0.0
600674,2013-04,1.4198,7,3,1,3.6666666666666665,2.494438257849294,0.062410457549092635,0.8812908992306927,2.494438257849294
600674,2013-07,0.37799999999999995,6,6,3,5.0,1.4142135623730951,0.011456875501600412,0.9709505944546686,1.4142135623730951
600674,2013-10,-0.009000000000000001,6,6,3,5.0,1.4142135623730951,0.011456875501600412,0.9709505944546686,1.4142135623730951
600674,2014-01,-0.0060999999999999995,5,6,7,6.0,0.816496580927726,0.002333803387527431,1.0,0.816496580927726
600674,2014-04,0.0329,7,6,7,6.666666666666667,0.4714045207910317,0.0006420713965977487,0.8812908992306927,0.4714045207910317
600674,2014-07,0.2519,7,7,8,7.333333333333333,0.4714045207910317,0.0005056809102375145,0.8812908992306927,0.4714045207910317
600674,2014-10,-0.0643,7,8,8,7.666666666666667,0.4714045207910317,0.000483684145855568,0.8812908992306927,0.4714045207910317
600674,2015-01,0.058600000000000006,7,7,7,7.0,0.0,0.0,0.8812908992306927,0.0
600674,2015-04,-0.0165,8,8,7,7.666666666666667,0.4714045207910317,0.000483684145855568,0.7219280948873623,0.4714045207910317
600674,2015-07,-0.0729,7,7,8,7.333333333333333,0.4714045207910317,0.0005056809102375145,0.8812908992306927,0.4714045207910317
600674,2015-10,-0.0223,4,4,7,5.0,1.4142135623730951,0.009292928204941,0.9709505944546686,1.4142135623730951
600674,2016-01,-0.006999999999999999,6,6,7,6.333333333333333,0.4714045207910317,0.0006758874784615638,0.9709505944546686,0.4714045207910317
600674,2016-04,0.016,6,6,4,5.333333333333333,0.9428090415820634,0.004212595043515672,0.9709505944546686,0.9428090415820634
600674,2016-07,0.0,6,4,6,5.333333333333333,0.9428090415820634,0.004212595043515672,0.9709505944546686,0.9428090415820634
600674,2016-10,0.0889,6,6,6,6.0,0.0,0.0,0.9709505944546686,0.0
600674,2017-01,0.0,5,6,6,5.666666666666667,0.4714045207910317,0.0008932948130031191,1.0,0.4714045207910317
600674,2017-04,0.0258,6,7,7,6.666666666666667,0.4714045207910317,0.0006420713965977487,0.9709505944546686,0.4714045207910317
600674,2017-07,-0.0436,7,7,8,7.333333333333333,0.4714045207910317,0.0005056809102375145,0.8812908992306927,0.4714045207910317
600674,2017-10,-0.0098,5,6,7,6.0,0.816496580927726,0.002333803387527431,1.0,0.816496580927726
600674,2018-01,-0.08039999999999999,7,7,7,7.0,0.0,0.0,0.8812908992306927,0.0
600674,2018-04,0.0924,4,6,7,5.666666666666667,1.247219128924647,0.006454904945298079,0.9709505944546686,1.247219128924647
600674,2018-07,-0.1188,4,4,6,4.666666666666667,0.9428090415820634,0.004817302157272868,0.9709505944546686,0.9428090415820634
600674,2018-10,-0.0092,6,6,6,6.0,0.0,0.0,0.9709505944546686,0.0
600674,2019-01,0.0154,7,7,6,6.666666666666667,0.4714045207910317,0.000642071396597733,0.8812908992306927,0.4714045207910317
600674,2019-04,0.024,7,7,7,7.0,0.0,0.0,0.8812908992306927,0.0
600674,2019-07,0.0738,5,6,7,6.0,0.816496580927726,0.002333803387527431,1.0,0.816496580927726
600674,2019-10,-0.015,6,7,8,7.0,0.816496580927726,0.0017108958982558105,0.9709505944546686,0.816496580927726
600674,2020-01,0.0059,6,7,7,6.666666666666667,0.4714045207910317,0.0006420713965977487,0.9709505944546686,0.4714045207910317
600674,2020-04,-0.013500000000000002,5,6,6,5.666666666666667,0.4714045207910317,0.0008932948130031191,1.0,0.4714045207910317
600674,2020-07,0.0621,7,6,7,6.666666666666667,0.4714045207910317,0.0006420713965977487,0.8812908992306927,0.4714045207910317
600674,2020-10,0.044500000000000005,6,7,7,6.666666666666667,0.4714045207910317,0.0006420713965977487,0.9709505944546686,0.4714045207910317
600674,2021-01,-0.0245,6,7,7,6.666666666666667,0.4714045207910317,0.0006420713965977487,0.9709505944546686,0.4714045207910317
600674,2021-04,0.051699999999999996,7,8,7,7.333333333333333,0.4714045207910317,0.0005056809102375145,0.8812908992306927,0.4714045207910317
600674,2021-07,0.046,6,7,7,6.666666666666667,0.4714045207910317,0.0006420713965977487,0.9709505944546686,0.4714045207910317
600674,2021-10,-0.14529999999999998,7,7,7,7.0,0.0,0.0,0.8812908992306927,0.0
600674,2022-01,0.09789999999999999,6,7,7,6.666666666666667,0.4714045207910317,0.0006420713965977487,0.9709505944546686,0.4714045207910317
600674,2022-04,0.10710000000000001,4,4,6,4.666666666666667,0.9428090415820634,0.004817302157272868,0.9709505944546686,0.9428090415820634
600674,2022-07,0.0639,7,6,6,6.333333333333333,0.4714045207910317,0.0006758874784616383,0.8812908992306927,0.4714045207910317
600674,2022-10,0.08929999999999999,6,6,6,6.0,0.0,0.0,0.9709505944546686,0.0
600674,2023-01,0.0406,6,7,6,6.333333333333333,0.4714045207910317,0.0006758874784616383,0.9709505944546686,0.4714045207910317
600674,2023-04,0.0395,7,7,8,7.333333333333333,0.4714045207910317,0.0005056809102375145,0.8812908992306927,0.4714045207910317
600674,2023-07,0.0366,7,7,7,7.0,0.0,0.0,0.8812908992306927,0.0
600674,2023-10,-0.030899999999999997,6,7,7,6.666666666666667,0.4714045207910317,0.0006420713965977487,0.9709505944546686,0.4714045207910317
600674,2024-01,0.0088,7,7,8,7.333333333333333,0.4714045207910317,0.0005056809102375145,0.8812908992306927,0.4714045207910317
600674,2024-04,0.079,7,7,7,7.0,0.0,0.0,0.8812908992306927,0.0
600674,2024-07,-0.08349999999999999,7,7,8,7.333333333333333,0.4714045207910317,0.0005056809102375145,0.8812908992306927,0.4714045207910317
600674,2024-10,-0.0159,7,8,7,7.333333333333333,0.4714045207910317,0.0005056809102375145,0.8812908992306927,0.4714045207910317
600845,2005-01,0.07,5,5,6,5.333333333333333,0.4714045207910317,0.0009491787649267315,1.0,0.4714045207910317
600845,2005-04,-0.0268,4,4,6,4.666666666666667,0.9428090415820634,0.004817302157272868,0.9709505944546686,0.9428090415820634
600845,2005-07,0.0836,5,5,6,5.333333333333333,0.4714045207910317,0.0009491787649267315,1.0,0.4714045207910317
600845,2005-10,0.0317,6,4,6,5.333333333333333,0.9428090415820634,0.004212595043515672,0.9709505944546686,0.9428090415820634
600845,2006-01,0.0,6,6,6,6.0,0.0,0.0,0.9709505944546686,0.0
600845,2006-04,0.20379999999999998,6,6,6,6.0,0.0,0.0,0.9709505944546686,0.0
600845,2006-07,0.0508,4,3,5,4.0,0.816496580927726,0.00530599861166309,0.9709505944546686,0.816496580927726
600845,2006-10,-0.048,5,4,5,4.666666666666667,0.4714045207910317,0.0013272465907683984,1.0,0.4714045207910317
600845,2007-01,0.0837,6,5,6,5.666666666666667,0.4714045207910317,0.0008932948130031191,0.9709505944546686,0.4714045207910317
600845,2007-04,0.381,8,8,7,7.666666666666667,0.4714045207910317,0.000483684145855568,0.7219280948873623,0.4714045207910317
600845,2007-07,5.5789,7,8,7,7.333333333333333,0.4714045207910317,0.0005056809102375145,0.8812908992306927,0.4714045207910317
600845,2007-10,-1.4082,6,4,4,4.666666666666667,0.9428090415820634,0.004817302157272943,0.9709505944546686,0.9428090415820634
600845,2008-01,3.5385000000000004,3,3,2,2.6666666666666665,0.4714045207910317,0.004212595043515672,0.8812908992306927,0.4714045207910317
600845,2008-04,0.177,3,1,1,1.6666666666666667,0.9428090415820634,0.036160391661783364,0.8812908992306927,0.9428090415820634
600845,2008-07,-0.15109999999999998,2,2,3,2.3333333333333335,0.4714045207910317,0.004817302157272868,0.7219280948873623,0.4714045207910317
600845,2008-10,0.0823,4,3,4,3.6666666666666665,0.4714045207910317,0.0021766561578771704,0.9709505944546686,0.4714045207910317
600845,2009-01,-0.038900000000000004,6,6,4,5.333333333333333,0.9428090415820634,0.004212595043515672,0.9709505944546686,0.9428090415820634
600845,2009-04,-0.0562,8,7,4,6.333333333333333,1.699673171197595,0.009987340665783205,0.7219280948873623,1.699673171197595
600845,2009-07,-3.8182,7,8,7,7.333333333333333,0.4714045207910317,0.0005056809102375145,0.8812908992306927,0.4714045207910317
600845,2009-10,-1.7647,3,3,1,2.3333333333333335,0.9428090415820634,0.025559141193383414,0.8812908992306927,0.9428090415820634
600845,2010-01,-0.1304,3,3,1,2.3333333333333335,0.9428090415820634,0.025559141193383414,0.8812908992306927,0.9428090415820634
600845,2010-04,-2.6429,4,2,1,2.3333333333333335,1.247219128924647,0.03635797646202721,0.9709505944546686,1.247219128924647
600845,2010-07,0.030299999999999997,7,7,1,5.0,2.8284271247461903,0.05968032599346371,0.8812908992306927,2.8284271247461903
600845,2010-10,0.0,3,4,3,3.3333333333333335,0.4714045207910317,0.0023948438453058845,0.8812908992306927,0.4714045207910317
600845,2011-01,0.2597,2,1,3,2.0,0.816496580927726,0.02254805037907019,0.7219280948873623,0.816496580927726
600845,2011-04,-0.1467,3,2,2,2.3333333333333335,0.4714045207910317,0.004817302157272943,0.8812908992306927,0.4714045207910317
600845,2011-07,-0.1495,4,3,3,3.3333333333333335,0.4714045207910317,0.0023948438453058845,0.9709505944546686,0.4714045207910317
600845,2011-10,0.16149999999999998,4,3,3,3.3333333333333335,0.4714045207910317,0.0023948438453058845,0.9709505944546686,0.4714045207910317
600845,2012-01,0.17600000000000002,4,3,4,3.6666666666666665,0.4714045207910317,0.0021766561578771704,0.9709505944546686,0.4714045207910317
600845,2012-04,-0.0737,7,8,5,6.666666666666667,1.247219128924647,0.004605278650825295,0.8812908992306927,1.247219128924647
600845,2012-07,0.0634,4,5,5,4.666666666666667,0.4714045207910317,0.0013272465907683984,0.9709505944546686,0.4714045207910317
600845,2012-10,-0.1805,4,3,5,4.0,0.816496580927726,0.00530599861166309,0.9709505944546686,0.816496580927726
600845,2013-01,0.05,7,6,6,6.333333333333333,0.4714045207910317,0.0006758874784616383,0.8812908992306927,0.4714045207910317
600845,2013-04,0.34869999999999995,4,4,5,4.333333333333333,0.4714045207910317,0.0014294885616036141,0.9709505944546686,0.4714045207910317
600845,2013-07,1.5644999999999998,7,7,6,6.666666666666667,0.4714045207910317,0.000642071396597733,0.8812908992306927,0.4714045207910317
600845,2013-10,-0.15,7,7,6,6.666666666666667,0.4714045207910317,0.000642071396597733,0.8812908992306927,0.4714045207910317
600845,2014-01,0.1429,3,6,7,5.333333333333333,1.699673171197595,0.014489122970023626,0.8812908992306927,1.699673171197595
600845,2014-04,0.2778,5,4,6,5.0,0.816496580927726,0.0033729266193250444,1.0,0.816496580927726
600845,2014-07,0.0,7,6,6,6.333333333333333,0.4714045207910317,0.0006758874784616383,0.8812908992306927,0.4714045207910317
600845,2014-10,0.5893,6,5,8,6.333333333333333,1.247219128924647,0.0047430824888307355,0.9709505944546686,1.247219128924647
600845,2015-01,0.7723,5,5,7,5.666666666666667,0.9428090415820634,0.0032941013770045433,1.0,0.9428090415820634
600845,2015-04,0.4718,7,7,7,7.0,0.0,0.0,0.8812908992306927,0.0
600845,2015-07,-0.2108,6,6,7,6.333333333333333,0.4714045207910317,0.0006758874784615638,0.9709505944546686,0.4714045207910317
600845,2015-10,0.0495,4,4,6,4.666666666666667,0.9428090415820634,0.004817302157272868,0.9709505944546686,0.9428090415820634
600845,2016-01,-0.32530000000000003,6,4,7,5.666666666666667,1.247219128924647,0.006454904945298079,0.9709505944546686,1.247219128924647
600845,2016-04,-0.0536,6,6,4,5.333333333333333,0.9428090415820634,0.004212595043515672,0.9709505944546686,0.9428090415820634
600845,2016-07,0.177,7,6,4,5.666666666666667,1.247219128924647,0.006454904945298079,0.8812908992306927,1.247219128924647
600845,2016-10,-0.009899999999999999,4,6,6,5.333333333333333,0.9428090415820634,0.004212595043515672,0.9709505944546686,0.9428090415820634
600845,2017-01,0.25,3,3,4,3.3333333333333335,0.4714045207910317,0.0023948438453058845,0.8812908992306927,0.4714045207910317
600845,2017-04,-0.2809,4,3,5,4.0,0.816496580927726,0.00530599861166309,0.9709505944546686,0.816496580927726
600845,2017-07,0.1911,6,7,4,5.666666666666667,1.247219128924647,0.006454904945298079,0.9709505944546686,1.247219128924647
600845,2017-10,-0.06480000000000001,6,6,4,5.333333333333333,0.9428090415820634,0.004212595043515672,0.9709505944546686,0.9428090415820634
600845,2018-01,0.6264,7,7,7,7.0,0.0,0.0,0.8812908992306927,0.0
600845,2018-04,-0.22820000000000001,7,8,7,7.333333333333333,0.4714045207910317,0.0005056809102375145,0.8812908992306927,0.4714045207910317
600845,2018-07,-0.1211,6,8,7,7.0,0.816496580927726,0.0017108958982558105,0.9709505944546686,0.816496580927726
600845,2018-10,-0.11599999999999999,5,5,7,5.666666666666667,0.9428090415820634,0.0032941013770045433,1.0,0.9428090415820634
600845,2019-01,0.2303,4,4,6,4.666666666666667,0.9428090415820634,0.004817302157272868,0.9709505944546686,0.9428090415820634
600845,2019-04,-0.1714,8,8,7,7.666666666666667,0.4714045207910317,0.000483684145855568,0.7219280948873623,0.4714045207910317
600845,2019-07,0.11900000000000001,7,8,7,7.333333333333333,0.4714045207910317,0.0005056809102375145,0.8812908992306927,0.4714045207910317
600845,2019-10,0.12359999999999999,7,8,7,7.333333333333333,0.4714045207910317,0.0005056809102375145,0.8812908992306927,0.4714045207910317
600845,2020-01,0.2621,4,6,7,5.666666666666667,1.247219128924647,0.006454904945298079,0.9709505944546686,1.247219128924647
600845,2020-04,0.1379,6,5,7,6.0,0.816496580927726,0.002333803387527431,0.9709505944546686,0.816496580927726
600845,2020-07,-0.027200000000000002,7,7,7,7.0,0.0,0.0,0.8812908992306927,0.0
600845,2020-10,-0.054400000000000004,6,7,8,7.0,0.816496580927726,0.0017108958982558105,0.9709505944546686,0.816496580927726
600845,2021-01,-0.158,7,8,7,7.333333333333333,0.4714045207910317,0.0005056809102375145,0.8812908992306927,0.4714045207910317
600845,2021-04,0.0536,5,5,7,5.666666666666667,0.9428090415820634,0.0032941013770045433,1.0,0.9428090415820634
600845,2021-07,0.056799999999999996,7,6,7,6.666666666666667,0.4714045207910317,0.0006420713965977487,0.8812908992306927,0.4714045207910317
600845,2021-10,-0.0572,6,7,7,6.666666666666667,0.4714045207910317,0.0006420713965977487,0.9709505944546686,0.4714045207910317
600845,2022-01,-0.0054,5,6,7,6.0,0.816496580927726,0.002333803387527431,1.0,0.816496580927726
600845,2022-04,0.1081,4,4,6,4.666666666666667,0.9428090415820634,0.004817302157272868,0.9709505944546686,0.9428090415820634
600845,2022-07,-0.0588,7,6,6,6.333333333333333,0.4714045207910317,0.0006758874784616383,0.8812908992306927,0.4714045207910317
600845,2022-10,-0.0751,4,5,6,5.0,0.816496580927726,0.0033729266193250444,0.9709505944546686,0.816496580927726
600845,2023-01,-0.011399999999999999,7,7,6,6.666666666666667,0.4714045207910317,0.000642071396597733,0.8812908992306927,0.4714045207910317
600845,2023-04,-0.019,7,8,7,7.333333333333333,0.4714045207910317,0.0005056809102375145,0.8812908992306927,0.4714045207910317
600845,2023-07,-0.0018,7,8,7,7.333333333333333,0.4714045207910317,0.0005056809102375145,0.8812908992306927,0.4714045207910317
600845,2023-10,-0.016200000000000003,4,4,7,5.0,1.4142135623730951,0.009292928204941,0.9709505944546686,1.4142135623730951
600845,2024-01,0.1489,7,6,7,6.666666666666667,0.4714045207910317,0.0006420713965977487,0.8812908992306927,0.4714045207910317
600845,2024-04,-0.0381,4,4,6,4.666666666666667,0.9428090415820634,0.004817302157272868,0.9709505944546686,0.9428090415820634
600845,2024-07,-0.0913,6,4,6,5.333333333333333,0.9428090415820634,0.004212595043515672,0.9709505944546686,0.9428090415820634
600845,2024-10,0.0438,7,7,6,6.666666666666667,0.4714045207910317,0.000642071396597733,0.8812908992306927,0.4714045207910317
600875,2005-01,0.5778,5,4,5,4.666666666666667,0.4714045207910317,0.0013272465907683984,1.0,0.4714045207910317
600875,2005-04,-0.49670000000000003,7,7,5,6.333333333333333,0.9428090415820634,0.002946330098012255,0.8812908992306927,0.9428090415820634
600875,2005-07,0.1211,6,7,4,5.666666666666667,1.247219128924647,0.006454904945298079,0.9709505944546686,1.247219128924647
600875,2005-10,-0.0165,7,6,4,5.666666666666667,1.247219128924647,0.006454904945298079,0.8812908992306927,1.247219128924647
600875,2006-01,0.187,7,7,6,6.666666666666667,0.4714045207910317,0.000642071396597733,0.8812908992306927,0.4714045207910317
600875,2006-04,-0.054299999999999994,7,7,7,7.0,0.0,0.0,0.8812908992306927,0.0
600875,2006-07,0.042199999999999994,7,8,7,7.333333333333333,0.4714045207910317,0.0005056809102375145,0.8812908992306927,0.4714045207910317
600875,2006-10,0.2845,7,8,8,7.666666666666667,0.4714045207910317,0.000483684145855568,0.8812908992306927,0.4714045207910317
600875,2007-04,0.026600000000000002,7,7,7,7.0,0.0,0.0,0.8812908992306927,0.0
600875,2007-07,0.1343,7,8,3,6.0,2.160246899469287,0.019209548095934934,0.8812908992306927,2.160246899469287
600875,2007-10,-0.0128,7,8,7,7.333333333333333,0.4714045207910317,0.0005056809102375145,0.8812908992306927,0.4714045207910317
600875,2008-01,0.0859,7,8,7,7.333333333333333,0.4714045207910317,0.0005056809102375145,0.8812908992306927,0.4714045207910317
600875,2008-04,-0.2764,3,2,6,3.6666666666666665,1.699673171197595,0.02575266944219168,0.8812908992306927,1.699673171197595
600875,2008-07,-0.1281,3,3,4,3.3333333333333335,0.4714045207910317,0.0023948438453058845,0.8812908992306927,0.4714045207910317
600875,2008-10,0.7297,4,3,4,3.6666666666666665,0.4714045207910317,0.0021766561578771704,0.9709505944546686,0.4714045207910317
600875,2009-01,0.0504,7,7,4,6.0,1.4142135623730951,0.007732062599348774,0.8812908992306927,1.4142135623730951
600875,2009-04,0.1032,7,8,5,6.666666666666667,1.247219128924647,0.004605278650825295,0.8812908992306927,1.247219128924647
600875,2009-07,-0.1101,5,6,7,6.0,0.816496580927726,0.002333803387527431,1.0,0.816496580927726
600875,2009-10,-0.0019,6,8,7,7.0,0.816496580927726,0.0017108958982558105,0.9709505944546686,0.816496580927726
600875,2010-01,-0.0537,5,6,7,6.0,0.816496580927726,0.002333803387527431,1.0,0.816496580927726
600875,2010-04,-0.0596,6,6,7,6.333333333333333,0.4714045207910317,0.0006758874784615638,0.9709505944546686,0.4714045207910317
600875,2010-07,0.11939999999999999,4,4,6,4.666666666666667,0.9428090415820634,0.004817302157272868,0.9709505944546686,0.9428090415820634
600875,2010-10,-0.12140000000000001,7,8,7,7.333333333333333,0.4714045207910317,0.0005056809102375145,0.8812908992306927,0.4714045207910317
600875,2011-01,0.0553,6,8,7,7.0,0.816496580927726,0.0017108958982558105,0.9709505944546686,0.816496580927726
600875,2011-04,-0.0433,4,3,6,4.333333333333333,1.247219128924647,0.01013672725206552,0.9709505944546686,1.247219128924647
600875,2011-07,-0.0305,5,4,6,5.0,0.816496580927726,0.0033729266193250444,1.0,0.816496580927726
600875,2011-10,-0.0023,4,4,5,4.333333333333333,0.4714045207910317,0.0014294885616036141,0.9709505944546686,0.4714045207910317
600875,2012-01,0.0241,5,4,5,4.666666666666667,0.4714045207910317,0.0013272465907683984,1.0,0.4714045207910317
600875,2012-04,-0.0066,4,4,5,4.333333333333333,0.4714045207910317,0.0014294885616036141,0.9709505944546686,0.4714045207910317
600875,2012-07,-0.0864,4,3,5,4.0,0.816496580927726,0.00530599861166309,0.9709505944546686,0.816496580927726
600875,2012-10,-0.17309999999999998,4,3,5,4.0,0.816496580927726,0.00530599861166309,0.9709505944546686,0.816496580927726
600875,2013-01,-0.0148,7,6,4,5.666666666666667,1.247219128924647,0.006454904945298079,0.8812908992306927,1.247219128924647
600875,2013-04,0.1348,4,4,5,4.333333333333333,0.4714045207910317,0.0014294885616036141,0.9709505944546686,0.4714045207910317
600875,2013-07,0.1629,4,3,4,3.6666666666666665,0.4714045207910317,0.0021766561578771704,0.9709505944546686,0.4714045207910317
600875,2013-10,0.0323,7,6,5,6.0,0.816496580927726,0.002333803387527431,0.8812908992306927,0.816496580927726
600875,2014-01,0.0716,6,8,6,6.666666666666667,0.9428090415820634,0.0023948438453058845,0.9709505944546686,0.9428090415820634
600875,2014-04,0.0074,7,7,6,6.666666666666667,0.4714045207910317,0.000642071396597733,0.8812908992306927,0.4714045207910317
600875,2014-07,0.013300000000000001,6,6,7,6.333333333333333,0.4714045207910317,0.0006758874784615638,0.9709505944546686,0.4714045207910317
600875,2014-10,0.11,7,7,7,7.0,0.0,0.0,0.8812908992306927,0.0
600875,2015-01,-0.1164,7,8,7,7.333333333333333,0.4714045207910317,0.0005056809102375145,0.8812908992306927,0.4714045207910317
600875,2015-04,-0.0087,7,8,7,7.333333333333333,0.4714045207910317,0.0005056809102375145,0.8812908992306927,0.4714045207910317
600875,2015-07,-0.2052,4,3,7,4.666666666666667,1.699673171197595,0.01582838201775807,0.9709505944546686,1.699673171197595
600875,2015-10,-0.08109999999999999,4,3,4,3.6666666666666665,0.4714045207910317,0.0021766561578771704,0.9709505944546686,0.4714045207910317
600875,2016-01,-0.0653,6,4,5,5.0,0.816496580927726,0.0033729266193250444,0.9709505944546686,0.816496580927726
600875,2016-04,-0.031200000000000002,6,6,4,5.333333333333333,0.9428090415820634,0.004212595043515672,0.9709505944546686,0.9428090415820634
600875,2016-07,0.0113,4,4,4,4.0,0.0,0.0,0.9709505944546686,0.0
600875,2016-10,0.0681,5,4,6,5.0,0.816496580927726,0.0033729266193250444,1.0,0.816496580927726
600875,2017-04,-0.0159,5,5,6,5.333333333333333,0.4714045207910317,0.0009491787649267315,1.0,0.4714045207910317
600875,2017-07,0.0151,6,6,6,6.0,0.0,0.0,0.9709505944546686,0.0
600875,2017-10,-0.0316,6,6,7,6.333333333333333,0.4714045207910317,0.0006758874784615638,0.9709505944546686,0.4714045207910317
600875,2018-01,-0.2119,7,7,7,7.0,0.0,0.0,0.8812908992306927,0.0
600875,2018-04,-0.039,4,4,5,4.333333333333333,0.4714045207910317,0.0014294885616036141,0.9709505944546686,0.4714045207910317
600875,2018-07,-0.0613,4,3,4,3.6666666666666665,0.4714045207910317,0.0021766561578771704,0.9709505944546686,0.4714045207910317
600875,2018-10,0.0758,6,6,5,5.666666666666667,0.4714045207910317,0.0008932948130031191,0.9709505944546686,0.4714045207910317
600875,2019-01,0.08199999999999999,6,7,5,6.0,0.816496580927726,0.002333803387527431,0.9709505944546686,0.816496580927726
600875,2019-04,-0.16570000000000001,8,8,7,7.666666666666667,0.4714045207910317,0.000483684145855568,0.7219280948873623,0.4714045207910317
600875,2019-07,-0.0803,5,7,7,6.333333333333333,0.9428090415820634,0.002946330098012255,1.0,0.9428090415820634
600875,2019-10,0.0070999999999999995,4,4,6,4.666666666666667,0.9428090415820634,0.004817302157272868,0.9709505944546686,0.9428090415820634
600875,2020-01,0.0525,6,5,7,6.0,0.816496580927726,0.002333803387527431,0.9709505944546686,0.816496580927726
600875,2020-04,0.022099999999999998,4,3,6,4.333333333333333,1.247219128924647,0.01013672725206552,0.9709505944546686,1.247219128924647
600875,2020-07,-0.016399999999999998,6,6,6,6.0,0.0,0.0,0.9709505944546686,0.0
600875,2020-10,0.0022,6,7,7,6.666666666666667,0.4714045207910317,0.0006420713965977487,0.9709505944546686,0.4714045207910317
600875,2021-01,-0.057999999999999996,5,6,7,6.0,0.816496580927726,0.002333803387527431,1.0,0.816496580927726
600875,2021-04,-0.0194,7,7,7,7.0,0.0,0.0,0.8812908992306927,0.0
600875,2021-07,0.4094,5,6,7,6.0,0.816496580927726,0.002333803387527431,1.0,0.816496580927726
600875,2021-10,0.1346,7,8,7,7.333333333333333,0.4714045207910317,0.0005056809102375145,0.8812908992306927,0.4714045207910317
600875,2022-01,-0.0567,6,8,8,7.333333333333333,0.9428090415820634,0.0021766561578771704,0.9709505944546686,0.9428090415820634
600875,2022-04,0.1216,4,4,6,4.666666666666667,0.9428090415820634,0.004817302157272868,0.9709505944546686,0.9428090415820634
600875,2022-07,0.1484,7,6,7,6.666666666666667,0.4714045207910317,0.0006420713965977487,0.8812908992306927,0.4714045207910317
600875,2022-10,0.0432,6,7,7,6.666666666666667,0.4714045207910317,0.0006420713965977487,0.9709505944546686,0.4714045207910317
600875,2023-01,-0.0818,5,6,6,5.666666666666667,0.4714045207910317,0.0008932948130031191,1.0,0.4714045207910317
600875,2023-04,0.0358,5,4,7,5.333333333333333,1.247219128924647,0.006684370996497373,1.0,1.247219128924647
600875,2023-07,-0.134,6,6,7,6.333333333333333,0.4714045207910317,0.0006758874784615638,0.9709505944546686,0.4714045207910317
600875,2023-10,-0.0235,4,4,5,4.333333333333333,0.4714045207910317,0.0014294885616036141,0.9709505944546686,0.4714045207910317
600875,2024-01,0.1485,5,4,4,4.333333333333333,0.4714045207910317,0.0014294885616036141,1.0,0.4714045207910317
600875,2024-04,0.0951,6,5,6,5.666666666666667,0.4714045207910317,0.0008932948130031191,0.9709505944546686,0.4714045207910317
600875,2024-07,-0.1681,6,7,6,6.333333333333333,0.4714045207910317,0.0006758874784616383,0.9709505944546686,0.4714045207910317
600875,2024-10,-0.0384,6,7,6,6.333333333333333,0.4714045207910317,0.0006758874784616383,0.9709505944546686,0.4714045207910317
600886,2005-01,-0.009899999999999999,5,5,6,5.333333333333333,0.4714045207910317,0.0009491787649267315,1.0,0.4714045207910317
600886,2005-04,-0.5571,4,5,6,5.0,0.816496580927726,0.0033729266193250444,0.9709505944546686,0.816496580927726
600886,2005-07,-0.5758,6,6,4,5.333333333333333,0.9428090415820634,0.004212595043515672,0.9709505944546686,0.9428090415820634
600886,2005-10,-0.12300000000000001,3,3,4,3.3333333333333335,0.4714045207910317,0.0023948438453058845,0.8812908992306927,0.4714045207910317
600886,2006-01,0.0781,6,4,3,4.333333333333333,1.247219128924647,0.010136727252065516,0.9709505944546686,1.247219128924647
600886,2006-04,0.2164,5,4,4,4.333333333333333,0.4714045207910317,0.0014294885616036141,1.0,0.4714045207910317
600886,2006-07,-0.0079,6,6,4,5.333333333333333,0.9428090415820634,0.004212595043515672,0.9709505944546686,0.9428090415820634
600886,2006-10,0.18420000000000003,6,6,6,6.0,0.0,0.0,0.9709505944546686,0.0
600886,2007-01,0.975,8,8,8,8.0,0.0,0.0,0.7219280948873623,0.0
600886,2007-04,-0.106,7,6,7,6.666666666666667,0.4714045207910317,0.0006420713965977487,0.8812908992306927,0.4714045207910317
600886,2007-07,0.2846,7,6,7,6.666666666666667,0.4714045207910317,0.0006420713965977487,0.8812908992306927,0.4714045207910317
600886,2007-10,-0.1604,7,7,3,5.666666666666667,1.8856180831641267,0.01639998447673846,0.8812908992306927,1.8856180831641267
600886,2008-01,0.0667,7,8,6,7.0,0.816496580927726,0.001710895898255767,0.8812908992306927,0.816496580927726
600886,2008-04,-0.0682,2,2,6,3.3333333333333335,1.8856180831641267,0.036160391661783364,0.7219280948873623,1.8856180831641267
600886,2008-07,0.3182,1,1,3,1.6666666666666667,0.9428090415820634,0.036160391661783364,0.4689955935892812,0.9428090415820634
600886,2008-10,1.25,3,3,2,2.6666666666666665,0.4714045207910317,0.004212595043515672,0.8812908992306927,0.4714045207910317
600886,2009-04,0.2429,2,1,1,1.3333333333333333,0.4714045207910317,0.014362591564146779,0.7219280948873623,0.4714045207910317
600886,2009-07,-0.882,7,7,3,5.666666666666667,1.8856180831641267,0.01639998447673846,0.8812908992306927,1.8856180831641267
600886,2009-10,0.4576,4,6,2,4.0,1.632993161855452,0.022548050379070088,0.9709505944546686,1.632993161855452
600886,2010-01,0.0541,6,4,3,4.333333333333333,1.247219128924647,0.010136727252065516,0.9709505944546686,1.247219128924647
600886,2010-04,-8.0,3,4,4,3.6666666666666665,0.4714045207910317,0.0021766561578771704,0.8812908992306927,0.4714045207910317
600886,2010-07,0.5217,1,1,3,1.6666666666666667,0.9428090415820634,0.036160391661783364,0.4689955935892812,0.9428090415820634
600886,2010-10,-9.5,1,1,2,1.3333333333333333,0.4714045207910317,0.014362591564146779,0.4689955935892812,0.4714045207910317
600886,2011-01,0.2647,1,1,1,1.0,0.0,0.0,0.4689955935892812,0.0
600886,2011-04,-3.625,8,3,1,4.0,2.943920288775949,0.07145806097111222,0.7219280948873623,2.943920288775949
600886,2011-07,-0.1346,2,2,2,2.0,0.0,0.0,0.7219280948873623,0.0
600886,2011-10,-0.5,2,3,3,2.6666666666666665,0.4714045207910317,0.004212595043515672,0.7219280948873623,0.4714045207910317
600886,2012-01,0.0429,4,4,4,4.0,0.0,0.0,0.9709505944546686,0.0
600886,2012-04,0.049400000000000006,4,3,4,3.6666666666666665,0.4714045207910317,0.0021766561578771704,0.9709505944546686,0.4714045207910317
600886,2012-07,0.0,8,8,4,6.666666666666667,1.8856180831641267,0.011456875501600412,0.7219280948873623,1.8856180831641267
600886,2012-10,1.0,5,7,6,6.0,0.816496580927726,0.002333803387527431,1.0,0.816496580927726
600886,2013-01,0.5897,7,7,7,7.0,0.0,0.0,0.8812908992306927,0.0
600886,2013-04,0.7872,8,8,3,6.333333333333333,2.357022603955158,0.02112692293417683,0.7219280948873623,2.357022603955158
600886,2013-07,1.4545,2,2,4,2.6666666666666665,0.9428090415820634,0.014362591564146779,0.7219280948873623,0.9428090415820634
600886,2013-10,-0.1607,7,4,4,5.0,1.4142135623730951,0.009292928204941,0.8812908992306927,1.4142135623730951
600886,2014-01,-0.16329999999999997,6,6,7,6.333333333333333,0.4714045207910317,0.0006758874784615638,0.9709505944546686,0.4714045207910317
600886,2014-04,0.1,7,7,7,7.0,0.0,0.0,0.8812908992306927,0.0
600886,2014-07,0.1723,8,8,7,7.666666666666667,0.4714045207910317,0.000483684145855568,0.7219280948873623,0.4714045207910317
600886,2014-10,0.0024,7,8,7,7.333333333333333,0.4714045207910317,0.0005056809102375145,0.8812908992306927,0.4714045207910317
600886,2015-01,0.0308,7,7,2,5.333333333333333,2.357022603955158,0.03162528845271663,0.8812908992306927,2.357022603955158
600886,2015-04,-0.15130000000000002,6,7,7,6.666666666666667,0.4714045207910317,0.0006420713965977487,0.9709505944546686,0.4714045207910317
600886,2015-10,-0.0341,3,3,6,4.0,1.4142135623730951,0.014362591564146779,0.8812908992306927,1.4142135623730951
600886,2016-01,-0.0147,4,4,6,4.666666666666667,0.9428090415820634,0.004817302157272868,0.9709505944546686,0.9428090415820634
600886,2016-04,0.026699999999999998,6,6,4,5.333333333333333,0.9428090415820634,0.004212595043515672,0.9709505944546686,0.9428090415820634
600886,2016-07,-0.0285,5,4,4,4.333333333333333,0.4714045207910317,0.0014294885616036141,1.0,0.4714045207910317
600886,2016-10,0.10369999999999999,5,4,6,5.0,0.816496580927726,0.0033729266193250444,1.0,0.816496580927726
600886,2017-01,0.034300000000000004,6,6,6,6.0,0.0,0.0,0.9709505944546686,0.0
600886,2017-04,0.0622,7,8,7,7.333333333333333,0.4714045207910317,0.0005056809102375145,0.8812908992306927,0.4714045207910317
600886,2017-07,-0.1047,6,7,8,7.0,0.816496580927726,0.0017108958982558105,0.9709505944546686,0.816496580927726
600886,2017-10,0.0039000000000000003,5,6,7,6.0,0.816496580927726,0.002333803387527431,1.0,0.816496580927726
600886,2018-01,-0.0635,6,4,7,5.666666666666667,1.247219128924647,0.006454904945298079,0.9709505944546686,1.247219128924647
600886,2018-04,0.16219999999999998,6,6,6,6.0,0.0,0.0,0.9709505944546686,0.0
600886,2018-07,-0.049100000000000005,6,4,6,5.333333333333333,0.9428090415820634,0.004212595043515672,0.9709505944546686,0.9428090415820634
600886,2018-10,0.0382,7,7,7,7.0,0.0,0.0,0.8812908992306927,0.0
600886,2019-01,-0.0083,7,8,7,7.333333333333333,0.4714045207910317,0.0005056809102375145,0.8812908992306927,0.4714045207910317
600886,2019-04,-0.037000000000000005,6,7,8,7.0,0.816496580927726,0.0017108958982558105,0.9709505944546686,0.816496580927726
600886,2019-07,0.1773,5,5,7,5.666666666666667,0.9428090415820634,0.0032941013770045433,1.0,0.9428090415820634
600886,2019-10,0.004699999999999999,6,6,7,6.333333333333333,0.4714045207910317,0.0006758874784615638,0.9709505944546686,0.4714045207910317
600886,2020-01,-0.0962,7,8,7,7.333333333333333,0.4714045207910317,0.0005056809102375145,0.8812908992306927,0.4714045207910317
600886,2020-04,-0.024300000000000002,6,6,6,6.0,0.0,0.0,0.9709505944546686,0.0
600886,2020-07,0.10300000000000001,7,6,7,6.666666666666667,0.4714045207910317,0.0006420713965977487,0.8812908992306927,0.4714045207910317
600886,2020-10,0.0304,6,7,7,6.666666666666667,0.4714045207910317,0.0006420713965977487,0.9709505944546686,0.4714045207910317
600886,2021-01,-0.0484,5,6,6,5.666666666666667,0.4714045207910317,0.0008932948130031191,1.0,0.4714045207910317
600886,2021-04,-0.0304,7,7,7,7.0,0.0,0.0,0.8812908992306927,0.0
600886,2021-07,0.1246,5,7,7,6.333333333333333,0.9428090415820634,0.002946330098012255,1.0,0.9428090415820634
600886,2021-10,-0.0655,7,8,7,7.333333333333333,0.4714045207910317,0.0005056809102375145,0.8812908992306927,0.4714045207910317
600886,2022-01,0.0023,6,8,7,7.0,0.816496580927726,0.0017108958982558105,0.9709505944546686,0.816496580927726
600886,2022-04,0.0796,4,4,6,4.666666666666667,0.9428090415820634,0.004817302157272868,0.9709505944546686,0.9428090415820634
600886,2022-07,0.0901,7,6,7,6.666666666666667,0.4714045207910317,0.0006420713965977487,0.8812908992306927,0.4714045207910317
600886,2022-10,0.1015,6,7,6,6.333333333333333,0.4714045207910317,0.0006758874784616383,0.9709505944546686,0.4714045207910317
600886,2023-01,0.0311,6,6,6,6.0,0.0,0.0,0.9709505944546686,0.0
600886,2023-04,0.1326,5,6,7,6.0,0.816496580927726,0.002333803387527431,1.0,0.816496580927726
600886,2023-07,0.0235,6,7,8,7.0,0.816496580927726,0.0017108958982558105,0.9709505944546686,0.816496580927726
600886,2023-10,0.0178,4,6,7,5.666666666666667,1.247219128924647,0.006454904945298079,0.9709505944546686,1.247219128924647
600886,2024-01,0.030600000000000002,7,7,7,7.0,0.0,0.0,0.8812908992306927,0.0
600886,2024-04,0.1121,7,7,8,7.333333333333333,0.4714045207910317,0.0005056809102375145,0.8812908992306927,0.4714045207910317
600886,2024-07,-0.06860000000000001,7,7,8,7.333333333333333,0.4714045207910317,0.0005056809102375145,0.8812908992306927,0.4714045207910317
600886,2024-10,0.0034000000000000002,7,7,7,7.0,0.0,0.0,0.8812908992306927,0.0
600887,2005-01,0.0132,5,5,6,5.333333333333333,0.4714045207910317,0.0009491787649267315,1.0,0.4714045207910317
600887,2005-04,-0.0149,6,6,6,6.0,0.0,0.0,0.9709505944546686,0.0
600887,2005-07,-0.0084,5,6,7,6.0,0.816496580927726,0.002333803387527431,1.0,0.816496580927726
600887,2005-10,-0.010700000000000001,6,5,7,6.0,0.816496580927726,0.002333803387527431,0.9709505944546686,0.816496580927726
600887,2006-01,0.0109,6,6,7,6.333333333333333,0.4714045207910317,0.0006758874784615638,0.9709505944546686,0.4714045207910317
600887,2006-04,0.0291,6,6,7,6.333333333333333,0.4714045207910317,0.0006758874784615638,0.9709505944546686,0.4714045207910317
600887,2006-07,-0.0374,7,7,7,7.0,0.0,0.0,0.8812908992306927,0.0
600887,2006-10,0.0199,6,7,7,6.666666666666667,0.4714045207910317,0.0006420713965977487,0.9709505944546686,0.4714045207910317
600887,2007-01,0.005699999999999999,7,7,8,7.333333333333333,0.4714045207910317,0.0005056809102375145,0.8812908992306927,0.4714045207910317
600887,2007-04,0.1346,6,6,8,6.666666666666667,0.9428090415820634,0.0023948438453058845,0.9709505944546686,0.9428090415820634
600887,2007-07,0.0353,6,6,7,6.333333333333333,0.4714045207910317,0.0006758874784615638,0.9709505944546686,0.4714045207910317
600887,2007-10,-0.1015,6,7,7,6.666666666666667,0.4714045207910317,0.0006420713965977487,0.9709505944546686,0.4714045207910317
600887,2008-01,-0.0040999999999999995,6,6,7,6.333333333333333,0.4714045207910317,0.0006758874784615638,0.9709505944546686,0.4714045207910317
600887,2008-04,-0.0308,5,4,6,5.0,0.816496580927726,0.0033729266193250444,1.0,0.816496580927726
600887,2008-07,-0.0264,6,5,6,5.666666666666667,0.4714045207910317,0.0008932948130031191,0.9709505944546686,0.4714045207910317
600887,2008-10,0.0146,4,4,6,4.666666666666667,0.9428090415820634,0.004817302157272868,0.9709505944546686,0.9428090415820634
600887,2009-01,0.0392,6,5,6,5.666666666666667,0.4714045207910317,0.0008932948130031191,0.9709505944546686,0.4714045207910317
600887,2009-04,-0.0109,7,7,6,6.666666666666667,0.4714045207910317,0.000642071396597733,0.8812908992306927,0.4714045207910317
600887,2009-07,0.0124,6,7,7,6.666666666666667,0.4714045207910317,0.0006420713965977487,0.9709505944546686,0.4714045207910317
600887,2009-10,0.1093,7,8,8,7.666666666666667,0.4714045207910317,0.000483684145855568,0.8812908992306927,0.4714045207910317
600887,2010-01,0.0351,7,7,8,7.333333333333333,0.4714045207910317,0.0005056809102375145,0.8812908992306927,0.4714045207910317
600887,2010-04,-0.1423,7,7,8,7.333333333333333,0.4714045207910317,0.0005056809102375145,0.8812908992306927,0.4714045207910317
600887,2010-07,0.1586,6,6,7,6.333333333333333,0.4714045207910317,0.0006758874784615638,0.9709505944546686,0.4714045207910317
600887,2010-10,0.235,7,8,8,7.666666666666667,0.4714045207910317,0.000483684145855568,0.8812908992306927,0.4714045207910317
600887,2011-01,0.0941,3,3,6,4.0,1.4142135623730951,0.014362591564146779,0.8812908992306927,1.4142135623730951
600887,2011-04,0.0277,4,4,6,4.666666666666667,0.9428090415820634,0.004817302157272868,0.9709505944546686,0.9428090415820634
600887,2011-07,0.08310000000000001,6,4,6,5.333333333333333,0.9428090415820634,0.004212595043515672,0.9709505944546686,0.9428090415820634
600887,2011-10,0.1072,5,5,6,5.333333333333333,0.4714045207910317,0.0009491787649267315,1.0,0.4714045207910317
600887,2012-01,0.21739999999999998,5,6,7,6.0,0.816496580927726,0.002333803387527431,1.0,0.816496580927726
600887,2012-04,0.0455,6,6,7,6.333333333333333,0.4714045207910317,0.0006758874784615638,0.9709505944546686,0.4714045207910317
600887,2012-07,0.1007,4,4,7,5.0,1.4142135623730951,0.009292928204941,0.9709505944546686,1.4142135623730951
600887,2012-10,-0.17600000000000002,7,6,6,6.333333333333333,0.4714045207910317,0.0006758874784616383,0.8812908992306927,0.4714045207910317
600887,2013-01,0.3095,7,7,7,7.0,0.0,0.0,0.8812908992306927,0.0
600887,2013-04,-0.382,3,3,7,4.333333333333333,1.8856180831641267,0.021556318259027013,0.8812908992306927,1.8856180831641267
600887,2013-07,0.134,2,1,1,1.3333333333333333,0.4714045207910317,0.014362591564146779,0.7219280948873623,0.4714045207910317
600887,2013-10,-0.041100000000000005,1,1,1,1.0,0.0,0.0,0.4689955935892812,0.0
600887,2014-01,-0.0866,4,3,2,3.0,0.816496580927726,0.009575061042764446,0.9709505944546686,0.816496580927726
600887,2014-04,-0.5769,6,6,3,5.0,1.4142135623730951,0.011456875501600412,0.9709505944546686,1.4142135623730951
600887,2014-07,0.0033,3,2,3,2.6666666666666665,0.4714045207910317,0.004212595043515672,0.8812908992306927,0.4714045207910317
600887,2014-10,0.157,6,6,4,5.333333333333333,0.9428090415820634,0.004212595043515672,0.9709505944546686,0.9428090415820634
600887,2015-01,0.13949999999999999,6,1,6,4.333333333333333,2.357022603955158,0.05357819155161999,0.9709505944546686,2.357022603955158
600887,2015-04,0.2918,7,7,7,7.0,0.0,0.0,0.8812908992306927,0.0
600887,2015-07,-0.1558,6,6,3,5.0,1.4142135623730951,0.011456875501600412,0.9709505944546686,1.4142135623730951
600887,2015-10,-0.195,4,6,6,5.333333333333333,0.9428090415820634,0.004212595043515672,0.9709505944546686,0.9428090415820634
600887,2016-01,-0.1012,7,6,7,6.666666666666667,0.4714045207910317,0.0006420713965977487,0.8812908992306927,0.4714045207910317
600887,2016-04,0.1612,6,7,6,6.333333333333333,0.4714045207910317,0.0006758874784616383,0.9709505944546686,0.4714045207910317
600887,2016-07,-0.1855,7,7,6,6.666666666666667,0.4714045207910317,0.000642071396597733,0.8812908992306927,0.4714045207910317
600887,2016-10,0.2091,4,6,7,5.666666666666667,1.247219128924647,0.006454904945298079,0.9709505944546686,1.247219128924647
600887,2017-01,-0.039,5,5,7,5.666666666666667,0.9428090415820634,0.0032941013770045433,1.0,0.9428090415820634
600887,2017-04,0.19820000000000002,7,8,7,7.333333333333333,0.4714045207910317,0.0005056809102375145,0.8812908992306927,0.4714045207910317
600887,2017-07,0.228,7,8,8,7.666666666666667,0.4714045207910317,0.000483684145855568,0.8812908992306927,0.4714045207910317
600887,2017-10,-0.042,7,8,7,7.333333333333333,0.4714045207910317,0.0005056809102375145,0.8812908992306927,0.4714045207910317
600887,2018-01,-0.0653,7,7,7,7.0,0.0,0.0,0.8812908992306927,0.0
600887,2018-04,0.2722,4,6,7,5.666666666666667,1.247219128924647,0.006454904945298079,0.9709505944546686,1.247219128924647
600887,2018-07,-0.1223,5,4,7,5.333333333333333,1.247219128924647,0.006684370996497373,1.0,1.247219128924647
600887,2018-10,0.12539999999999998,7,6,6,6.333333333333333,0.4714045207910317,0.0006758874784616383,0.8812908992306927,0.4714045207910317
600887,2019-01,0.1782,4,4,6,4.666666666666667,0.9428090415820634,0.004817302157272868,0.9709505944546686,0.9428090415820634
600887,2019-04,-0.042,7,7,7,7.0,0.0,0.0,0.8812908992306927,0.0
600887,2019-07,-0.1073,7,8,8,7.666666666666667,0.4714045207910317,0.000483684145855568,0.8812908992306927,0.4714045207910317
600887,2019-10,0.0042,5,6,7,6.0,0.816496580927726,0.002333803387527431,1.0,0.816496580927726
600887,2020-01,-0.0745,7,6,8,7.0,0.816496580927726,0.0017108958982558105,0.8812908992306927,0.816496580927726
600887,2020-04,-0.0362,6,7,7,6.666666666666667,0.4714045207910317,0.0006420713965977487,0.9709505944546686,0.4714045207910317
600887,2020-07,0.1769,7,7,7,7.0,0.0,0.0,0.8812908992306927,0.0
600887,2020-10,-0.058600000000000006,6,6,7,6.333333333333333,0.4714045207910317,0.0006758874784615638,0.9709505944546686,0.4714045207910317
600887,2021-01,-0.026099999999999998,7,8,8,7.666666666666667,0.4714045207910317,0.000483684145855568,0.8812908992306927,0.4714045207910317
600887,2021-04,-0.0134,5,6,7,6.0,0.816496580927726,0.002333803387527431,1.0,0.816496580927726
600887,2021-07,0.0225,5,4,7,5.333333333333333,1.247219128924647,0.006684370996497373,1.0,1.247219128924647
600887,2021-10,-0.10300000000000001,7,7,6,6.666666666666667,0.4714045207910317,0.000642071396597733,0.8812908992306927,0.4714045207910317
600887,2022-01,0.0449,7,7,7,7.0,0.0,0.0,0.8812908992306927,0.0
600887,2022-04,-0.0144,4,4,6,4.666666666666667,0.9428090415820634,0.004817302157272868,0.9709505944546686,0.9428090415820634
600887,2022-07,-0.0029,7,6,7,6.666666666666667,0.4714045207910317,0.0006420713965977487,0.8812908992306927,0.4714045207910317
600887,2022-10,0.177,4,4,6,4.666666666666667,0.9428090415820634,0.004817302157272868,0.9709505944546686,0.9428090415820634
600887,2023-01,-0.0764,6,6,6,6.0,0.0,0.0,0.9709505944546686,0.0
600887,2023-04,-0.030299999999999997,5,4,6,5.0,0.816496580927726,0.0033729266193250444,1.0,0.816496580927726
600887,2023-07,-0.107,6,6,6,6.0,0.0,0.0,0.9709505944546686,0.0
600887,2023-10,-0.0072,6,6,6,6.0,0.0,0.0,0.9709505944546686,0.0
600887,2024-01,0.0541,6,5,6,5.666666666666667,0.4714045207910317,0.0008932948130031191,0.9709505944546686,0.4714045207910317
600887,2024-04,-0.0121,6,7,7,6.666666666666667,0.4714045207910317,0.0006420713965977487,0.9709505944546686,0.4714045207910317
600887,2024-07,-0.1094,6,6,7,6.333333333333333,0.4714045207910317,0.0006758874784615638,0.9709505944546686,0.4714045207910317
600887,2024-10,0.0265,7,8,7,7.333333333333333,0.4714045207910317,0.0005056809102375145,0.8812908992306927,0.4714045207910317
600893,2005-01,0.7646999999999999,5,4,6,5.0,0.816496580927726,0.0033729266193250444,1.0,0.816496580927726
600893,2005-04,-0.2059,1,7,6,4.666666666666667,2.6246692913372702,0.0573442002443696,0.4689955935892812,2.6246692913372702
600893,2005-07,1.122,4,3,4,3.6666666666666665,0.4714045207910317,0.0021766561578771704,0.9709505944546686,0.4714045207910317
600893,2005-10,-0.5,2,1,4,2.3333333333333335,1.247219128924647,0.03635797646202721,0.7219280948873623,1.247219128924647
600893,2006-01,-0.49119999999999997,7,3,2,4.0,2.160246899469287,0.03440796157713285,0.8812908992306927,2.160246899469287
600893,2006-04,2.303,2,2,3,2.3333333333333335,0.4714045207910317,0.004817302157272868,0.7219280948873623,0.4714045207910317
600893,2006-07,-0.16670000000000001,4,4,2,3.3333333333333335,0.9428090415820634,0.011456875501600412,0.9709505944546686,0.9428090415820634
600893,2006-10,0.0973,6,6,6,6.0,0.0,0.0,0.9709505944546686,0.0
600893,2007-04,2.4295,4,4,7,5.0,1.4142135623730951,0.009292928204941,0.9709505944546686,1.4142135623730951
600893,2009-01,-0.1144,7,7,6,6.666666666666667,0.4714045207910317,0.000642071396597733,0.8812908992306927,0.4714045207910317
600893,2009-04,0.1934,7,7,4,6.0,1.4142135623730951,0.007732062599348774,0.8812908992306927,1.4142135623730951
600893,2009-07,-0.2259,6,6,6,6.0,0.0,0.0,0.9709505944546686,0.0
600893,2009-10,0.341,5,7,6,6.0,0.816496580927726,0.002333803387527431,1.0,0.816496580927726
600893,2010-01,0.1225,6,6,7,6.333333333333333,0.4714045207910317,0.0006758874784615638,0.9709505944546686,0.4714045207910317
600893,2010-04,-0.0732,7,7,7,7.0,0.0,0.0,0.8812908992306927,0.0
600893,2010-07,0.2108,4,4,7,5.0,1.4142135623730951,0.009292928204941,0.9709505944546686,1.4142135623730951
600893,2010-10,-0.1039,7,8,7,7.333333333333333,0.4714045207910317,0.0005056809102375145,0.8812908992306927,0.4714045207910317
600893,2011-01,0.07769999999999999,4,6,7,5.666666666666667,1.247219128924647,0.006454904945298079,0.9709505944546686,1.247219128924647
600893,2011-04,-0.106,6,5,6,5.666666666666667,0.4714045207910317,0.0008932948130031191,0.9709505944546686,0.4714045207910317
600893,2011-07,-0.0776,7,7,7,7.0,0.0,0.0,0.8812908992306927,0.0
600893,2011-10,0.0281,4,4,5,4.333333333333333,0.4714045207910317,0.0014294885616036141,0.9709505944546686,0.4714045207910317
600893,2012-01,0.1543,5,5,5,5.0,0.0,0.0,1.0,0.0
600893,2012-04,-0.0148,5,5,6,5.333333333333333,0.4714045207910317,0.0009491787649267315,1.0,0.4714045207910317
600893,2012-07,-0.0085,4,4,6,4.666666666666667,0.9428090415820634,0.004817302157272868,0.9709505944546686,0.9428090415820634
600893,2012-10,-0.0934,5,5,5,5.0,0.0,0.0,1.0,0.0
600893,2013-01,0.1858,7,7,6,6.666666666666667,0.4714045207910317,0.000642071396597733,0.8812908992306927,0.4714045207910317
600893,2013-07,0.09630000000000001,7,8,7,7.333333333333333,0.4714045207910317,0.0005056809102375145,0.8812908992306927,0.4714045207910317
600893,2013-10,0.3177,4,6,7,5.666666666666667,1.247219128924647,0.006454904945298079,0.9709505944546686,1.247219128924647
600893,2014-01,-0.0403,6,6,7,6.333333333333333,0.4714045207910317,0.0006758874784615638,0.9709505944546686,0.4714045207910317
600893,2014-04,-0.0088,5,6,7,6.0,0.816496580927726,0.002333803387527431,1.0,0.816496580927726
600893,2014-07,0.17190000000000003,7,8,7,7.333333333333333,0.4714045207910317,0.0005056809102375145,0.8812908992306927,0.4714045207910317
600893,2014-10,-0.07139999999999999,6,7,7,6.666666666666667,0.4714045207910317,0.0006420713965977487,0.9709505944546686,0.4714045207910317
600893,2015-01,0.0512,6,7,7,6.666666666666667,0.4714045207910317,0.0006420713965977487,0.9709505944546686,0.4714045207910317
600893,2015-04,0.3169,7,8,7,7.333333333333333,0.4714045207910317,0.0005056809102375145,0.8812908992306927,0.4714045207910317
600893,2015-07,-0.1185,6,6,6,6.0,0.0,0.0,0.9709505944546686,0.0
600893,2015-10,-0.0635,4,5,6,5.0,0.816496580927726,0.0033729266193250444,0.9709505944546686,0.816496580927726
600893,2016-01,-0.0195,6,4,7,5.666666666666667,1.247219128924647,0.006454904945298079,0.9709505944546686,1.247219128924647
600893,2016-04,-0.0759,6,6,6,6.0,0.0,0.0,0.9709505944546686,0.0
600893,2016-07,0.0799,6,5,6,5.666666666666667,0.4714045207910317,0.0008932948130031191,0.9709505944546686,0.4714045207910317
600893,2016-10,0.0012,4,4,6,4.666666666666667,0.9428090415820634,0.004817302157272868,0.9709505944546686,0.9428090415820634
600893,2017-01,-0.0358,5,4,6,5.0,0.816496580927726,0.0033729266193250444,1.0,0.816496580927726
600893,2017-04,-0.2943,6,5,6,5.666666666666667,0.4714045207910317,0.0008932948130031191,0.9709505944546686,0.4714045207910317
600893,2017-07,0.013999999999999999,6,6,5,5.666666666666667,0.4714045207910317,0.0008932948130031191,0.9709505944546686,0.4714045207910317
600893,2017-10,-0.1023,7,6,5,6.0,0.816496580927726,0.002333803387527431,0.8812908992306927,0.816496580927726
600893,2018-01,0.042,4,4,6,4.666666666666667,0.9428090415820634,0.004817302157272868,0.9709505944546686,0.9428090415820634
600893,2018-04,-0.1072,7,6,6,6.333333333333333,0.4714045207910317,0.0006758874784616383,0.8812908992306927,0.4714045207910317
600893,2018-07,-0.0105,4,4,5,4.333333333333333,0.4714045207910317,0.0014294885616036141,0.9709505944546686,0.4714045207910317
600893,2018-10,0.0316,6,5,6,5.666666666666667,0.4714045207910317,0.0008932948130031191,0.9709505944546686,0.4714045207910317
600893,2019-01,0.1539,4,4,6,4.666666666666667,0.9428090415820634,0.004817302157272868,0.9709505944546686,0.9428090415820634
600893,2019-04,-0.0347,7,7,6,6.666666666666667,0.4714045207910317,0.000642071396597733,0.8812908992306927,0.4714045207910317
600893,2019-07,0.0026,4,6,6,5.333333333333333,0.9428090415820634,0.004212595043515672,0.9709505944546686,0.9428090415820634
600893,2019-10,-0.042300000000000004,4,4,6,4.666666666666667,0.9428090415820634,0.004817302157272868,0.9709505944546686,0.9428090415820634
600893,2020-01,0.0727,6,6,6,6.0,0.0,0.0,0.9709505944546686,0.0
600893,2020-04,-0.0292,4,4,6,4.666666666666667,0.9428090415820634,0.004817302157272868,0.9709505944546686,0.9428090415820634
600893,2020-07,0.2146,6,6,6,6.0,0.0,0.0,0.9709505944546686,0.0
600893,2020-10,0.24480000000000002,6,6,7,6.333333333333333,0.4714045207910317,0.0006758874784615638,0.9709505944546686,0.4714045207910317
600893,2021-01,0.01,7,8,7,7.333333333333333,0.4714045207910317,0.0005056809102375145,0.8812908992306927,0.4714045207910317
600893,2021-04,0.4326,4,4,7,5.0,1.4142135623730951,0.009292928204941,0.9709505944546686,1.4142135623730951
600893,2021-07,0.24359999999999998,7,5,6,6.0,0.816496580927726,0.002333803387527431,0.8812908992306927,0.816496580927726
600893,2021-10,0.08839999999999999,4,5,6,5.0,0.816496580927726,0.0033729266193250444,0.9709505944546686,0.816496580927726
600893,2022-01,0.049100000000000005,6,6,6,6.0,0.0,0.0,0.9709505944546686,0.0
600893,2022-04,0.047,4,4,5,4.333333333333333,0.4714045207910317,0.0014294885616036141,0.9709505944546686,0.4714045207910317
600893,2022-07,-0.077,7,6,5,6.0,0.816496580927726,0.002333803387527431,0.8812908992306927,0.816496580927726
600893,2022-10,-0.0632,4,4,6,4.666666666666667,0.9428090415820634,0.004817302157272868,0.9709505944546686,0.9428090415820634
600893,2023-01,0.012199999999999999,5,4,5,4.666666666666667,0.4714045207910317,0.0013272465907683984,1.0,0.4714045207910317
600893,2023-04,-0.0925,5,5,6,5.333333333333333,0.4714045207910317,0.0009491787649267315,1.0,0.4714045207910317
600893,2023-07,-0.029900000000000003,6,6,5,5.666666666666667,0.4714045207910317,0.0008932948130031191,0.9709505944546686,0.4714045207910317
600893,2023-10,0.0174,4,4,6,4.666666666666667,0.9428090415820634,0.004817302157272868,0.9709505944546686,0.9428090415820634
600893,2024-01,0.0949,6,5,6,5.666666666666667,0.4714045207910317,0.0008932948130031191,0.9709505944546686,0.4714045207910317
600893,2024-04,0.0556,4,5,6,5.0,0.816496580927726,0.0033729266193250444,0.9709505944546686,0.816496580927726
600893,2024-07,-0.1074,6,5,6,5.666666666666667,0.4714045207910317,0.0008932948130031191,0.9709505944546686,0.4714045207910317
600893,2024-10,-0.0206,7,7,6,6.666666666666667,0.4714045207910317,0.000642071396597733,0.8812908992306927,0.4714045207910317
600900,2005-01,0.0016,6,5,7,6.0,0.816496580927726,0.002333803387527431,0.9709505944546686,0.816496580927726
600900,2005-04,-0.0287,6,6,7,6.333333333333333,0.4714045207910317,0.0006758874784615638,0.9709505944546686,0.4714045207910317
600900,2005-07,0.0797,6,6,7,6.333333333333333,0.4714045207910317,0.0006758874784615638,0.9709505944546686,0.4714045207910317
600900,2005-10,-0.0137,6,6,7,6.333333333333333,0.4714045207910317,0.0006758874784615638,0.9709505944546686,0.4714045207910317
600900,2006-01,0.0144,6,6,7,6.333333333333333,0.4714045207910317,0.0006758874784615638,0.9709505944546686,0.4714045207910317
600900,2006-04,0.045700000000000005,6,4,7,5.666666666666667,1.247219128924647,0.006454904945298079,0.9709505944546686,1.247219128924647
600900,2006-07,0.0125,6,6,7,6.333333333333333,0.4714045207910317,0.0006758874784615638,0.9709505944546686,0.4714045207910317
600900,2006-10,0.1002,6,7,7,6.666666666666667,0.4714045207910317,0.0006420713965977487,0.9709505944546686,0.4714045207910317
600900,2007-01,0.2655,7,8,8,7.666666666666667,0.4714045207910317,0.000483684145855568,0.8812908992306927,0.4714045207910317
600900,2007-04,-0.3544,7,8,9,8.0,0.816496580927726,0.0013080587233326862,0.8812908992306927,0.816496580927726
600900,2007-07,0.6299,3,7,6,5.333333333333333,1.699673171197595,0.014489122970023622,0.8812908992306927,1.699673171197595
600900,2007-10,-0.7944,7,3,2,4.0,2.160246899469287,0.03440796157713285,0.8812908992306927,2.160246899469287
600900,2008-01,0.3478,3,1,2,2.0,0.816496580927726,0.02254805037907019,0.8812908992306927,0.816496580927726
600900,2008-04,0.419,1,1,1,1.0,0.0,0.0,0.4689955935892812,0.0
600900,2009-07,-4.6563,3,6,2,3.6666666666666665,1.699673171197595,0.02575266944219168,0.8812908992306927,1.699673171197595
600900,2009-10,0.19699999999999998,1,6,1,2.6666666666666665,2.3570226039551585,0.09024627190021624,0.4689955935892812,2.3570226039551585
600900,2010-01,0.09269999999999999,5,1,1,2.3333333333333335,1.8856180831641267,0.07462108639183872,1.0,1.8856180831641267
600900,2010-04,-1.0108,4,3,7,4.666666666666667,1.699673171197595,0.01582838201775807,0.9709505944546686,1.699673171197595
600900,2010-07,-0.1911,4,4,2,3.3333333333333335,0.9428090415820634,0.011456875501600412,0.9709505944546686,0.9428090415820634
600900,2010-10,-0.3373,4,3,1,2.6666666666666665,1.247219128924647,0.03356831678879539,0.9709505944546686,1.247219128924647
600900,2011-01,-0.0361,4,4,3,3.6666666666666665,0.4714045207910317,0.0021766561578771704,0.9709505944546686,0.4714045207910317
600900,2011-04,-0.5321,8,7,4,6.333333333333333,1.699673171197595,0.009987340665783205,0.7219280948873623,1.699673171197595
600900,2011-07,-0.1505,4,6,3,4.333333333333333,1.247219128924647,0.010136727252065516,0.9709505944546686,1.247219128924647
600900,2011-10,-0.0168,4,4,3,3.6666666666666665,0.4714045207910317,0.0021766561578771704,0.9709505944546686,0.4714045207910317
600900,2012-01,0.0132,6,4,6,5.333333333333333,0.9428090415820634,0.004212595043515672,0.9709505944546686,0.9428090415820634
600900,2012-04,0.1377,6,7,7,6.666666666666667,0.4714045207910317,0.0006420713965977487,0.9709505944546686,0.4714045207910317
600900,2012-07,-0.0407,6,7,6,6.333333333333333,0.4714045207910317,0.0006758874784616383,0.9709505944546686,0.4714045207910317
600900,2012-10,-0.021,6,6,8,6.666666666666667,0.9428090415820634,0.0023948438453058845,0.9709505944546686,0.9428090415820634
600900,2013-01,-0.1618,8,8,8,8.0,0.0,0.0,0.7219280948873623,0.0
600900,2013-04,0.2,7,8,8,7.666666666666667,0.4714045207910317,0.000483684145855568,0.8812908992306927,0.4714045207910317
600900,2013-07,-0.09759999999999999,4,3,6,4.333333333333333,1.247219128924647,0.01013672725206552,0.9709505944546686,1.247219128924647
600900,2013-10,0.044199999999999996,6,4,6,5.333333333333333,0.9428090415820634,0.004212595043515672,0.9709505944546686,0.9428090415820634
600900,2014-01,-0.020499999999999997,4,4,6,4.666666666666667,0.9428090415820634,0.004817302157272868,0.9709505944546686,0.9428090415820634
600900,2014-04,0.1043,4,4,6,4.666666666666667,0.9428090415820634,0.004817302157272868,0.9709505944546686,0.9428090415820634
600900,2014-07,0.34049999999999997,7,7,6,6.666666666666667,0.4714045207910317,0.000642071396597733,0.8812908992306927,0.4714045207910317
600900,2014-10,1.2439,7,8,8,7.666666666666667,0.4714045207910317,0.000483684145855568,0.8812908992306927,0.4714045207910317
600900,2015-01,-0.0993,1,1,1,1.0,0.0,0.0,0.4689955935892812,0.0
600900,2015-04,-0.0044,7,1,2,3.3333333333333335,2.6246692913372702,0.07480639925177704,0.8812908992306927,2.6246692913372702
600900,2016-01,-0.1859,7,7,2,5.333333333333333,2.357022603955158,0.03162528845271663,0.8812908992306927,2.357022603955158
600900,2016-04,0.0322,6,7,2,5.0,2.160246899469287,0.029236916052000086,0.9709505944546686,2.160246899469287
600900,2016-07,0.10039999999999999,7,5,8,6.666666666666667,1.247219128924647,0.004605278650825295,0.8812908992306927,1.247219128924647
600900,2016-10,-0.019299999999999998,6,7,8,7.0,0.816496580927726,0.0017108958982558105,0.9709505944546686,0.816496580927726
600900,2017-01,-0.011399999999999999,4,6,6,5.333333333333333,0.9428090415820634,0.004212595043515672,0.9709505944546686,0.9428090415820634
600900,2017-04,0.1501,7,7,8,7.333333333333333,0.4714045207910317,0.0005056809102375145,0.8812908992306927,0.4714045207910317
600900,2017-07,-0.026000000000000002,7,8,9,8.0,0.816496580927726,0.0013080587233326862,0.8812908992306927,0.816496580927726
600900,2017-10,0.057699999999999994,7,8,9,8.0,0.816496580927726,0.0013080587233326862,0.8812908992306927,0.816496580927726
600900,2018-01,0.0599,6,7,9,7.333333333333333,1.247219128924647,0.003541744130303215,0.9709505944546686,1.247219128924647
600900,2018-04,0.10279999999999999,6,7,8,7.0,0.816496580927726,0.0017108958982558105,0.9709505944546686,0.816496580927726
600900,2018-07,-0.0916,7,7,8,7.333333333333333,0.4714045207910317,0.0005056809102375145,0.8812908992306927,0.4714045207910317
600900,2018-10,-0.12710000000000002,7,7,8,7.333333333333333,0.4714045207910317,0.0005056809102375145,0.8812908992306927,0.4714045207910317
600900,2019-01,-0.0121,7,7,7,7.0,0.0,0.0,0.8812908992306927,0.0
600900,2019-04,0.07519999999999999,7,7,8,7.333333333333333,0.4714045207910317,0.0005056809102375145,0.8812908992306927,0.4714045207910317
600900,2019-07,-0.0073,7,8,8,7.666666666666667,0.4714045207910317,0.000483684145855568,0.8812908992306927,0.4714045207910317
600900,2019-10,0.021,6,7,8,7.0,0.816496580927726,0.0017108958982558105,0.9709505944546686,0.816496580927726
600900,2020-01,-0.009899999999999999,6,7,8,7.0,0.816496580927726,0.0017108958982558105,0.9709505944546686,0.816496580927726
600900,2020-04,-0.0048,6,6,8,6.666666666666667,0.9428090415820634,0.0023948438453058845,0.9709505944546686,0.9428090415820634
600900,2020-07,0.0663,8,7,8,7.666666666666667,0.4714045207910317,0.000483684145855568,0.7219280948873623,0.4714045207910317
600900,2020-10,0.0787,6,7,8,7.0,0.816496580927726,0.0017108958982558105,0.9709505944546686,0.816496580927726
600900,2021-01,0.0046,6,6,8,6.666666666666667,0.9428090415820634,0.0023948438453058845,0.9709505944546686,0.9428090415820634
600900,2021-04,-0.006999999999999999,7,8,8,7.666666666666667,0.4714045207910317,0.000483684145855568,0.8812908992306927,0.4714045207910317
600900,2021-07,0.022099999999999998,7,7,8,7.333333333333333,0.4714045207910317,0.0005056809102375145,0.8812908992306927,0.4714045207910317
600900,2021-10,-0.0977,7,8,8,7.666666666666667,0.4714045207910317,0.000483684145855568,0.8812908992306927,0.4714045207910317
600900,2022-01,0.0689,7,8,8,7.666666666666667,0.4714045207910317,0.000483684145855568,0.8812908992306927,0.4714045207910317
600900,2022-04,0.0681,5,5,8,6.0,1.4142135623730951,0.006510605218470559,1.0,1.4142135623730951
600900,2022-07,0.0048,6,6,8,6.666666666666667,0.9428090415820634,0.0023948438453058845,0.9709505944546686,0.9428090415820634
600900,2022-10,0.055099999999999996,6,6,8,6.666666666666667,0.9428090415820634,0.0023948438453058845,0.9709505944546686,0.9428090415820634
600900,2023-01,0.0206,5,6,7,6.0,0.816496580927726,0.002333803387527431,1.0,0.816496580927726
600900,2023-04,0.0331,6,6,7,6.333333333333333,0.4714045207910317,0.0006758874784615638,0.9709505944546686,0.4714045207910317
600900,2023-07,0.0308,6,7,7,6.666666666666667,0.4714045207910317,0.0006420713965977487,0.9709505944546686,0.4714045207910317
600900,2023-10,0.0126,7,7,7,7.0,0.0,0.0,0.8812908992306927,0.0
600900,2024-01,0.028999999999999998,7,7,8,7.333333333333333,0.4714045207910317,0.0005056809102375145,0.8812908992306927,0.4714045207910317
600900,2024-04,0.0344,7,7,8,7.333333333333333,0.4714045207910317,0.0005056809102375145,0.8812908992306927,0.4714045207910317
600900,2024-07,-0.0167,8,8,9,8.333333333333334,0.4714045207910317,0.00039253737899664325,0.7219280948873623,0.4714045207910317
600900,2024-10,-0.0098,7,8,9,8.0,0.816496580927726,0.0013080587233326862,0.8812908992306927,0.816496580927726
601006,2006-10,0.7368000000000001,6,7,6,6.333333333333333,0.4714045207910317,0.0006758874784616383,0.9709505944546686,0.4714045207910317
601006,2007-01,0.23670000000000002,2,7,6,5.0,2.160246899469287,0.029236916052000076,0.7219280948873623,2.160246899469287
601006,2007-04,0.0642,3,2,4,3.0,0.816496580927726,0.00957506104276447,0.8812908992306927,0.816496580927726
601006,2007-07,0.2591,6,6,4,5.333333333333333,0.9428090415820634,0.004212595043515672,0.9709505944546686,0.9428090415820634
601006,2007-10,-0.1319,6,7,1,4.666666666666667,2.6246692913372702,0.0573442002443696,0.9709505944546686,2.6246692913372702
601006,2008-01,-0.0789,7,7,2,5.333333333333333,2.357022603955158,0.03162528845271663,0.8812908992306927,2.357022603955158
601006,2008-04,-0.16,3,3,6,4.0,1.4142135623730951,0.014362591564146779,0.8812908992306927,1.4142135623730951
601006,2008-07,-0.14800000000000002,3,3,4,3.3333333333333335,0.4714045207910317,0.0023948438453058845,0.8812908992306927,0.4714045207910317
601006,2008-10,-0.3321,6,5,4,5.0,0.816496580927726,0.0033729266193250444,0.9709505944546686,0.816496580927726
601006,2009-01,-0.1438,2,2,3,2.3333333333333335,0.4714045207910317,0.004817302157272868,0.7219280948873623,0.4714045207910317
601006,2009-04,-0.1047,7,4,3,4.666666666666667,1.699673171197595,0.01582838201775807,0.8812908992306927,1.699673171197595
601006,2009-07,-0.39659999999999995,7,7,4,6.0,1.4142135623730951,0.007732062599348774,0.8812908992306927,1.4142135623730951
601006,2009-10,0.36979999999999996,3,6,4,4.333333333333333,1.247219128924647,0.010136727252065516,0.8812908992306927,1.247219128924647
601006,2010-01,-0.019299999999999998,5,4,6,5.0,0.816496580927726,0.0033729266193250444,1.0,0.816496580927726
601006,2010-04,-0.2408,4,6,6,5.333333333333333,0.9428090415820634,0.004212595043515672,0.9709505944546686,0.9428090415820634
601006,2010-07,-0.0132,4,3,4,3.6666666666666665,0.4714045207910317,0.0021766561578771704,0.9709505944546686,0.4714045207910317
601006,2010-10,-0.30829999999999996,6,4,5,5.0,0.816496580927726,0.0033729266193250444,0.9709505944546686,0.816496580927726
601006,2011-01,-0.125,4,4,4,4.0,0.0,0.0,0.9709505944546686,0.0
601006,2011-04,-0.2045,7,6,4,5.666666666666667,1.247219128924647,0.006454904945298079,0.8812908992306927,1.247219128924647
601006,2011-07,-0.0559,6,7,6,6.333333333333333,0.4714045207910317,0.0006758874784616383,0.9709505944546686,0.4714045207910317
601006,2011-10,-0.1361,3,3,4,3.3333333333333335,0.4714045207910317,0.0023948438453058845,0.8812908992306927,0.4714045207910317
601006,2012-01,-0.046799999999999994,6,4,5,5.0,0.816496580927726,0.0033729266193250444,0.9709505944546686,0.816496580927726
601006,2012-04,-0.0203,4,6,6,5.333333333333333,0.9428090415820634,0.004212595043515672,0.9709505944546686,0.9428090415820634
601006,2012-07,0.2188,3,3,4,3.3333333333333335,0.4714045207910317,0.0023948438453058845,0.8812908992306927,0.4714045207910317
601006,2012-10,0.5909,5,4,3,4.0,0.816496580927726,0.00530599861166309,1.0,0.816496580927726
601006,2013-01,0.41509999999999997,7,7,4,6.0,1.4142135623730951,0.007732062599348774,0.8812908992306927,1.4142135623730951
601006,2013-04,0.0138,5,6,6,5.666666666666667,0.4714045207910317,0.0008932948130031191,1.0,0.4714045207910317
601006,2013-07,0.9048,2,2,4,2.6666666666666665,0.9428090415820634,0.014362591564146779,0.7219280948873623,0.9428090415820634
601006,2013-10,0.25579999999999997,7,7,4,6.0,1.4142135623730951,0.007732062599348774,0.8812908992306927,1.4142135623730951
601006,2014-01,-0.22440000000000002,4,6,7,5.666666666666667,1.247219128924647,0.006454904945298079,0.9709505944546686,1.247219128924647
601006,2014-04,0.0345,3,4,4,3.6666666666666665,0.4714045207910317,0.0021766561578771704,0.8812908992306927,0.4714045207910317
601006,2014-07,0.11019999999999999,6,4,7,5.666666666666667,1.247219128924647,0.006454904945298079,0.9709505944546686,1.247219128924647
601006,2014-10,0.5,7,7,7,7.0,0.0,0.0,0.8812908992306927,0.0
601006,2015-01,0.0086,7,7,7,7.0,0.0,0.0,0.8812908992306927,0.0
601006,2015-04,-0.1948,6,7,7,6.666666666666667,0.4714045207910317,0.0006420713965977487,0.9709505944546686,0.4714045207910317
601006,2015-07,-0.0253,7,7,6,6.666666666666667,0.4714045207910317,0.000642071396597733,0.8812908992306927,0.4714045207910317
601006,2015-10,-0.0932,3,3,6,4.0,1.4142135623730951,0.014362591564146779,0.8812908992306927,1.4142135623730951
601006,2016-01,-0.1275,5,3,4,4.0,0.816496580927726,0.00530599861166309,1.0,0.816496580927726
601006,2016-04,-0.0179,5,5,3,4.333333333333333,0.9428090415820634,0.0065210988470970595,1.0,0.9428090415820634
601006,2016-07,0.0783,4,3,4,3.6666666666666665,0.4714045207910317,0.0021766561578771704,0.9709505944546686,0.4714045207910317
601006,2016-10,0.1877,6,5,4,5.0,0.816496580927726,0.0033729266193250444,0.9709505944546686,0.816496580927726
601006,2017-01,-0.0547,6,6,6,6.0,0.0,0.0,0.9709505944546686,0.0
601006,2017-04,0.18989999999999999,7,7,7,7.0,0.0,0.0,0.8812908992306927,0.0
601006,2017-07,0.0757,7,7,7,7.0,0.0,0.0,0.8812908992306927,0.0
601006,2017-10,-0.0455,6,6,7,6.333333333333333,0.4714045207910317,0.0006758874784615638,0.9709505944546686,0.4714045207910317
601006,2018-01,-0.0545,6,7,7,6.666666666666667,0.4714045207910317,0.0006420713965977487,0.9709505944546686,0.4714045207910317
601006,2018-04,0.0235,4,3,6,4.333333333333333,1.247219128924647,0.01013672725206552,0.9709505944546686,1.247219128924647
601006,2018-07,-0.055,6,6,6,6.0,0.0,0.0,0.9709505944546686,0.0
601006,2018-10,-0.071,5,5,6,5.333333333333333,0.4714045207910317,0.0009491787649267315,1.0,0.4714045207910317
601006,2019-01,0.0701,6,6,6,6.0,0.0,0.0,0.9709505944546686,0.0
601006,2019-04,-0.0297,5,4,7,5.333333333333333,1.247219128924647,0.006684370996497373,1.0,1.247219128924647
601006,2019-07,-0.0305,6,7,6,6.333333333333333,0.4714045207910317,0.0006758874784616383,0.9709505944546686,0.4714045207910317
601006,2019-10,0.0602,4,4,6,4.666666666666667,0.9428090415820634,0.004817302157272868,0.9709505944546686,0.9428090415820634
601006,2020-01,-0.12279999999999999,7,6,7,6.666666666666667,0.4714045207910317,0.0006420713965977487,0.8812908992306927,0.4714045207910317
601006,2020-04,-0.0795,4,4,4,4.0,0.0,0.0,0.9709505944546686,0.0
601006,2020-07,0.0301,6,5,5,5.333333333333333,0.4714045207910317,0.0009491787649267315,0.9709505944546686,0.4714045207910317
601006,2020-10,0.0873,4,4,6,4.666666666666667,0.9428090415820634,0.004817302157272868,0.9709505944546686,0.9428090415820634
601006,2021-01,0.0381,5,4,6,5.0,0.816496580927726,0.0033729266193250444,1.0,0.816496580927726
601006,2021-04,-0.0064,6,7,7,6.666666666666667,0.4714045207910317,0.0006420713965977487,0.9709505944546686,0.4714045207910317
601006,2021-07,0.0453,4,5,6,5.0,0.816496580927726,0.0033729266193250444,0.9709505944546686,0.816496580927726
601006,2021-10,-0.0558,6,6,6,6.0,0.0,0.0,0.9709505944546686,0.0
601006,2022-01,0.0407,6,7,7,6.666666666666667,0.4714045207910317,0.0006420713965977487,0.9709505944546686,0.4714045207910317
601006,2022-04,0.0101,6,6,7,6.333333333333333,0.4714045207910317,0.0006758874784615638,0.9709505944546686,0.4714045207910317
601006,2022-07,0.08259999999999999,4,6,7,5.666666666666667,1.247219128924647,0.006454904945298079,0.9709505944546686,1.247219128924647
601006,2022-10,0.08460000000000001,7,7,7,7.0,0.0,0.0,0.8812908992306927,0.0
601006,2023-01,0.016399999999999998,5,6,7,6.0,0.816496580927726,0.002333803387527431,1.0,0.816496580927726
601006,2023-04,-0.0092,6,7,7,6.666666666666667,0.4714045207910317,0.0006420713965977487,0.9709505944546686,0.4714045207910317
601006,2023-07,-0.004699999999999999,6,6,7,6.333333333333333,0.4714045207910317,0.0006758874784615638,0.9709505944546686,0.4714045207910317
601006,2023-10,0.0077,6,6,7,6.333333333333333,0.4714045207910317,0.0006758874784615638,0.9709505944546686,0.4714045207910317
601006,2024-01,-0.0015,5,6,7,6.0,0.816496580927726,0.002333803387527431,1.0,0.816496580927726
601006,2024-04,0.0242,6,5,7,6.0,0.816496580927726,0.002333803387527431,0.9709505944546686,0.816496580927726
601006,2024-07,-0.12990000000000002,5,5,6,5.333333333333333,0.4714045207910317,0.0009491787649267315,1.0,0.4714045207910317
601006,2024-10,0.04769999999999999,7,6,6,6.333333333333333,0.4714045207910317,0.0006758874784616383,0.8812908992306927,0.4714045207910317
601009,2007-07,-0.4065,5,4,6,5.0,0.816496580927726,0.0033729266193250444,1.0,0.816496580927726
601009,2007-10,-1.3556,3,3,6,4.0,1.4142135623730951,0.014362591564146779,0.8812908992306927,1.4142135623730951
601009,2008-01,0.16390000000000002,3,3,3,3.0,0.0,0.0,0.8812908992306927,0.0
601009,2008-04,-1.1522,1,2,3,2.0,0.816496580927726,0.02254805037907019,0.4689955935892812,0.816496580927726
601009,2008-07,-0.1285,1,1,3,1.6666666666666667,0.9428090415820634,0.036160391661783364,0.4689955935892812,0.9428090415820634
601009,2008-10,0.0166,4,3,2,3.0,0.816496580927726,0.009575061042764446,0.9709505944546686,0.816496580927726
601009,2009-01,0.2414,4,4,3,3.6666666666666665,0.4714045207910317,0.0021766561578771704,0.9709505944546686,0.4714045207910317
601009,2009-04,0.20629999999999998,7,7,3,5.666666666666667,1.8856180831641267,0.01639998447673846,0.8812908992306927,1.8856180831641267
601009,2009-07,-2.6863,6,3,6,5.0,1.4142135623730951,0.011456875501600412,0.9709505944546686,1.4142135623730951
601009,2009-10,-0.3333,1,2,1,1.3333333333333333,0.4714045207910317,0.014362591564146779,0.4689955935892812,0.4714045207910317
601009,2010-01,0.18420000000000003,1,1,1,1.0,0.0,0.0,0.4689955935892812,0.0
601009,2010-04,-0.8667,3,2,1,2.0,0.816496580927726,0.022548050379070088,0.8812908992306927,0.816496580927726
601009,2010-07,-0.31670000000000004,3,6,1,3.3333333333333335,2.0548046676563256,0.0528920798585217,0.8812908992306927,2.0548046676563256
601009,2010-10,-2.7143,4,2,1,2.3333333333333335,1.247219128924647,0.03635797646202721,0.9709505944546686,1.247219128924647
601009,2011-01,0.086,2,3,1,2.0,0.816496580927726,0.022548050379070088,0.7219280948873623,0.816496580927726
601009,2011-04,-0.48100000000000004,7,3,1,3.6666666666666665,2.494438257849294,0.062410457549092635,0.8812908992306927,2.494438257849294
601009,2011-07,-0.1479,3,3,3,3.0,0.0,0.0,0.8812908992306927,0.0
601009,2011-10,-0.0362,4,3,3,3.3333333333333335,0.4714045207910317,0.0023948438453058845,0.9709505944546686,0.4714045207910317
601009,2012-01,-0.009300000000000001,7,7,4,6.0,1.4142135623730951,0.007732062599348774,0.8812908992306927,1.4142135623730951
601009,2012-04,-0.1405,3,3,4,3.3333333333333335,0.4714045207910317,0.0023948438453058845,0.8812908992306927,0.4714045207910317
601009,2012-07,-0.0855,5,4,4,4.333333333333333,0.4714045207910317,0.0014294885616036141,1.0,0.4714045207910317
601009,2012-10,0.0,4,4,4,4.0,0.0,0.0,0.9709505944546686,0.0
601009,2013-01,-0.0137,7,7,5,6.333333333333333,0.9428090415820634,0.002946330098012255,0.8812908992306927,0.9428090415820634
601009,2013-04,0.175,2,2,4,2.6666666666666665,0.9428090415820634,0.014362591564146779,0.7219280948873623,0.9428090415820634
601009,2013-07,0.0724,3,2,3,2.6666666666666665,0.4714045207910317,0.004212595043515672,0.8812908992306927,0.4714045207910317
601009,2013-10,-0.0077,6,5,4,5.0,0.816496580927726,0.0033729266193250444,0.9709505944546686,0.816496580927726
601009,2014-01,0.0,4,4,4,4.0,0.0,0.0,0.9709505944546686,0.0
601009,2014-04,0.0325,4,4,5,4.333333333333333,0.4714045207910317,0.0014294885616036141,0.9709505944546686,0.4714045207910317
601009,2014-07,-0.1226,6,6,6,6.0,0.0,0.0,0.9709505944546686,0.0
601009,2014-10,5.4211,7,7,6,6.666666666666667,0.4714045207910317,0.000642071396597733,0.8812908992306927,0.4714045207910317
601009,2015-01,0.1406,2,3,2,2.3333333333333335,0.4714045207910317,0.004817302157272943,0.7219280948873623,0.4714045207910317
601009,2015-04,0.22219999999999998,6,1,2,3.0,2.160246899469287,0.06297904566134363,0.9709505944546686,2.160246899469287
601009,2015-07,-0.2271,6,6,1,4.333333333333333,2.357022603955158,0.05357819155161999,0.9709505944546686,2.357022603955158
601009,2015-10,0.008100000000000001,3,5,3,3.6666666666666665,0.9428090415820634,0.007715945411659827,0.8812908992306927,0.9428090415820634
601009,2016-01,-0.006500000000000001,6,5,6,5.666666666666667,0.4714045207910317,0.0008932948130031191,0.9709505944546686,0.4714045207910317
601009,2016-04,0.1777,6,7,6,6.333333333333333,0.4714045207910317,0.0006758874784616383,0.9709505944546686,0.4714045207910317
601009,2016-07,0.1216,6,4,4,4.666666666666667,0.9428090415820634,0.004817302157272943,0.9709505944546686,0.9428090415820634
601009,2016-10,0.21760000000000002,6,6,6,6.0,0.0,0.0,0.9709505944546686,0.0
601009,2017-01,0.1286,5,6,6,5.666666666666667,0.4714045207910317,0.0008932948130031191,1.0,0.4714045207910317
601009,2017-04,0.1101,6,6,6,6.0,0.0,0.0,0.9709505944546686,0.0
601009,2017-07,0.0172,6,6,6,6.0,0.0,0.0,0.9709505944546686,0.0
601009,2017-10,0.046799999999999994,5,4,7,5.333333333333333,1.247219128924647,0.006684370996497373,1.0,1.247219128924647
601009,2018-01,-0.1815,4,4,6,4.666666666666667,0.9428090415820634,0.004817302157272868,0.9709505944546686,0.9428090415820634
601009,2018-04,-0.0727,4,5,5,4.666666666666667,0.4714045207910317,0.0013272465907683984,0.9709505944546686,0.4714045207910317
601009,2018-07,-0.0026,4,4,4,4.0,0.0,0.0,0.9709505944546686,0.0
601009,2018-10,-0.0928,7,6,6,6.333333333333333,0.4714045207910317,0.0006758874784616383,0.8812908992306927,0.4714045207910317
601009,2019-01,0.13449999999999998,4,3,5,4.0,0.816496580927726,0.00530599861166309,0.9709505944546686,0.816496580927726
601009,2019-04,-0.0705,7,7,5,6.333333333333333,0.9428090415820634,0.002946330098012255,0.8812908992306927,0.9428090415820634
601009,2019-07,-0.09570000000000001,6,7,7,6.666666666666667,0.4714045207910317,0.0006420713965977487,0.9709505944546686,0.4714045207910317
601009,2019-10,-0.0659,7,7,7,7.0,0.0,0.0,0.8812908992306927,0.0
601009,2020-01,-0.1,6,7,7,6.666666666666667,0.4714045207910317,0.0006420713965977487,0.9709505944546686,0.4714045207910317
601009,2020-04,0.04650000000000001,4,4,5,4.333333333333333,0.4714045207910317,0.0014294885616036141,0.9709505944546686,0.4714045207910317
601009,2020-07,0.16670000000000001,6,4,6,5.333333333333333,0.9428090415820634,0.004212595043515672,0.9709505944546686,0.9428090415820634
601009,2020-10,0.19920000000000002,5,6,6,5.666666666666667,0.4714045207910317,0.0008932948130031191,1.0,0.4714045207910317
601009,2021-01,0.1533,5,6,6,5.666666666666667,0.4714045207910317,0.0008932948130031191,1.0,0.4714045207910317
601009,2021-04,0.20809999999999998,6,7,7,6.666666666666667,0.4714045207910317,0.0006420713965977487,0.9709505944546686,0.4714045207910317
601009,2021-07,0.1024,7,7,7,7.0,0.0,0.0,0.8812908992306927,0.0
601009,2021-10,-0.0861,4,4,6,4.666666666666667,0.9428090415820634,0.004817302157272868,0.9709505944546686,0.9428090415820634
601009,2022-01,-0.008100000000000001,5,4,6,5.0,0.816496580927726,0.0033729266193250444,1.0,0.816496580927726
601009,2022-04,-0.0868,7,7,6,6.666666666666667,0.4714045207910317,0.000642071396597733,0.8812908992306927,0.4714045207910317
601009,2022-07,0.0333,6,7,6,6.333333333333333,0.4714045207910317,0.0006758874784616383,0.9709505944546686,0.4714045207910317
601009,2022-10,0.006,5,6,7,6.0,0.816496580927726,0.002333803387527431,1.0,0.816496580927726
601009,2023-01,-0.0567,5,5,7,5.666666666666667,0.9428090415820634,0.0032941013770045433,1.0,0.9428090415820634
601009,2023-04,-0.1307,4,4,6,4.666666666666667,0.9428090415820634,0.004817302157272868,0.9709505944546686,0.9428090415820634
601009,2023-07,-0.09050000000000001,5,5,5,5.0,0.0,0.0,1.0,0.0
601009,2023-10,-0.09609999999999999,6,6,5,5.666666666666667,0.4714045207910317,0.0008932948130031191,0.9709505944546686,0.4714045207910317
601009,2024-01,0.06509999999999999,6,5,6,5.666666666666667,0.4714045207910317,0.0008932948130031191,0.9709505944546686,0.4714045207910317
601009,2024-04,0.1324,6,7,6,6.333333333333333,0.4714045207910317,0.0006758874784616383,0.9709505944546686,0.4714045207910317
601009,2024-07,-0.0184,7,8,6,7.0,0.816496580927726,0.001710895898255767,0.8812908992306927,0.816496580927726
601009,2024-10,0.0702,7,7,7,7.0,0.0,0.0,0.8812908992306927,0.0
601111,2006-10,0.09970000000000001,6,6,5,5.666666666666667,0.4714045207910317,0.0008932948130031191,0.9709505944546686,0.4714045207910317
601111,2007-01,-0.0264,7,6,5,6.0,0.816496580927726,0.002333803387527431,0.8812908992306927,0.816496580927726
601111,2007-04,0.09380000000000001,7,7,5,6.333333333333333,0.9428090415820634,0.002946330098012255,0.8812908992306927,0.9428090415820634
601111,2007-07,0.5306000000000001,6,6,5,5.666666666666667,0.4714045207910317,0.0008932948130031191,0.9709505944546686,0.4714045207910317
601111,2007-10,0.0673,6,7,6,6.333333333333333,0.4714045207910317,0.0006758874784616383,0.9709505944546686,0.4714045207910317
601111,2008-01,-0.0455,7,8,7,7.333333333333333,0.4714045207910317,0.0005056809102375145,0.8812908992306927,0.4714045207910317
601111,2008-04,-0.18289999999999998,3,3,6,4.0,1.4142135623730951,0.014362591564146779,0.8812908992306927,1.4142135623730951
601111,2008-07,-0.47159999999999996,3,2,4,3.0,0.816496580927726,0.00957506104276447,0.8812908992306927,0.816496580927726
601111,2008-10,0.1623,5,4,3,4.0,0.816496580927726,0.00530599861166309,1.0,0.816496580927726
601111,2009-01,0.0562,5,4,3,4.0,0.816496580927726,0.00530599861166309,1.0,0.816496580927726
601111,2009-04,-0.04650000000000001,7,7,3,5.666666666666667,1.8856180831641267,0.01639998447673846,0.8812908992306927,1.8856180831641267
601111,2009-07,-0.2234,7,7,4,6.0,1.4142135623730951,0.007732062599348774,0.8812908992306927,1.4142135623730951
601111,2009-10,0.14429999999999998,5,6,6,5.666666666666667,0.4714045207910317,0.0008932948130031191,1.0,0.4714045207910317
601111,2010-01,0.15560000000000002,7,7,6,6.666666666666667,0.4714045207910317,0.000642071396597733,0.8812908992306927,0.4714045207910317
601111,2010-04,-0.1409,7,8,7,7.333333333333333,0.4714045207910317,0.0005056809102375145,0.8812908992306927,0.4714045207910317
601111,2010-07,-0.0904,4,6,6,5.333333333333333,0.9428090415820634,0.004212595043515672,0.9709505944546686,0.9428090415820634
601111,2010-10,-0.21280000000000002,7,6,7,6.666666666666667,0.4714045207910317,0.0006420713965977487,0.8812908992306927,0.4714045207910317
601111,2011-01,0.0129,6,7,6,6.333333333333333,0.4714045207910317,0.0006758874784616383,0.9709505944546686,0.4714045207910317
601111,2011-04,-0.15539999999999998,4,4,4,4.0,0.0,0.0,0.9709505944546686,0.0
601111,2011-07,-0.0783,5,4,4,4.333333333333333,0.4714045207910317,0.0014294885616036141,1.0,0.4714045207910317
601111,2011-10,-0.1577,4,3,4,3.6666666666666665,0.4714045207910317,0.0021766561578771704,0.9709505944546686,0.4714045207910317
601111,2012-01,0.0347,4,3,4,3.6666666666666665,0.4714045207910317,0.0021766561578771704,0.9709505944546686,0.4714045207910317
601111,2012-04,-0.0179,4,3,4,3.6666666666666665,0.4714045207910317,0.0021766561578771704,0.9709505944546686,0.4714045207910317
601111,2012-07,-0.2232,6,4,4,4.666666666666667,0.9428090415820634,0.004817302157272943,0.9709505944546686,0.9428090415820634
601111,2012-10,-0.09029999999999999,5,5,4,4.666666666666667,0.4714045207910317,0.0013272465907683984,1.0,0.4714045207910317
601111,2013-01,-0.07690000000000001,7,6,4,5.666666666666667,1.247219128924647,0.006454904945298079,0.8812908992306927,1.247219128924647
601111,2013-04,0.0174,4,6,5,5.0,0.816496580927726,0.0033729266193250444,0.9709505944546686,0.816496580927726
601111,2013-07,0.09480000000000001,3,3,4,3.3333333333333335,0.4714045207910317,0.0023948438453058845,0.8812908992306927,0.4714045207910317
601111,2013-10,0.0742,4,4,4,4.0,0.0,0.0,0.9709505944546686,0.0
601111,2014-01,-0.0127,4,4,4,4.0,0.0,0.0,0.9709505944546686,0.0
601111,2014-04,-0.0109,4,4,4,4.0,0.0,0.0,0.9709505944546686,0.0
601111,2014-07,-0.013000000000000001,5,4,4,4.333333333333333,0.4714045207910317,0.0014294885616036141,1.0,0.4714045207910317
601111,2014-10,0.3085,7,7,5,6.333333333333333,0.9428090415820634,0.002946330098012255,0.8812908992306927,0.9428090415820634
601111,2015-01,0.029300000000000003,6,7,7,6.666666666666667,0.4714045207910317,0.0006420713965977487,0.9709505944546686,0.4714045207910317
601111,2015-04,-0.14859999999999998,7,7,6,6.666666666666667,0.4714045207910317,0.000642071396597733,0.8812908992306927,0.4714045207910317
601111,2015-07,-0.3558,6,7,6,6.333333333333333,0.4714045207910317,0.0006758874784616383,0.9709505944546686,0.4714045207910317
601111,2015-10,-0.10279999999999999,3,4,6,4.333333333333333,1.247219128924647,0.01013672725206552,0.8812908992306927,1.247219128924647
601111,2016-01,-0.055099999999999996,6,4,5,5.0,0.816496580927726,0.0033729266193250444,0.9709505944546686,0.816496580927726
601111,2016-04,0.0269,6,6,4,5.333333333333333,0.9428090415820634,0.004212595043515672,0.9709505944546686,0.9428090415820634
601111,2016-07,-0.1014,5,4,4,4.333333333333333,0.4714045207910317,0.0014294885616036141,1.0,0.4714045207910317
601111,2016-10,0.0782,5,6,5,5.333333333333333,0.4714045207910317,0.0009491787649267315,1.0,0.4714045207910317
601111,2017-01,0.0444,4,5,4,4.333333333333333,0.4714045207910317,0.0014294885616036141,0.9709505944546686,0.4714045207910317
601111,2017-04,0.1491,7,7,6,6.666666666666667,0.4714045207910317,0.000642071396597733,0.8812908992306927,0.4714045207910317
601111,2017-07,0.0501,6,6,7,6.333333333333333,0.4714045207910317,0.0006758874784615638,0.9709505944546686,0.4714045207910317
601111,2017-10,0.1788,4,5,6,5.0,0.816496580927726,0.0033729266193250444,0.9709505944546686,0.816496580927726
601111,2018-01,0.0471,7,7,7,7.0,0.0,0.0,0.8812908992306927,0.0
601111,2018-04,-0.062,4,5,6,5.0,0.816496580927726,0.0033729266193250444,0.9709505944546686,0.816496580927726
601111,2018-07,0.0026,4,3,4,3.6666666666666665,0.4714045207910317,0.0021766561578771704,0.9709505944546686,0.4714045207910317
601111,2018-10,0.0925,6,4,4,4.666666666666667,0.9428090415820634,0.004817302157272943,0.9709505944546686,0.9428090415820634
601111,2019-01,0.2072,4,4,4,4.0,0.0,0.0,0.9709505944546686,0.0
601111,2019-04,-0.16899999999999998,7,7,5,6.333333333333333,0.9428090415820634,0.002946330098012255,0.8812908992306927,0.9428090415820634
601111,2019-07,-0.11900000000000001,6,7,6,6.333333333333333,0.4714045207910317,0.0006758874784616383,0.9709505944546686,0.4714045207910317
601111,2019-10,0.0182,5,4,4,4.333333333333333,0.4714045207910317,0.0014294885616036141,1.0,0.4714045207910317
601111,2020-01,-0.0962,7,6,6,6.333333333333333,0.4714045207910317,0.0006758874784616383,0.8812908992306927,0.4714045207910317
601111,2020-04,-0.1082,4,3,4,3.6666666666666665,0.4714045207910317,0.0021766561578771704,0.9709505944546686,0.4714045207910317
601111,2020-07,0.061500000000000006,6,4,4,4.666666666666667,0.9428090415820634,0.004817302157272943,0.9709505944546686,0.9428090415820634
601111,2020-10,0.1605,5,6,5,5.333333333333333,0.4714045207910317,0.0009491787649267315,1.0,0.4714045207910317
601111,2021-01,0.12359999999999999,6,6,4,5.333333333333333,0.9428090415820634,0.004212595043515672,0.9709505944546686,0.9428090415820634
601111,2021-04,0.0281,6,7,7,6.666666666666667,0.4714045207910317,0.0006420713965977487,0.9709505944546686,0.4714045207910317
601111,2021-07,0.1003,4,5,6,5.0,0.816496580927726,0.0033729266193250444,0.9709505944546686,0.816496580927726
601111,2021-10,-0.0623,6,5,5,5.333333333333333,0.4714045207910317,0.0009491787649267315,0.9709505944546686,0.4714045207910317
601111,2022-01,-0.013999999999999999,7,7,6,6.666666666666667,0.4714045207910317,0.000642071396597733,0.8812908992306927,0.4714045207910317
601111,2022-04,0.0232,4,6,5,5.0,0.816496580927726,0.0033729266193250444,0.9709505944546686,0.816496580927726
601111,2022-07,0.0684,7,7,6,6.666666666666667,0.4714045207910317,0.000642071396597733,0.8812908992306927,0.4714045207910317
601111,2022-10,0.0817,5,6,6,5.666666666666667,0.4714045207910317,0.0008932948130031191,1.0,0.4714045207910317
601111,2023-01,0.0755,5,5,6,5.333333333333333,0.4714045207910317,0.0009491787649267315,1.0,0.4714045207910317
601111,2023-04,-0.1812,5,5,6,5.333333333333333,0.4714045207910317,0.0009491787649267315,1.0,0.4714045207910317
601111,2023-07,-0.07490000000000001,4,4,4,4.0,0.0,0.0,0.9709505944546686,0.0
601111,2023-10,0.0062,4,4,4,4.0,0.0,0.0,0.9709505944546686,0.0
601111,2024-01,0.052000000000000005,4,4,4,4.0,0.0,0.0,0.9709505944546686,0.0
601111,2024-04,0.012199999999999999,5,4,4,4.333333333333333,0.4714045207910317,0.0014294885616036141,1.0,0.4714045207910317
601111,2024-07,-0.0425,5,4,4,4.333333333333333,0.4714045207910317,0.0014294885616036141,1.0,0.4714045207910317
601111,2024-10,0.12960000000000002,7,7,5,6.333333333333333,0.9428090415820634,0.002946330098012255,0.8812908992306927,0.9428090415820634
601166,2007-04,-1.1111,6,6,6,6.0,0.0,0.0,0.9709505944546686,0.0
601166,2007-07,1.8309,3,4,6,4.333333333333333,1.247219128924647,0.01013672725206552,0.8812908992306927,1.247219128924647
601166,2007-10,-0.29,3,2,2,2.3333333333333335,0.4714045207910317,0.004817302157272943,0.8812908992306927,0.4714045207910317
601166,2008-01,0.5946,4,4,4,4.0,0.0,0.0,0.9709505944546686,0.0
601166,2008-04,-0.7439,2,2,3,2.3333333333333335,0.4714045207910317,0.004817302157272868,0.7219280948873623,0.4714045207910317
601166,2008-07,-0.4097,1,1,2,1.3333333333333333,0.4714045207910317,0.014362591564146779,0.4689955935892812,0.4714045207910317
601166,2008-10,0.0548,2,1,2,1.6666666666666667,0.4714045207910317,0.011456875501600412,0.7219280948873623,0.4714045207910317
601166,2009-01,-0.0141,6,4,3,4.333333333333333,1.247219128924647,0.010136727252065516,0.9709505944546686,1.247219128924647
601166,2009-04,0.5079,6,7,4,5.666666666666667,1.247219128924647,0.006454904945298079,0.9709505944546686,1.247219128924647
601166,2009-07,-1.3787,1,1,6,2.6666666666666665,2.3570226039551585,0.09024627190021624,0.4689955935892812,2.3570226039551585
601166,2009-10,0.22219999999999998,3,1,2,2.0,0.816496580927726,0.02254805037907019,0.8812908992306927,0.816496580927726
601166,2010-01,19.5,3,3,1,2.3333333333333335,0.9428090415820634,0.025559141193383414,0.8812908992306927,0.9428090415820634
601166,2010-04,-1.0979999999999999,6,2,1,3.0,2.160246899469287,0.06297904566134355,0.9709505944546686,2.160246899469287
601166,2010-07,-0.5402,1,1,1,1.0,0.0,0.0,0.4689955935892812,0.0
601166,2010-10,-1.4872,2,1,2,1.6666666666666667,0.4714045207910317,0.011456875501600412,0.7219280948873623,0.4714045207910317
601166,2011-01,0.0331,3,3,1,2.3333333333333335,0.9428090415820634,0.025559141193383414,0.8812908992306927,0.9428090415820634
601166,2011-04,-59.5,3,2,1,2.0,0.816496580927726,0.022548050379070088,0.8812908992306927,0.816496580927726
601166,2011-07,-0.011399999999999999,1,1,1,1.0,0.0,0.0,0.4689955935892812,0.0
601166,2011-10,-0.4111,3,1,1,1.6666666666666667,0.9428090415820634,0.036160391661783364,0.8812908992306927,0.9428090415820634
601166,2012-01,0.20980000000000001,6,4,3,4.333333333333333,1.247219128924647,0.010136727252065516,0.9709505944546686,1.247219128924647
601166,2012-04,-0.3628,3,2,3,2.6666666666666665,0.4714045207910317,0.004212595043515672,0.8812908992306927,0.4714045207910317
601166,2012-07,-0.0571,4,3,3,3.3333333333333335,0.4714045207910317,0.0023948438453058845,0.9709505944546686,0.4714045207910317
601166,2012-10,0.0833,4,3,3,3.3333333333333335,0.4714045207910317,0.0023948438453058845,0.9709505944546686,0.4714045207910317
601166,2013-01,-0.013999999999999999,3,3,5,3.6666666666666665,0.9428090415820634,0.00771594541165983,0.8812908992306927,0.9428090415820634
601166,2013-04,0.1548,4,3,4,3.6666666666666665,0.4714045207910317,0.0021766561578771704,0.9709505944546686,0.4714045207910317
601166,2013-07,1.5918,1,1,2,1.3333333333333333,0.4714045207910317,0.014362591564146779,0.4689955935892812,0.4714045207910317
601166,2013-10,-0.6163000000000001,3,3,2,2.6666666666666665,0.4714045207910317,0.004212595043515672,0.8812908992306927,0.4714045207910317
601166,2014-01,-0.3333,2,2,2,2.0,0.0,0.0,0.7219280948873623,0.0
601166,2014-04,-2.6154,2,4,3,3.0,0.816496580927726,0.00957506104276447,0.7219280948873623,0.816496580927726
601166,2014-07,-0.5034000000000001,2,1,1,1.3333333333333333,0.4714045207910317,0.014362591564146779,0.7219280948873623,0.4714045207910317
601166,2014-10,1.0,3,2,1,2.0,0.816496580927726,0.022548050379070088,0.8812908992306927,0.816496580927726
601166,2015-01,-0.047,1,1,1,1.0,0.0,0.0,0.4689955935892812,0.0
601166,2015-04,-0.08650000000000001,6,1,2,3.0,2.160246899469287,0.06297904566134363,0.9709505944546686,2.160246899469287
601166,2015-07,-0.147,4,6,1,3.6666666666666665,2.0548046676563256,0.050074508701547046,0.9709505944546686,2.0548046676563256
601166,2015-10,0.060700000000000004,4,4,3,3.6666666666666665,0.4714045207910317,0.0021766561578771704,0.9709505944546686,0.4714045207910317
601166,2016-01,-0.051399999999999994,6,6,6,6.0,0.0,0.0,0.9709505944546686,0.0
601166,2016-04,0.0113,6,7,4,5.666666666666667,1.247219128924647,0.006454904945298079,0.9709505944546686,1.247219128924647
601166,2016-07,0.0864,6,4,5,5.0,0.816496580927726,0.0033729266193250444,0.9709505944546686,0.816496580927726
601166,2016-10,0.067,6,6,6,6.0,0.0,0.0,0.9709505944546686,0.0
601166,2017-01,-0.0369,5,6,6,5.666666666666667,0.4714045207910317,0.0008932948130031191,1.0,0.4714045207910317
601166,2017-04,0.15439999999999998,5,5,6,5.333333333333333,0.4714045207910317,0.0009491787649267315,1.0,0.4714045207910317
601166,2017-07,-0.011000000000000001,6,7,6,6.333333333333333,0.4714045207910317,0.0006758874784616383,0.9709505944546686,0.4714045207910317
601166,2017-10,0.0052,6,6,7,6.333333333333333,0.4714045207910317,0.0006758874784615638,0.9709505944546686,0.4714045207910317
601166,2018-01,-0.0753,5,5,6,5.333333333333333,0.4714045207910317,0.0009491787649267315,1.0,0.4714045207910317
601166,2018-04,-0.0216,4,4,6,4.666666666666667,0.9428090415820634,0.004817302157272868,0.9709505944546686,0.9428090415820634
601166,2018-07,-0.044500000000000005,4,4,4,4.0,0.0,0.0,0.9709505944546686,0.0
601166,2018-10,-0.02,7,6,6,6.333333333333333,0.4714045207910317,0.0006758874784616383,0.8812908992306927,0.4714045207910317
601166,2019-01,0.1577,4,5,5,4.666666666666667,0.4714045207910317,0.0013272465907683984,0.9709505944546686,0.4714045207910317
601166,2019-04,-0.1839,7,6,6,6.333333333333333,0.4714045207910317,0.0006758874784616383,0.8812908992306927,0.4714045207910317
601166,2019-07,-0.15460000000000002,6,7,6,6.333333333333333,0.4714045207910317,0.0006758874784616383,0.9709505944546686,0.4714045207910317
601166,2019-10,0.0139,6,5,6,5.666666666666667,0.4714045207910317,0.0008932948130031191,0.9709505944546686,0.4714045207910317
601166,2020-01,-0.10710000000000001,6,7,6,6.333333333333333,0.4714045207910317,0.0006758874784616383,0.9709505944546686,0.4714045207910317
601166,2020-04,-0.051100000000000007,4,4,4,4.0,0.0,0.0,0.9709505944546686,0.0
601166,2020-07,0.050199999999999995,5,4,5,4.666666666666667,0.4714045207910317,0.0013272465907683984,1.0,0.4714045207910317
601166,2020-10,0.2659,6,6,6,6.0,0.0,0.0,0.9709505944546686,0.0
601166,2021-01,0.0908,6,6,6,6.0,0.0,0.0,0.9709505944546686,0.0
601166,2021-04,0.08539999999999999,6,6,7,6.333333333333333,0.4714045207910317,0.0006758874784615638,0.9709505944546686,0.4714045207910317
601166,2021-07,0.0649,4,5,6,5.0,0.816496580927726,0.0033729266193250444,0.9709505944546686,0.816496580927726
601166,2021-10,-0.0451,4,4,6,4.666666666666667,0.9428090415820634,0.004817302157272868,0.9709505944546686,0.9428090415820634
601166,2022-01,0.07440000000000001,7,6,6,6.333333333333333,0.4714045207910317,0.0006758874784616383,0.8812908992306927,0.4714045207910317
601166,2022-04,-0.053200000000000004,6,6,6,6.0,0.0,0.0,0.9709505944546686,0.0
601166,2022-07,-0.047400000000000005,6,7,6,6.333333333333333,0.4714045207910317,0.0006758874784616383,0.9709505944546686,0.4714045207910317
601166,2022-10,0.23879999999999998,4,4,5,4.333333333333333,0.4714045207910317,0.0014294885616036141,0.9709505944546686,0.4714045207910317
601166,2023-01,-0.0516,6,4,6,5.333333333333333,0.9428090415820634,0.004212595043515672,0.9709505944546686,0.9428090415820634
601166,2023-04,-0.049400000000000006,5,5,5,5.0,0.0,0.0,1.0,0.0
601166,2023-07,-0.060700000000000004,6,6,5,5.666666666666667,0.4714045207910317,0.0008932948130031191,0.9709505944546686,0.4714045207910317
601166,2023-10,-0.038599999999999995,6,6,6,6.0,0.0,0.0,0.9709505944546686,0.0
601166,2024-01,0.0704,7,6,5,6.0,0.816496580927726,0.002333803387527431,0.8812908992306927,0.816496580927726
601166,2024-04,0.0733,5,4,6,5.0,0.816496580927726,0.0033729266193250444,1.0,0.816496580927726
601166,2024-07,-0.0159,6,6,6,6.0,0.0,0.0,0.9709505944546686,0.0
601166,2024-10,-0.0138,6,7,7,6.666666666666667,0.4714045207910317,0.0006420713965977487,0.9709505944546686,0.4714045207910317
601169,2007-10,-0.29719999999999996,3,3,5,3.6666666666666665,0.9428090415820634,0.00771594541165983,0.8812908992306927,0.9428090415820634
601169,2008-01,-0.09359999999999999,6,6,5,5.666666666666667,0.4714045207910317,0.0008932948130031191,0.9709505944546686,0.4714045207910317
601169,2008-04,-0.2173,3,2,4,3.0,0.816496580927726,0.00957506104276447,0.8812908992306927,0.816496580927726
601169,2008-07,-0.7533,4,3,4,3.6666666666666665,0.4714045207910317,0.0021766561578771704,0.9709505944546686,0.4714045207910317
601169,2008-10,-0.28,1,1,2,1.3333333333333333,0.4714045207910317,0.014362591564146779,0.4689955935892812,0.4714045207910317
601169,2009-01,0.069,3,3,2,2.6666666666666665,0.4714045207910317,0.004212595043515672,0.8812908992306927,0.4714045207910317
601169,2009-04,0.11109999999999999,2,1,3,2.0,0.816496580927726,0.02254805037907019,0.7219280948873623,0.816496580927726
601169,2009-07,-0.45640000000000003,3,2,2,2.3333333333333335,0.4714045207910317,0.004817302157272943,0.8812908992306927,0.4714045207910317
601169,2009-10,-0.013500000000000002,6,6,2,4.666666666666667,1.8856180831641267,0.025559141193383414,0.9709505944546686,1.8856180831641267
601169,2010-01,0.0571,7,7,2,5.333333333333333,2.357022603955158,0.03162528845271663,0.8812908992306927,2.357022603955158
601169,2010-04,-0.1991,6,6,5,5.666666666666667,0.4714045207910317,0.0008932948130031191,0.9709505944546686,0.4714045207910317
601169,2010-07,-0.23420000000000002,3,3,3,3.0,0.0,0.0,0.8812908992306927,0.0
601169,2010-10,-0.3427,4,3,4,3.6666666666666665,0.4714045207910317,0.0021766561578771704,0.9709505944546686,0.4714045207910317
601169,2011-01,0.015600000000000001,4,4,4,4.0,0.0,0.0,0.9709505944546686,0.0
601169,2011-04,-0.2808,7,6,4,5.666666666666667,1.247219128924647,0.006454904945298079,0.8812908992306927,1.247219128924647
601169,2011-07,0.032799999999999996,2,3,3,2.6666666666666665,0.4714045207910317,0.004212595043515672,0.7219280948873623,0.4714045207910317
601169,2011-10,-0.3846,3,2,3,2.6666666666666665,0.4714045207910317,0.004212595043515672,0.8812908992306927,0.4714045207910317
601169,2012-01,0.3889,5,3,4,4.0,0.816496580927726,0.00530599861166309,1.0,0.816496580927726
601169,2012-04,-0.24719999999999998,4,4,4,4.0,0.0,0.0,0.9709505944546686,0.0
601169,2012-07,-0.23809999999999998,4,6,4,4.666666666666667,0.9428090415820634,0.004817302157272943,0.9709505944546686,0.9428090415820634
601169,2012-10,1.7778,2,2,3,2.3333333333333335,0.4714045207910317,0.004817302157272868,0.7219280948873623,0.4714045207910317
601169,2013-01,-0.1429,1,2,3,2.0,0.816496580927726,0.02254805037907019,0.4689955935892812,0.816496580927726
601169,2013-04,0.1471,3,3,4,3.3333333333333335,0.4714045207910317,0.0023948438453058845,0.8812908992306927,0.4714045207910317
601169,2013-07,0.5489999999999999,2,2,4,2.6666666666666665,0.9428090415820634,0.014362591564146779,0.7219280948873623,0.9428090415820634
601169,2013-10,-0.0833,6,5,3,4.666666666666667,1.247219128924647,0.0097112135713919,0.9709505944546686,1.247219128924647
601169,2014-01,0.6341,3,4,4,3.6666666666666665,0.4714045207910317,0.0021766561578771704,0.8812908992306927,0.4714045207910317
601169,2014-04,0.16920000000000002,5,4,4,4.333333333333333,0.4714045207910317,0.0014294885616036141,1.0,0.4714045207910317
601169,2014-07,-0.0076,7,7,6,6.666666666666667,0.4714045207910317,0.000642071396597733,0.8812908992306927,0.4714045207910317
601169,2014-10,0.2216,6,6,7,6.333333333333333,0.4714045207910317,0.0006758874784615638,0.9709505944546686,0.4714045207910317
601169,2015-01,0.0131,6,3,3,4.0,1.4142135623730951,0.014362591564146779,0.9709505944546686,1.4142135623730951
601169,2015-04,-0.032799999999999996,6,7,3,5.333333333333333,1.699673171197595,0.014489122970023622,0.9709505944546686,1.699673171197595
601169,2015-07,0.1303,7,7,3,5.666666666666667,1.8856180831641267,0.01639998447673846,0.8812908992306927,1.8856180831641267
601169,2015-10,0.10300000000000001,3,4,6,4.333333333333333,1.247219128924647,0.01013672725206552,0.8812908992306927,1.247219128924647
601169,2016-01,0.054299999999999994,6,6,6,6.0,0.0,0.0,0.9709505944546686,0.0
601169,2016-04,0.07339999999999999,6,7,6,6.333333333333333,0.4714045207910317,0.0006758874784616383,0.9709505944546686,0.4714045207910317
601169,2016-07,0.1096,6,4,6,5.333333333333333,0.9428090415820634,0.004212595043515672,0.9709505944546686,0.9428090415820634
601169,2016-10,0.1282,6,6,6,6.0,0.0,0.0,0.9709505944546686,0.0
601169,2017-01,-0.0052,5,6,6,5.666666666666667,0.4714045207910317,0.0008932948130031191,1.0,0.4714045207910317
601169,2017-04,-0.008199999999999999,5,5,6,5.333333333333333,0.4714045207910317,0.0009491787649267315,1.0,0.4714045207910317
601169,2017-07,-0.0297,6,5,6,5.666666666666667,0.4714045207910317,0.0008932948130031191,0.9709505944546686,0.4714045207910317
601169,2017-10,0.016200000000000003,5,4,6,5.0,0.816496580927726,0.0033729266193250444,1.0,0.816496580927726
601169,2018-01,-0.0392,4,4,5,4.333333333333333,0.4714045207910317,0.0014294885616036141,0.9709505944546686,0.4714045207910317
601169,2018-04,-0.040999999999999995,4,4,5,4.333333333333333,0.4714045207910317,0.0014294885616036141,0.9709505944546686,0.4714045207910317
601169,2018-07,-0.0316,4,3,4,3.6666666666666665,0.4714045207910317,0.0021766561578771704,0.9709505944546686,0.4714045207910317
601169,2018-10,-0.0382,6,6,4,5.333333333333333,0.9428090415820634,0.004212595043515672,0.9709505944546686,0.9428090415820634
601169,2019-01,0.11779999999999999,4,4,4,4.0,0.0,0.0,0.9709505944546686,0.0
601169,2019-04,-0.1351,6,5,5,5.333333333333333,0.4714045207910317,0.0009491787649267315,0.9709505944546686,0.4714045207910317
601169,2019-07,-0.1008,5,6,6,5.666666666666667,0.4714045207910317,0.0008932948130031191,1.0,0.4714045207910317
601169,2019-10,0.0054,6,5,4,5.0,0.816496580927726,0.0033729266193250444,0.9709505944546686,0.816496580927726
601169,2020-01,-0.08710000000000001,6,5,6,5.666666666666667,0.4714045207910317,0.0008932948130031191,0.9709505944546686,0.4714045207910317
601169,2020-04,-0.0321,4,4,4,4.0,0.0,0.0,0.9709505944546686,0.0
601169,2020-07,0.012199999999999999,6,4,5,5.0,0.816496580927726,0.0033729266193250444,0.9709505944546686,0.816496580927726
601169,2020-10,0.0673,5,5,5,5.0,0.0,0.0,1.0,0.0
601169,2021-01,0.0126,6,6,5,5.666666666666667,0.4714045207910317,0.0008932948130031191,0.9709505944546686,0.4714045207910317
601169,2021-04,0.0467,5,5,6,5.333333333333333,0.4714045207910317,0.0009491787649267315,1.0,0.4714045207910317
601169,2021-07,0.016399999999999998,5,5,6,5.333333333333333,0.4714045207910317,0.0009491787649267315,1.0,0.4714045207910317
601169,2021-10,-0.015700000000000002,5,5,5,5.0,0.0,0.0,1.0,0.0
601169,2022-01,0.0062,6,5,6,5.666666666666667,0.4714045207910317,0.0008932948130031191,0.9709505944546686,0.4714045207910317
601169,2022-04,-0.0452,6,6,6,6.0,0.0,0.0,0.9709505944546686,0.0
601169,2022-07,-0.0124,6,6,6,6.0,0.0,0.0,0.9709505944546686,0.0
601169,2022-10,0.0809,4,4,5,4.333333333333333,0.4714045207910317,0.0014294885616036141,0.9709505944546686,0.4714045207910317
601169,2023-01,0.0242,6,5,6,5.666666666666667,0.4714045207910317,0.0008932948130031191,0.9709505944546686,0.4714045207910317
601169,2023-04,-0.0026,6,6,6,6.0,0.0,0.0,0.9709505944546686,0.0
601169,2023-07,-0.0496,5,6,6,5.666666666666667,0.4714045207910317,0.0008932948130031191,1.0,0.4714045207910317
601169,2023-10,-0.0077,6,6,6,6.0,0.0,0.0,0.9709505944546686,0.0
601169,2024-01,0.0179,5,6,6,5.666666666666667,0.4714045207910317,0.0008932948130031191,1.0,0.4714045207910317
601169,2024-04,0.048600000000000004,6,7,7,6.666666666666667,0.4714045207910317,0.0006420713965977487,0.9709505944546686,0.4714045207910317
601169,2024-07,-0.016,6,6,7,6.333333333333333,0.4714045207910317,0.0006758874784615638,0.9709505944546686,0.4714045207910317
601169,2024-10,0.0131,6,6,6,6.0,0.0,0.0,0.9709505944546686,0.0
601398,2006-10,0.36840000000000006,5,5,6,5.333333333333333,0.4714045207910317,0.0009491787649267315,1.0,0.4714045207910317
601398,2007-01,-0.35479999999999995,1,2,6,3.0,2.160246899469287,0.06297904566134355,0.4689955935892812,2.160246899469287
601398,2007-04,0.0857,3,1,3,2.3333333333333335,0.9428090415820634,0.025559141193383414,0.8812908992306927,0.9428090415820634
601398,2007-07,1.0293999999999999,2,1,4,2.3333333333333335,1.247219128924647,0.03635797646202721,0.7219280948873623,1.247219128924647
601398,2007-10,-0.18510000000000001,4,4,2,3.3333333333333335,0.9428090415820634,0.011456875501600412,0.9709505944546686,0.9428090415820634
601398,2008-01,0.0,7,3,3,4.333333333333333,1.8856180831641267,0.021556318259027013,0.8812908992306927,1.8856180831641267
601398,2008-04,-0.3895,3,3,3,3.0,0.0,0.0,0.8812908992306927,0.0
601398,2008-07,-0.27449999999999997,1,1,4,2.0,1.4142135623730951,0.05663301226513243,0.4689955935892812,1.4142135623730951
601398,2008-10,0.2273,1,1,2,1.3333333333333333,0.4714045207910317,0.014362591564146779,0.4689955935892812,0.4714045207910317
601398,2009-01,0.0833,2,3,2,2.3333333333333335,0.4714045207910317,0.004817302157272943,0.7219280948873623,0.4714045207910317
601398,2009-04,0.5581,7,2,2,3.6666666666666665,2.3570226039551585,0.046690002344372206,0.8812908992306927,2.3570226039551585
601398,2009-07,-0.9109,1,1,1,1.0,0.0,0.0,0.4689955935892812,0.0
601398,2009-10,0.24239999999999998,2,1,1,1.3333333333333333,0.4714045207910317,0.014362591564146779,0.7219280948873623,0.4714045207910317
601398,2010-01,0.0444,7,6,1,4.666666666666667,2.6246692913372702,0.0573442002443696,0.8812908992306927,2.6246692913372702
601398,2010-04,-0.6875,6,7,2,5.0,2.160246899469287,0.029236916052000086,0.9709505944546686,2.160246899469287
601398,2010-07,-2.2,1,1,1,1.0,0.0,0.0,0.4689955935892812,0.0
601398,2010-10,-0.6667000000000001,1,2,3,2.0,0.816496580927726,0.02254805037907019,0.4689955935892812,0.816496580927726
601398,2011-01,0.1,2,1,2,1.6666666666666667,0.4714045207910317,0.011456875501600412,0.7219280948873623,0.4714045207910317
601398,2011-04,0.0,1,1,2,1.3333333333333333,0.4714045207910317,0.014362591564146779,0.4689955935892812,0.4714045207910317
601398,2011-07,-0.39289999999999997,7,3,1,3.6666666666666665,2.494438257849294,0.062410457549092635,0.8812908992306927,2.494438257849294
601398,2011-10,-0.3714,1,1,1,1.0,0.0,0.0,0.4689955935892812,0.0
601398,2012-01,0.39390000000000003,1,4,1,2.0,1.4142135623730951,0.05663301226513251,0.4689955935892812,1.4142135623730951
601398,2012-04,-0.375,6,2,3,3.6666666666666665,1.699673171197595,0.02575266944219168,0.9709505944546686,1.699673171197595
601398,2012-07,3.5,3,3,3,3.0,0.0,0.0,0.8812908992306927,0.0
601398,2012-10,1.2,1,1,2,1.3333333333333333,0.4714045207910317,0.014362591564146779,0.4689955935892812,0.4714045207910317
601398,2013-01,-0.3016,1,1,1,1.0,0.0,0.0,0.4689955935892812,0.0
601398,2013-04,0.4643,3,2,3,2.6666666666666665,0.4714045207910317,0.004212595043515672,0.8812908992306927,0.4714045207910317
601398,2013-07,0.0278,7,7,2,5.333333333333333,2.357022603955158,0.03162528845271663,0.8812908992306927,2.357022603955158
601398,2013-10,-0.069,3,6,2,3.6666666666666665,1.699673171197595,0.02575266944219168,0.8812908992306927,1.699673171197595
601398,2014-01,-0.5832999999999999,1,1,1,1.0,0.0,0.0,0.4689955935892812,0.0
601398,2014-04,1.3333000000000002,3,3,1,2.3333333333333335,0.9428090415820634,0.025559141193383414,0.8812908992306927,0.9428090415820634
601398,2014-07,-0.4118,1,1,1,1.0,0.0,0.0,0.4689955935892812,0.0
601398,2014-10,0.95,6,1,2,3.0,2.160246899469287,0.06297904566134363,0.9709505944546686,2.160246899469287
601398,2015-01,0.0313,1,1,2,1.3333333333333333,0.4714045207910317,0.014362591564146779,0.4689955935892812,0.4714045207910317
601398,2015-04,-0.15810000000000002,7,3,2,4.0,2.160246899469287,0.03440796157713285,0.8812908992306927,2.160246899469287
601398,2015-07,-0.35159999999999997,7,7,2,5.333333333333333,2.357022603955158,0.03162528845271663,0.8812908992306927,2.357022603955158
601398,2015-10,0.0321,4,6,2,4.0,1.632993161855452,0.022548050379070088,0.9709505944546686,1.632993161855452
601398,2016-01,-0.0642,6,4,5,5.0,0.816496580927726,0.0033729266193250444,0.9709505944546686,0.816496580927726
601398,2016-04,0.08,6,6,4,5.333333333333333,0.9428090415820634,0.004212595043515672,0.9709505944546686,0.9428090415820634
601398,2016-07,0.15130000000000002,7,6,4,5.666666666666667,1.247219128924647,0.006454904945298079,0.8812908992306927,1.247219128924647
601398,2016-10,0.0545,6,6,7,6.333333333333333,0.4714045207910317,0.0006758874784615638,0.9709505944546686,0.4714045207910317
601398,2017-01,0.0495,5,6,7,6.0,0.816496580927726,0.002333803387527431,1.0,0.816496580927726
601398,2017-04,0.17620000000000002,7,7,7,7.0,0.0,0.0,0.8812908992306927,0.0
601398,2017-07,0.1313,7,6,3,5.333333333333333,1.699673171197595,0.014489122970023622,0.8812908992306927,1.699673171197595
601398,2017-10,-0.0506,7,7,3,5.666666666666667,1.8856180831641267,0.01639998447673846,0.8812908992306927,1.8856180831641267
601398,2018-01,-0.16399999999999998,7,7,6,6.666666666666667,0.4714045207910317,0.000642071396597733,0.8812908992306927,0.4714045207910317
601398,2018-04,-0.0983,4,4,6,4.666666666666667,0.9428090415820634,0.004817302157272868,0.9709505944546686,0.9428090415820634
601398,2018-07,-0.06269999999999999,4,4,6,4.666666666666667,0.9428090415820634,0.004817302157272868,0.9709505944546686,0.9428090415820634
601398,2018-10,-0.0901,7,6,6,6.333333333333333,0.4714045207910317,0.0006758874784616383,0.8812908992306927,0.4714045207910317
601398,2019-01,0.0268,4,6,6,5.333333333333333,0.9428090415820634,0.004212595043515672,0.9709505944546686,0.9428090415820634
601398,2019-04,-0.057,6,4,6,5.333333333333333,0.9428090415820634,0.004212595043515672,0.9709505944546686,0.9428090415820634
601398,2019-07,-0.0696,7,7,7,7.0,0.0,0.0,0.8812908992306927,0.0
601398,2019-10,-0.0311,6,7,6,6.333333333333333,0.4714045207910317,0.0006758874784616383,0.9709505944546686,0.4714045207910317
601398,2020-01,-0.1144,7,7,7,7.0,0.0,0.0,0.8812908992306927,0.0
601398,2020-04,-0.016,4,4,6,4.666666666666667,0.9428090415820634,0.004817302157272868,0.9709505944546686,0.9428090415820634
601398,2020-07,0.0,7,5,6,6.0,0.816496580927726,0.002333803387527431,0.8812908992306927,0.816496580927726
601398,2020-10,0.1278,5,6,6,5.666666666666667,0.4714045207910317,0.0008932948130031191,1.0,0.4714045207910317
601398,2021-01,0.0848,5,4,6,5.0,0.816496580927726,0.0033729266193250444,1.0,0.816496580927726
601398,2021-04,0.024,7,7,7,7.0,0.0,0.0,0.8812908992306927,0.0
601398,2021-07,0.0098,5,6,7,6.0,0.816496580927726,0.002333803387527431,1.0,0.816496580927726
601398,2021-10,-0.0286,5,4,6,5.0,0.816496580927726,0.0033729266193250444,1.0,0.816496580927726
601398,2022-01,0.0,6,5,6,5.666666666666667,0.4714045207910317,0.0008932948130031191,0.9709505944546686,0.4714045207910317
601398,2022-04,-0.0368,6,6,6,6.0,0.0,0.0,0.9709505944546686,0.0
601398,2022-07,0.0,6,6,6,6.0,0.0,0.0,0.9709505944546686,0.0
601398,2022-10,0.051399999999999994,5,5,6,5.333333333333333,0.4714045207910317,0.0009491787649267315,1.0,0.4714045207910317
601398,2023-01,-0.006500000000000001,6,6,6,6.0,0.0,0.0,0.9709505944546686,0.0
601398,2023-04,0.0315,7,6,6,6.333333333333333,0.4714045207910317,0.0006758874784616383,0.8812908992306927,0.4714045207910317
601398,2023-07,-0.039,6,7,7,6.666666666666667,0.4714045207910317,0.0006420713965977487,0.9709505944546686,0.4714045207910317
601398,2023-10,0.021,6,7,7,6.666666666666667,0.4714045207910317,0.0006420713965977487,0.9709505944546686,0.4714045207910317
601398,2024-01,0.037599999999999995,6,6,7,6.333333333333333,0.4714045207910317,0.0006758874784615638,0.9709505944546686,0.4714045207910317
601398,2024-04,0.0,6,7,7,6.666666666666667,0.4714045207910317,0.0006420713965977487,0.9709505944546686,0.4714045207910317
601398,2024-07,0.024900000000000002,7,7,7,7.0,0.0,0.0,0.8812908992306927,0.0
601398,2024-10,0.0203,7,7,7,7.0,0.0,0.0,0.8812908992306927,0.0
601600,2007-04,0.14,5,4,5,4.666666666666667,0.4714045207910317,0.0013272465907683984,1.0,0.4714045207910317
601600,2007-07,1.0463,7,6,5,6.0,0.816496580927726,0.002333803387527431,0.8812908992306927,0.816496580927726
601600,2007-10,-0.2586,6,6,5,5.666666666666667,0.4714045207910317,0.0008932948130031191,0.9709505944546686,0.4714045207910317
601600,2008-01,0.0622,6,7,5,6.0,0.816496580927726,0.002333803387527431,0.9709505944546686,0.816496580927726
601600,2008-04,-0.1222,3,2,6,3.6666666666666665,1.699673171197595,0.02575266944219168,0.8812908992306927,1.699673171197595
601600,2008-07,-0.2409,3,3,4,3.3333333333333335,0.4714045207910317,0.0023948438453058845,0.8812908992306927,0.4714045207910317
601600,2008-10,0.21739999999999998,4,3,3,3.3333333333333335,0.4714045207910317,0.0023948438453058845,0.9709505944546686,0.4714045207910317
601600,2009-01,0.3251,4,3,4,3.6666666666666665,0.4714045207910317,0.0021766561578771704,0.9709505944546686,0.4714045207910317
601600,2009-04,0.0325,7,7,4,6.0,1.4142135623730951,0.007732062599348774,0.8812908992306927,1.4142135623730951
601600,2009-07,-0.3605,7,7,6,6.666666666666667,0.4714045207910317,0.000642071396597733,0.8812908992306927,0.4714045207910317
601600,2009-10,0.0716,5,6,6,5.666666666666667,0.4714045207910317,0.0008932948130031191,1.0,0.4714045207910317
601600,2010-01,-0.0008,6,6,6,6.0,0.0,0.0,0.9709505944546686,0.0
601600,2010-04,-0.1117,5,5,7,5.666666666666667,0.9428090415820634,0.0032941013770045433,1.0,0.9428090415820634
601600,2010-07,-0.076,4,4,4,4.0,0.0,0.0,0.9709505944546686,0.0
601600,2010-10,-0.22390000000000002,7,6,5,6.0,0.816496580927726,0.002333803387527431,0.8812908992306927,0.816496580927726
601600,2011-01,0.0364,4,6,5,5.0,0.816496580927726,0.0033729266193250444,0.9709505944546686,0.816496580927726
601600,2011-04,-0.0888,7,6,5,6.0,0.816496580927726,0.002333803387527431,0.8812908992306927,0.816496580927726
601600,2011-07,-0.1185,6,7,6,6.333333333333333,0.4714045207910317,0.0006758874784616383,0.9709505944546686,0.4714045207910317
601600,2011-10,-0.091,4,4,4,4.0,0.0,0.0,0.9709505944546686,0.0
601600,2012-01,0.0572,4,3,4,3.6666666666666665,0.4714045207910317,0.0021766561578771704,0.9709505944546686,0.4714045207910317
601600,2012-04,-0.0319,5,4,4,4.333333333333333,0.4714045207910317,0.0014294885616036141,1.0,0.4714045207910317
601600,2012-07,-0.12380000000000001,4,4,4,4.0,0.0,0.0,0.9709505944546686,0.0
601600,2012-10,-0.0575,4,4,4,4.0,0.0,0.0,0.9709505944546686,0.0
601600,2013-01,-0.057699999999999994,7,6,5,6.0,0.816496580927726,0.002333803387527431,0.8812908992306927,0.816496580927726
601600,2013-04,0.037200000000000004,4,4,4,4.0,0.0,0.0,0.9709505944546686,0.0
601600,2013-07,0.0843,4,3,4,3.6666666666666665,0.4714045207910317,0.0021766561578771704,0.9709505944546686,0.4714045207910317
601600,2013-10,-0.051500000000000004,7,7,5,6.333333333333333,0.9428090415820634,0.002946330098012255,0.8812908992306927,0.9428090415820634
601600,2014-01,-0.0073,4,5,4,4.333333333333333,0.4714045207910317,0.0014294885616036141,0.9709505944546686,0.4714045207910317
601600,2014-04,-0.0417,6,5,5,5.333333333333333,0.4714045207910317,0.0009491787649267315,0.9709505944546686,0.4714045207910317
601600,2014-07,-0.0189,5,5,6,5.333333333333333,0.4714045207910317,0.0009491787649267315,1.0,0.4714045207910317
601600,2014-10,0.14880000000000002,7,7,6,6.666666666666667,0.4714045207910317,0.000642071396597733,0.8812908992306927,0.4714045207910317
601600,2015-01,-0.023799999999999998,7,8,7,7.333333333333333,0.4714045207910317,0.0005056809102375145,0.8812908992306927,0.4714045207910317
601600,2015-04,-0.0721,7,8,7,7.333333333333333,0.4714045207910317,0.0005056809102375145,0.8812908992306927,0.4714045207910317
601600,2015-07,-0.1545,7,7,7,7.0,0.0,0.0,0.8812908992306927,0.0
601600,2015-10,-0.0323,3,4,5,4.0,0.816496580927726,0.00530599861166309,0.8812908992306927,0.816496580927726
601600,2016-01,0.2263,6,3,5,4.666666666666667,1.247219128924647,0.0097112135713919,0.9709505944546686,1.247219128924647
601600,2016-04,-0.0269,4,4,5,4.333333333333333,0.4714045207910317,0.0014294885616036141,0.9709505944546686,0.4714045207910317
601600,2016-07,0.0208,4,4,4,4.0,0.0,0.0,0.9709505944546686,0.0
601600,2016-10,0.1948,5,4,5,4.666666666666667,0.4714045207910317,0.0013272465907683984,1.0,0.4714045207910317
601600,2017-01,-0.0409,5,6,5,5.333333333333333,0.4714045207910317,0.0009491787649267315,1.0,0.4714045207910317
601600,2017-04,-0.1422,6,6,6,6.0,0.0,0.0,0.9709505944546686,0.0
601600,2017-07,0.36979999999999996,7,7,6,6.666666666666667,0.4714045207910317,0.000642071396597733,0.8812908992306927,0.4714045207910317
601600,2018-04,-0.12380000000000001,3,5,5,4.333333333333333,0.9428090415820634,0.0065210988470970595,0.8812908992306927,0.9428090415820634
601600,2018-07,0.050300000000000004,4,3,4,3.6666666666666665,0.4714045207910317,0.0021766561578771704,0.9709505944546686,0.4714045207910317
601600,2018-10,-0.0483,6,4,6,5.333333333333333,0.9428090415820634,0.004212595043515672,0.9709505944546686,0.9428090415820634
601600,2019-01,0.2401,4,4,4,4.0,0.0,0.0,0.9709505944546686,0.0
601600,2019-04,-0.0408,6,6,5,5.666666666666667,0.4714045207910317,0.0008932948130031191,0.9709505944546686,0.4714045207910317
601600,2019-07,-0.046,4,6,6,5.333333333333333,0.9428090415820634,0.004212595043515672,0.9709505944546686,0.9428090415820634
601600,2019-10,-0.0379,4,4,5,4.333333333333333,0.4714045207910317,0.0014294885616036141,0.9709505944546686,0.4714045207910317
601600,2020-01,-0.08539999999999999,7,6,6,6.333333333333333,0.4714045207910317,0.0006758874784616383,0.8812908992306927,0.4714045207910317
601600,2020-04,-0.0212,4,4,4,4.0,0.0,0.0,0.9709505944546686,0.0
601600,2020-07,-0.0464,5,4,5,4.666666666666667,0.4714045207910317,0.0013272465907683984,1.0,0.4714045207910317
601600,2020-10,0.5294,5,5,5,5.0,0.0,0.0,1.0,0.0
601600,2021-01,0.3875,6,6,6,6.0,0.0,0.0,0.9709505944546686,0.0
601600,2021-04,0.2,5,6,6,5.666666666666667,0.4714045207910317,0.0008932948130031191,1.0,0.4714045207910317
601600,2021-07,0.33390000000000003,7,7,7,7.0,0.0,0.0,0.8812908992306927,0.0
601600,2021-10,-0.1664,6,7,7,6.666666666666667,0.4714045207910317,0.0006420713965977487,0.9709505944546686,0.4714045207910317
601600,2022-01,0.25579999999999997,6,7,6,6.333333333333333,0.4714045207910317,0.0006758874784616383,0.9709505944546686,0.4714045207910317
601600,2022-04,0.0913,4,4,7,5.0,1.4142135623730951,0.009292928204941,0.9709505944546686,1.4142135623730951
601600,2022-07,-0.0311,4,4,5,4.333333333333333,0.4714045207910317,0.0014294885616036141,0.9709505944546686,0.4714045207910317
601600,2022-10,0.1794,4,4,4,4.0,0.0,0.0,0.9709505944546686,0.0
601600,2023-01,0.049699999999999994,6,5,5,5.333333333333333,0.4714045207910317,0.0009491787649267315,0.9709505944546686,0.4714045207910317
601600,2023-04,-0.1653,7,7,6,6.666666666666667,0.4714045207910317,0.000642071396597733,0.8812908992306927,0.4714045207910317
601600,2023-07,-0.0694,6,7,6,6.333333333333333,0.4714045207910317,0.0006758874784616383,0.9709505944546686,0.4714045207910317
601600,2023-10,-0.1142,6,7,7,6.666666666666667,0.4714045207910317,0.0006420713965977487,0.9709505944546686,0.4714045207910317
601600,2024-01,0.0683,5,6,7,6.0,0.816496580927726,0.002333803387527431,1.0,0.816496580927726
601600,2024-04,0.11,7,7,7,7.0,0.0,0.0,0.8812908992306927,0.0
601600,2024-07,-0.010700000000000001,5,6,7,6.0,0.816496580927726,0.002333803387527431,1.0,0.816496580927726
601600,2024-10,-0.0151,7,7,7,7.0,0.0,0.0,0.8812908992306927,0.0
601607,2005-01,0.3861,5,4,5,4.666666666666667,0.4714045207910317,0.0013272465907683984,1.0,0.4714045207910317
601607,2005-04,-0.05,2,3,5,3.3333333333333335,1.247219128924647,0.017250981160694335,0.7219280948873623,1.247219128924647
601607,2005-07,0.1527,4,3,4,3.6666666666666665,0.4714045207910317,0.0021766561578771704,0.9709505944546686,0.4714045207910317
601607,2005-10,0.25370000000000004,4,3,5,4.0,0.816496580927726,0.00530599861166309,0.9709505944546686,0.816496580927726
601607,2006-01,0.0839,5,4,4,4.333333333333333,0.4714045207910317,0.0014294885616036141,1.0,0.4714045207910317
601607,2006-04,0.9876,4,4,5,4.333333333333333,0.4714045207910317,0.0014294885616036141,0.9709505944546686,0.4714045207910317
601607,2006-07,-1.5,6,7,6,6.333333333333333,0.4714045207910317,0.0006758874784616383,0.9709505944546686,0.4714045207910317
601607,2006-10,0.7143,2,1,1,1.3333333333333333,0.4714045207910317,0.014362591564146779,0.7219280948873623,0.4714045207910317
601607,2007-01,0.5595,6,2,1,3.0,2.160246899469287,0.06297904566134355,0.9709505944546686,2.160246899469287
601607,2007-04,0.22899999999999998,7,6,3,5.333333333333333,1.699673171197595,0.014489122970023622,0.8812908992306927,1.699673171197595
601607,2007-07,-0.1673,6,6,2,4.666666666666667,1.8856180831641267,0.025559141193383414,0.9709505944546686,1.8856180831641267
601607,2007-10,-0.0802,4,6,4,4.666666666666667,0.9428090415820634,0.004817302157272943,0.9709505944546686,0.9428090415820634
601607,2008-01,0.1643,7,6,4,5.666666666666667,1.247219128924647,0.006454904945298079,0.8812908992306927,1.247219128924647
601607,2008-04,-0.1074,3,2,4,3.0,0.816496580927726,0.00957506104276447,0.8812908992306927,0.816496580927726
601607,2008-07,-0.5185,2,2,3,2.3333333333333335,0.4714045207910317,0.004817302157272868,0.7219280948873623,0.4714045207910317
601607,2008-10,1.8961000000000001,2,1,2,1.6666666666666667,0.4714045207910317,0.011456875501600412,0.7219280948873623,0.4714045207910317
601607,2009-01,0.0327,2,3,2,2.3333333333333335,0.4714045207910317,0.004817302157272943,0.7219280948873623,0.4714045207910317
601607,2009-04,-0.2024,7,3,3,4.333333333333333,1.8856180831641267,0.021556318259027013,0.8812908992306927,1.8856180831641267
601607,2009-10,0.0294,7,7,3,5.666666666666667,1.8856180831641267,0.01639998447673846,0.8812908992306927,1.8856180831641267
601607,2010-01,-0.0678,6,6,3,5.0,1.4142135623730951,0.011456875501600412,0.9709505944546686,1.4142135623730951
601607,2010-04,0.0335,7,7,7,7.0,0.0,0.0,0.8812908992306927,0.0
601607,2010-07,0.397,5,6,7,6.0,0.816496580927726,0.002333803387527431,1.0,0.816496580927726
601607,2010-10,0.262,7,7,7,7.0,0.0,0.0,0.8812908992306927,0.0
601607,2011-01,0.0917,4,6,7,5.666666666666667,1.247219128924647,0.006454904945298079,0.9709505944546686,1.247219128924647
601607,2011-04,-0.1648,4,4,6,4.666666666666667,0.9428090415820634,0.004817302157272868,0.9709505944546686,0.9428090415820634
601607,2011-07,-0.045,4,4,6,4.666666666666667,0.9428090415820634,0.004817302157272868,0.9709505944546686,0.9428090415820634
601607,2011-10,-0.1284,4,3,4,3.6666666666666665,0.4714045207910317,0.0021766561578771704,0.9709505944546686,0.4714045207910317
601607,2012-01,0.1681,4,3,4,3.6666666666666665,0.4714045207910317,0.0021766561578771704,0.9709505944546686,0.4714045207910317
601607,2012-04,-0.1727,4,3,4,3.6666666666666665,0.4714045207910317,0.0021766561578771704,0.9709505944546686,0.4714045207910317
601607,2012-07,0.1967,6,6,4,5.333333333333333,0.9428090415820634,0.004212595043515672,0.9709505944546686,0.9428090415820634
601607,2012-10,-0.1736,6,6,5,5.666666666666667,0.4714045207910317,0.0008932948130031191,0.9709505944546686,0.4714045207910317
601607,2013-01,0.19829999999999998,6,7,5,6.0,0.816496580927726,0.002333803387527431,0.9709505944546686,0.816496580927726
601607,2013-04,0.1164,7,6,6,6.333333333333333,0.4714045207910317,0.0006758874784616383,0.8812908992306927,0.4714045207910317
601607,2013-07,0.0652,3,3,5,3.6666666666666665,0.9428090415820634,0.00771594541165983,0.8812908992306927,0.9428090415820634
601607,2013-10,0.198,7,7,6,6.666666666666667,0.4714045207910317,0.000642071396597733,0.8812908992306927,0.4714045207910317
601607,2014-01,0.0541,4,6,7,5.666666666666667,1.247219128924647,0.006454904945298079,0.9709505944546686,1.247219128924647
601607,2014-04,0.1001,4,4,6,4.666666666666667,0.9428090415820634,0.004817302157272868,0.9709505944546686,0.9428090415820634
601607,2014-07,0.0097,5,4,6,5.0,0.816496580927726,0.0033729266193250444,1.0,0.816496580927726
601607,2014-10,0.0218,7,7,6,6.666666666666667,0.4714045207910317,0.000642071396597733,0.8812908992306927,0.4714045207910317
601607,2015-01,0.0967,7,7,7,7.0,0.0,0.0,0.8812908992306927,0.0
601607,2015-04,0.020499999999999997,7,8,7,7.333333333333333,0.4714045207910317,0.0005056809102375145,0.8812908992306927,0.4714045207910317
601607,2015-07,-0.10550000000000001,4,6,6,5.333333333333333,0.9428090415820634,0.004212595043515672,0.9709505944546686,0.9428090415820634
601607,2015-10,-0.0472,4,4,6,4.666666666666667,0.9428090415820634,0.004817302157272868,0.9709505944546686,0.9428090415820634
601607,2016-01,-0.0416,7,6,6,6.333333333333333,0.4714045207910317,0.0006758874784616383,0.8812908992306927,0.4714045207910317
601607,2016-04,0.024,6,6,4,5.333333333333333,0.9428090415820634,0.004212595043515672,0.9709505944546686,0.9428090415820634
601607,2016-07,-0.0091,6,4,6,5.333333333333333,0.9428090415820634,0.004212595043515672,0.9709505944546686,0.9428090415820634
601607,2016-10,0.0297,6,6,7,6.333333333333333,0.4714045207910317,0.0006758874784615638,0.9709505944546686,0.4714045207910317
601607,2017-01,-0.0128,5,6,6,5.666666666666667,0.4714045207910317,0.0008932948130031191,1.0,0.4714045207910317
601607,2017-04,0.09269999999999999,7,7,7,7.0,0.0,0.0,0.8812908992306927,0.0
601607,2017-07,-0.0779,7,8,7,7.333333333333333,0.4714045207910317,0.0005056809102375145,0.8812908992306927,0.4714045207910317
601607,2017-10,-0.0384,5,6,6,5.666666666666667,0.4714045207910317,0.0008932948130031191,1.0,0.4714045207910317
601607,2018-01,-0.0806,5,4,7,5.333333333333333,1.247219128924647,0.006684370996497373,1.0,1.247219128924647
601607,2018-04,0.15810000000000002,6,6,6,6.0,0.0,0.0,0.9709505944546686,0.0
601607,2018-07,-0.09359999999999999,4,4,6,4.666666666666667,0.9428090415820634,0.004817302157272868,0.9709505944546686,0.9428090415820634
601607,2018-10,0.026600000000000002,4,4,5,4.333333333333333,0.4714045207910317,0.0014294885616036141,0.9709505944546686,0.4714045207910317
601607,2019-01,0.1807,4,4,4,4.0,0.0,0.0,0.9709505944546686,0.0
601607,2019-04,-0.078,7,6,5,6.0,0.816496580927726,0.002333803387527431,0.8812908992306927,0.816496580927726
601607,2019-07,0.0444,4,6,5,5.0,0.816496580927726,0.0033729266193250444,0.9709505944546686,0.816496580927726
601607,2019-10,-0.0484,6,4,6,5.333333333333333,0.9428090415820634,0.004212595043515672,0.9709505944546686,0.9428090415820634
601607,2020-01,-0.0149,6,6,6,6.0,0.0,0.0,0.9709505944546686,0.0
601607,2020-04,-0.0447,6,7,6,6.333333333333333,0.4714045207910317,0.0006758874784616383,0.9709505944546686,0.4714045207910317
601607,2020-07,0.094,6,5,6,5.666666666666667,0.4714045207910317,0.0008932948130031191,0.9709505944546686,0.4714045207910317
601607,2020-10,0.0109,5,5,6,5.333333333333333,0.4714045207910317,0.0009491787649267315,1.0,0.4714045207910317
601607,2021-01,0.154,4,6,6,5.333333333333333,0.9428090415820634,0.004212595043515672,0.9709505944546686,0.9428090415820634
601607,2021-04,0.0431,6,4,6,5.333333333333333,0.9428090415820634,0.004212595043515672,0.9709505944546686,0.9428090415820634
601607,2021-07,0.009899999999999999,5,5,6,5.333333333333333,0.4714045207910317,0.0009491787649267315,1.0,0.4714045207910317
601607,2021-10,-0.015,4,5,6,5.0,0.816496580927726,0.0033729266193250444,0.9709505944546686,0.816496580927726
601607,2022-01,-0.0118,7,6,6,6.333333333333333,0.4714045207910317,0.0006758874784616383,0.8812908992306927,0.4714045207910317
601607,2022-04,0.0262,7,7,7,7.0,0.0,0.0,0.8812908992306927,0.0
601607,2022-07,0.0064,4,5,5,4.666666666666667,0.4714045207910317,0.0013272465907683984,0.9709505944546686,0.4714045207910317
601607,2022-10,0.1101,5,4,6,5.0,0.816496580927726,0.0033729266193250444,1.0,0.816496580927726
601607,2023-01,0.0629,5,5,6,5.333333333333333,0.4714045207910317,0.0009491787649267315,1.0,0.4714045207910317
601607,2023-04,0.0252,7,7,6,6.666666666666667,0.4714045207910317,0.000642071396597733,0.8812908992306927,0.4714045207910317
601607,2023-07,-0.1161,6,6,7,6.333333333333333,0.4714045207910317,0.0006758874784615638,0.9709505944546686,0.4714045207910317
601607,2023-10,-0.0040999999999999995,5,5,6,5.333333333333333,0.4714045207910317,0.0009491787649267315,1.0,0.4714045207910317
601607,2024-01,0.0735,4,4,6,4.666666666666667,0.9428090415820634,0.004817302157272868,0.9709505944546686,0.9428090415820634
601607,2024-04,0.0141,5,4,6,5.0,0.816496580927726,0.0033729266193250444,1.0,0.816496580927726
601607,2024-07,-0.042300000000000004,7,7,6,6.666666666666667,0.4714045207910317,0.000642071396597733,0.8812908992306927,0.4714045207910317
601607,2024-10,0.1267,7,7,7,7.0,0.0,0.0,0.8812908992306927,0.0
601628,2007-01,-0.0775,5,4,6,5.0,0.816496580927726,0.0033729266193250444,1.0,0.816496580927726
601628,2007-04,-0.1382,7,4,6,5.666666666666667,1.247219128924647,0.006454904945298079,0.8812908992306927,1.247219128924647
601628,2007-07,0.2007,7,7,5,6.333333333333333,0.9428090415820634,0.002946330098012255,0.8812908992306927,0.9428090415820634
601628,2007-10,-0.2962,7,8,6,7.0,0.816496580927726,0.001710895898255767,0.8812908992306927,0.816496580927726
601628,2008-01,-0.0111,7,8,6,7.0,0.816496580927726,0.001710895898255767,0.8812908992306927,0.816496580927726
601628,2008-04,-0.2248,3,3,4,3.3333333333333335,0.4714045207910317,0.0023948438453058845,0.8812908992306927,0.4714045207910317
601628,2008-07,0.0512,3,3,4,3.3333333333333335,0.4714045207910317,0.0023948438453058845,0.8812908992306927,0.4714045207910317
601628,2008-10,0.0375,6,4,4,4.666666666666667,0.9428090415820634,0.004817302157272943,0.9709505944546686,0.9428090415820634
601628,2009-01,0.0637,4,4,4,4.0,0.0,0.0,0.9709505944546686,0.0
601628,2009-04,-0.0408,7,6,6,6.333333333333333,0.4714045207910317,0.0006758874784616383,0.8812908992306927,0.4714045207910317
601628,2009-07,-0.3013,7,8,7,7.333333333333333,0.4714045207910317,0.0005056809102375145,0.8812908992306927,0.4714045207910317
601628,2009-10,0.030899999999999997,7,7,6,6.666666666666667,0.4714045207910317,0.000642071396597733,0.8812908992306927,0.4714045207910317
601628,2010-01,-0.0034999999999999996,7,7,7,7.0,0.0,0.0,0.8812908992306927,0.0
601628,2010-04,-0.12710000000000002,6,7,7,6.666666666666667,0.4714045207910317,0.0006420713965977487,0.9709505944546686,0.4714045207910317
601628,2010-07,-0.0926,6,6,6,6.0,0.0,0.0,0.9709505944546686,0.0
601628,2010-10,-0.1625,4,4,6,4.666666666666667,0.9428090415820634,0.004817302157272868,0.9709505944546686,0.9428090415820634
601628,2011-01,0.0116,5,4,6,5.0,0.816496580927726,0.0033729266193250444,1.0,0.816496580927726
601628,2011-04,-0.085,5,5,5,5.0,0.0,0.0,1.0,0.0
601628,2011-07,-0.1536,4,4,6,4.666666666666667,0.9428090415820634,0.004817302157272868,0.9709505944546686,0.9428090415820634
601628,2011-10,0.0397,4,3,4,3.6666666666666665,0.4714045207910317,0.0021766561578771704,0.9709505944546686,0.4714045207910317
601628,2012-01,-0.0070999999999999995,7,6,5,6.0,0.816496580927726,0.002333803387527431,0.8812908992306927,0.816496580927726
601628,2012-04,-0.0646,4,5,5,4.666666666666667,0.4714045207910317,0.0013272465907683984,0.9709505944546686,0.4714045207910317
601628,2012-07,-0.0708,7,7,6,6.666666666666667,0.4714045207910317,0.000642071396597733,0.8812908992306927,0.4714045207910317
601628,2012-10,0.0253,7,7,7,7.0,0.0,0.0,0.8812908992306927,0.0
601628,2013-01,-0.1162,7,8,7,7.333333333333333,0.4714045207910317,0.0005056809102375145,0.8812908992306927,0.4714045207910317
601628,2013-04,-0.011000000000000001,4,4,6,4.666666666666667,0.9428090415820634,0.004817302157272868,0.9709505944546686,0.9428090415820634
601628,2013-07,0.0799,4,3,4,3.6666666666666665,0.4714045207910317,0.0021766561578771704,0.9709505944546686,0.4714045207910317
601628,2013-10,0.20559999999999998,5,4,4,4.333333333333333,0.4714045207910317,0.0014294885616036141,1.0,0.4714045207910317
601628,2014-01,0.0163,6,6,6,6.0,0.0,0.0,0.9709505944546686,0.0
601628,2014-04,0.0496,4,4,5,4.333333333333333,0.4714045207910317,0.0014294885616036141,0.9709505944546686,0.4714045207910317
601628,2014-07,-0.0196,6,5,7,6.0,0.816496580927726,0.002333803387527431,0.9709505944546686,0.816496580927726
601628,2014-10,0.6013000000000001,7,8,7,7.333333333333333,0.4714045207910317,0.0005056809102375145,0.8812908992306927,0.4714045207910317
601628,2015-01,0.0451,7,7,7,7.0,0.0,0.0,0.8812908992306927,0.0
601628,2015-04,-0.0859,6,7,7,6.666666666666667,0.4714045207910317,0.0006420713965977487,0.9709505944546686,0.4714045207910317
601628,2015-07,-0.1207,4,4,8,5.333333333333333,1.8856180831641267,0.014362591564146779,0.9709505944546686,1.8856180831641267
601628,2015-10,-0.0084,4,4,7,5.0,1.4142135623730951,0.009292928204941,0.9709505944546686,1.4142135623730951
601628,2016-01,-0.0364,7,6,6,6.333333333333333,0.4714045207910317,0.0006758874784616383,0.8812908992306927,0.4714045207910317
601628,2016-04,-0.0042,6,7,4,5.666666666666667,1.247219128924647,0.006454904945298079,0.9709505944546686,1.247219128924647
601628,2016-07,0.039900000000000005,5,4,5,4.666666666666667,0.4714045207910317,0.0013272465907683984,1.0,0.4714045207910317
601628,2016-10,0.2302,6,4,6,5.333333333333333,0.9428090415820634,0.004212595043515672,0.9709505944546686,0.9428090415820634
601628,2017-01,-0.0024,6,6,6,6.0,0.0,0.0,0.9709505944546686,0.0
601628,2017-04,0.0907,6,6,7,6.333333333333333,0.4714045207910317,0.0006758874784615638,0.9709505944546686,0.4714045207910317
601628,2017-07,0.07200000000000001,6,6,7,6.333333333333333,0.4714045207910317,0.0006758874784615638,0.9709505944546686,0.4714045207910317
601628,2017-10,-0.0155,5,6,7,6.0,0.816496580927726,0.002333803387527431,1.0,0.816496580927726
601628,2018-01,-0.13140000000000002,6,6,7,6.333333333333333,0.4714045207910317,0.0006758874784615638,0.9709505944546686,0.4714045207910317
601628,2018-04,0.0025,4,4,6,4.666666666666667,0.9428090415820634,0.004817302157272868,0.9709505944546686,0.9428090415820634
601628,2018-07,-0.0694,4,4,5,4.333333333333333,0.4714045207910317,0.0014294885616036141,0.9709505944546686,0.4714045207910317
601628,2018-10,-0.016200000000000003,6,6,6,6.0,0.0,0.0,0.9709505944546686,0.0
601628,2019-01,0.2994,4,4,6,4.666666666666667,0.9428090415820634,0.004817302157272868,0.9709505944546686,0.9428090415820634
601628,2019-04,-0.1589,7,7,7,7.0,0.0,0.0,0.8812908992306927,0.0
601628,2019-07,-0.0325,7,8,7,7.333333333333333,0.4714045207910317,0.0005056809102375145,0.8812908992306927,0.4714045207910317
601628,2019-10,-0.0216,5,4,7,5.333333333333333,1.247219128924647,0.006684370996497373,1.0,1.247219128924647
601628,2020-01,-0.09880000000000001,7,7,7,7.0,0.0,0.0,0.8812908992306927,0.0
601628,2020-04,-0.11900000000000001,4,4,5,4.333333333333333,0.4714045207910317,0.0014294885616036141,0.9709505944546686,0.4714045207910317
601628,2020-07,0.21530000000000002,7,5,6,6.0,0.816496580927726,0.002333803387527431,0.8812908992306927,0.816496580927726
601628,2020-10,-0.08539999999999999,6,7,7,6.666666666666667,0.4714045207910317,0.0006420713965977487,0.9709505944546686,0.4714045207910317
601628,2021-01,-0.09050000000000001,4,6,7,5.666666666666667,1.247219128924647,0.006454904945298079,0.9709505944546686,1.247219128924647
601628,2021-04,0.11109999999999999,4,4,6,4.666666666666667,0.9428090415820634,0.004817302157272868,0.9709505944546686,0.9428090415820634
601628,2021-07,0.0329,6,4,7,5.666666666666667,1.247219128924647,0.006454904945298079,0.9709505944546686,1.247219128924647
601628,2021-10,-0.0091,6,6,5,5.666666666666667,0.4714045207910317,0.0008932948130031191,0.9709505944546686,0.4714045207910317
601628,2022-01,0.048600000000000004,6,6,6,6.0,0.0,0.0,0.9709505944546686,0.0
601628,2022-04,-0.026099999999999998,4,4,6,4.666666666666667,0.9428090415820634,0.004817302157272868,0.9709505944546686,0.9428090415820634
601628,2022-07,0.10859999999999999,7,7,6,6.666666666666667,0.4714045207910317,0.000642071396597733,0.8812908992306927,0.4714045207910317
601628,2022-10,0.38520000000000004,6,7,7,6.666666666666667,0.4714045207910317,0.0006420713965977487,0.9709505944546686,0.4714045207910317
601628,2023-01,0.0537,7,7,7,7.0,0.0,0.0,0.8812908992306927,0.0
601628,2023-04,-0.0446,4,6,7,5.666666666666667,1.247219128924647,0.006454904945298079,0.9709505944546686,1.247219128924647
601628,2023-07,-0.0294,6,4,7,5.666666666666667,1.247219128924647,0.006454904945298079,0.9709505944546686,1.247219128924647
601628,2023-10,-0.1103,6,7,7,6.666666666666667,0.4714045207910317,0.0006420713965977487,0.9709505944546686,0.4714045207910317
601628,2024-01,0.057999999999999996,4,4,6,4.666666666666667,0.9428090415820634,0.004817302157272868,0.9709505944546686,0.9428090415820634
601628,2024-04,0.0235,5,4,6,5.0,0.816496580927726,0.0033729266193250444,1.0,0.816496580927726
601628,2024-07,0.0377,6,6,6,6.0,0.0,0.0,0.9709505944546686,0.0
601628,2024-10,0.0102,7,8,7,7.333333333333333,0.4714045207910317,0.0005056809102375145,0.8812908992306927,0.4714045207910317
601808,2007-10,-0.3179,3,7,6,5.333333333333333,1.699673171197595,0.014489122970023622,0.8812908992306927,1.699673171197595
601808,2008-01,0.0974,6,6,6,6.0,0.0,0.0,0.9709505944546686,0.0
601808,2008-04,-0.0553,3,3,5,3.6666666666666665,0.9428090415820634,0.00771594541165983,0.8812908992306927,0.9428090415820634
601808,2008-07,-0.3153,6,4,5,5.0,0.816496580927726,0.0033729266193250444,0.9709505944546686,0.816496580927726
601808,2008-10,0.2568,4,4,4,4.0,0.0,0.0,0.9709505944546686,0.0
601808,2009-01,-0.0738,5,4,3,4.0,0.816496580927726,0.00530599861166309,1.0,0.816496580927726
601808,2009-04,0.1641,8,6,5,6.333333333333333,1.247219128924647,0.0047430824888307355,0.7219280948873623,1.247219128924647
601808,2009-07,-0.3074,6,6,6,6.0,0.0,0.0,0.9709505944546686,0.0
601808,2009-10,0.081,4,5,6,5.0,0.816496580927726,0.0033729266193250444,0.9709505944546686,0.816496580927726
601808,2010-01,0.0412,7,6,7,6.666666666666667,0.4714045207910317,0.0006420713965977487,0.8812908992306927,0.4714045207910317
601808,2010-04,-0.23629999999999998,6,7,7,6.666666666666667,0.4714045207910317,0.0006420713965977487,0.9709505944546686,0.4714045207910317
601808,2010-07,0.12300000000000001,4,4,5,4.333333333333333,0.4714045207910317,0.0014294885616036141,0.9709505944546686,0.4714045207910317
601808,2010-10,0.40740000000000004,7,6,6,6.333333333333333,0.4714045207910317,0.0006758874784616383,0.8812908992306927,0.4714045207910317
601808,2011-01,0.019,7,8,7,7.333333333333333,0.4714045207910317,0.0005056809102375145,0.8812908992306927,0.4714045207910317
601808,2011-04,-0.0467,4,6,7,5.666666666666667,1.247219128924647,0.006454904945298079,0.9709505944546686,1.247219128924647
601808,2011-07,-0.1574,4,4,7,5.0,1.4142135623730951,0.009292928204941,0.9709505944546686,1.4142135623730951
601808,2011-10,-0.049,6,4,6,5.333333333333333,0.9428090415820634,0.004212595043515672,0.9709505944546686,0.9428090415820634
601808,2012-01,0.0716,4,4,5,4.333333333333333,0.4714045207910317,0.0014294885616036141,0.9709505944546686,0.4714045207910317
601808,2012-04,-0.0092,6,6,6,6.0,0.0,0.0,0.9709505944546686,0.0
601808,2012-07,-0.0264,5,6,6,5.666666666666667,0.4714045207910317,0.0008932948130031191,1.0,0.4714045207910317
601808,2012-10,-0.0596,4,5,7,5.333333333333333,1.247219128924647,0.006684370996497373,0.9709505944546686,1.247219128924647
601808,2013-01,-0.029300000000000003,7,7,7,7.0,0.0,0.0,0.8812908992306927,0.0
601808,2013-04,0.08470000000000001,5,5,6,5.333333333333333,0.4714045207910317,0.0009491787649267315,1.0,0.4714045207910317
601808,2013-07,0.1945,4,4,6,4.666666666666667,0.9428090415820634,0.004817302157272868,0.9709505944546686,0.9428090415820634
601808,2013-10,0.0508,7,7,7,7.0,0.0,0.0,0.8812908992306927,0.0
601808,2014-01,-0.0674,6,7,7,6.666666666666667,0.4714045207910317,0.0006420713965977487,0.9709505944546686,0.4714045207910317
601808,2014-04,0.0353,4,4,6,4.666666666666667,0.9428090415820634,0.004817302157272868,0.9709505944546686,0.9428090415820634
601808,2014-07,0.079,7,6,7,6.666666666666667,0.4714045207910317,0.0006420713965977487,0.8812908992306927,0.4714045207910317
601808,2014-10,-0.0584,6,7,7,6.666666666666667,0.4714045207910317,0.0006420713965977487,0.9709505944546686,0.4714045207910317
601808,2015-01,0.013999999999999999,7,8,6,7.0,0.816496580927726,0.001710895898255767,0.8812908992306927,0.816496580927726
601808,2015-04,-0.0622,8,8,7,7.666666666666667,0.4714045207910317,0.000483684145855568,0.7219280948873623,0.4714045207910317
601808,2015-07,-0.1686,7,8,8,7.666666666666667,0.4714045207910317,0.000483684145855568,0.8812908992306927,0.4714045207910317
601808,2015-10,-0.0795,3,4,5,4.0,0.816496580927726,0.00530599861166309,0.8812908992306927,0.816496580927726
601808,2016-01,-0.0037,5,4,6,5.0,0.816496580927726,0.0033729266193250444,1.0,0.816496580927726
601808,2016-04,-0.0458,6,6,4,5.333333333333333,0.9428090415820634,0.004212595043515672,0.9709505944546686,0.9428090415820634
601808,2016-07,0.0147,5,4,4,4.333333333333333,0.4714045207910317,0.0014294885616036141,1.0,0.4714045207910317
601808,2016-10,0.083,5,4,6,5.0,0.816496580927726,0.0033729266193250444,1.0,0.816496580927726
601808,2017-01,0.0542,6,6,6,6.0,0.0,0.0,0.9709505944546686,0.0
601808,2017-04,0.0472,5,6,6,5.666666666666667,0.4714045207910317,0.0008932948130031191,1.0,0.4714045207910317
601808,2017-07,-0.0128,4,4,6,4.666666666666667,0.9428090415820634,0.004817302157272868,0.9709505944546686,0.9428090415820634
601808,2017-10,-0.044199999999999996,5,6,6,5.666666666666667,0.4714045207910317,0.0008932948130031191,1.0,0.4714045207910317
601808,2018-01,-0.1432,5,4,6,5.0,0.816496580927726,0.0033729266193250444,1.0,0.816496580927726
601808,2018-04,-0.09480000000000001,6,6,6,6.0,0.0,0.0,0.9709505944546686,0.0
601808,2018-07,0.0958,4,4,6,4.666666666666667,0.9428090415820634,0.004817302157272868,0.9709505944546686,0.9428090415820634
601808,2018-10,-0.0646,7,7,6,6.666666666666667,0.4714045207910317,0.000642071396597733,0.8812908992306927,0.4714045207910317
601808,2019-01,0.17300000000000001,4,4,6,4.666666666666667,0.9428090415820634,0.004817302157272868,0.9709505944546686,0.9428090415820634
601808,2019-04,-0.0466,7,6,6,6.333333333333333,0.4714045207910317,0.0006758874784616383,0.8812908992306927,0.4714045207910317
601808,2019-07,0.1974,6,7,6,6.333333333333333,0.4714045207910317,0.0006758874784616383,0.9709505944546686,0.4714045207910317
601808,2019-10,0.1437,7,7,7,7.0,0.0,0.0,0.8812908992306927,0.0
601808,2020-01,-0.08839999999999999,8,8,8,8.0,0.0,0.0,0.7219280948873623,0.0
601808,2020-04,0.0124,4,4,6,4.666666666666667,0.9428090415820634,0.004817302157272868,0.9709505944546686,0.9428090415820634
601808,2020-07,-0.048799999999999996,7,4,7,6.0,1.4142135623730951,0.007732062599348774,0.8812908992306927,1.4142135623730951
601808,2020-10,0.22329999999999997,4,4,6,4.666666666666667,0.9428090415820634,0.004817302157272868,0.9709505944546686,0.9428090415820634
601808,2021-01,0.2193,6,5,6,5.666666666666667,0.4714045207910317,0.0008932948130031191,0.9709505944546686,0.4714045207910317
601808,2021-04,0.0462,5,6,7,6.0,0.816496580927726,0.002333803387527431,1.0,0.816496580927726
601808,2021-07,0.1594,6,7,6,6.333333333333333,0.4714045207910317,0.0006758874784616383,0.9709505944546686,0.4714045207910317
601808,2021-10,-0.0941,7,7,7,7.0,0.0,0.0,0.8812908992306927,0.0
601808,2022-01,0.2261,6,7,7,6.666666666666667,0.4714045207910317,0.0006420713965977487,0.9709505944546686,0.4714045207910317
601808,2022-04,0.2189,4,4,6,4.666666666666667,0.9428090415820634,0.004817302157272868,0.9709505944546686,0.9428090415820634
601808,2022-07,0.1117,5,4,6,5.0,0.816496580927726,0.0033729266193250444,1.0,0.816496580927726
601808,2022-10,0.0574,6,6,6,6.0,0.0,0.0,0.9709505944546686,0.0
601808,2023-01,-0.029300000000000003,6,6,7,6.333333333333333,0.4714045207910317,0.0006758874784615638,0.9709505944546686,0.4714045207910317
601808,2023-04,-0.13,4,5,7,5.333333333333333,1.247219128924647,0.006684370996497373,0.9709505944546686,1.247219128924647
601808,2023-07,-0.025099999999999997,5,4,6,5.0,0.816496580927726,0.0033729266193250444,1.0,0.816496580927726
601808,2023-10,-0.0449,7,7,7,7.0,0.0,0.0,0.8812908992306927,0.0
601808,2024-01,-0.0516,5,6,6,5.666666666666667,0.4714045207910317,0.0008932948130031191,1.0,0.4714045207910317
601808,2024-04,0.0092,8,8,7,7.666666666666667,0.4714045207910317,0.000483684145855568,0.7219280948873623,0.4714045207910317
601808,2024-07,-0.0208,4,6,7,5.666666666666667,1.247219128924647,0.006454904945298079,0.9709505944546686,1.247219128924647
601808,2024-10,-0.0148,6,6,6,6.0,0.0,0.0,0.9709505944546686,0.0
601872,2007-01,0.0395,6,7,6,6.333333333333333,0.4714045207910317,0.0006758874784616383,0.9709505944546686,0.4714045207910317
601872,2007-04,-0.10439999999999999,6,5,6,5.666666666666667,0.4714045207910317,0.0008932948130031191,0.9709505944546686,0.4714045207910317
601872,2007-07,0.198,7,7,6,6.666666666666667,0.4714045207910317,0.000642071396597733,0.8812908992306927,0.4714045207910317
601872,2007-10,-0.2532,7,7,6,6.666666666666667,0.4714045207910317,0.000642071396597733,0.8812908992306927,0.4714045207910317
601872,2008-01,0.0235,7,7,7,7.0,0.0,0.0,0.8812908992306927,0.0
601872,2008-04,-0.17800000000000002,4,3,4,3.6666666666666665,0.4714045207910317,0.0021766561578771704,0.9709505944546686,0.4714045207910317
601872,2008-07,-0.2515,3,3,4,3.3333333333333335,0.4714045207910317,0.0023948438453058845,0.8812908992306927,0.4714045207910317
601872,2008-10,0.1293,4,4,4,4.0,0.0,0.0,0.9709505944546686,0.0
601872,2009-01,0.1381,4,3,4,3.6666666666666665,0.4714045207910317,0.0021766561578771704,0.9709505944546686,0.4714045207910317
601872,2009-04,0.027200000000000002,7,7,5,6.333333333333333,0.9428090415820634,0.002946330098012255,0.8812908992306927,0.9428090415820634
601872,2009-07,-0.3446,7,8,6,7.0,0.816496580927726,0.001710895898255767,0.8812908992306927,0.816496580927726
601872,2009-10,0.1462,4,5,5,4.666666666666667,0.4714045207910317,0.0013272465907683984,0.9709505944546686,0.4714045207910317
601872,2010-01,-0.0163,7,5,7,6.333333333333333,0.9428090415820634,0.002946330098012255,0.8812908992306927,0.9428090415820634
601872,2010-04,-0.15039999999999998,5,7,6,6.0,0.816496580927726,0.002333803387527431,1.0,0.816496580927726
601872,2010-07,-0.0369,4,3,4,3.6666666666666665,0.4714045207910317,0.0021766561578771704,0.9709505944546686,0.4714045207910317
601872,2010-10,-0.1732,7,5,5,5.666666666666667,0.9428090415820634,0.0032941013770045433,0.8812908992306927,0.9428090415820634
601872,2011-01,0.009899999999999999,4,5,5,4.666666666666667,0.4714045207910317,0.0013272465907683984,0.9709505944546686,0.4714045207910317
601872,2011-04,-0.0707,6,4,5,5.0,0.816496580927726,0.0033729266193250444,0.9709505944546686,0.816496580927726
601872,2011-07,-0.0828,4,4,6,4.666666666666667,0.9428090415820634,0.004817302157272868,0.9709505944546686,0.9428090415820634
601872,2011-10,-0.1606,4,3,4,3.6666666666666665,0.4714045207910317,0.0021766561578771704,0.9709505944546686,0.4714045207910317
601872,2012-01,0.0818,4,3,4,3.6666666666666665,0.4714045207910317,0.0021766561578771704,0.9709505944546686,0.4714045207910317
601872,2012-04,0.2072,5,4,4,4.333333333333333,0.4714045207910317,0.0014294885616036141,1.0,0.4714045207910317
601872,2012-07,-0.1039,6,6,5,5.666666666666667,0.4714045207910317,0.0008932948130031191,0.9709505944546686,0.4714045207910317
601872,2012-10,-0.0833,3,4,4,3.6666666666666665,0.4714045207910317,0.0021766561578771704,0.8812908992306927,0.4714045207910317
601872,2013-01,-0.011200000000000002,7,6,6,6.333333333333333,0.4714045207910317,0.0006758874784616383,0.8812908992306927,0.4714045207910317
601872,2013-04,0.0161,4,6,6,5.333333333333333,0.9428090415820634,0.004212595043515672,0.9709505944546686,0.9428090415820634
601872,2013-07,1.2903,3,2,4,3.0,0.816496580927726,0.00957506104276447,0.8812908992306927,0.816496580927726
601872,2013-10,0.08109999999999999,7,7,6,6.666666666666667,0.4714045207910317,0.000642071396597733,0.8812908992306927,0.4714045207910317
601872,2014-01,0.0526,4,7,6,5.666666666666667,1.247219128924647,0.006454904945298079,0.9709505944546686,1.247219128924647
601872,2014-04,0.0429,7,6,6,6.333333333333333,0.4714045207910317,0.0006758874784616383,0.8812908992306927,0.4714045207910317
601872,2014-07,0.2857,5,4,8,5.666666666666667,1.699673171197595,0.01074740208083992,1.0,1.699673171197595
601872,2014-10,0.203,7,8,7,7.333333333333333,0.4714045207910317,0.0005056809102375145,0.8812908992306927,0.4714045207910317
601872,2015-01,0.0085,7,8,7,7.333333333333333,0.4714045207910317,0.0005056809102375145,0.8812908992306927,0.4714045207910317
601872,2015-04,-0.1401,7,8,7,7.333333333333333,0.4714045207910317,0.0005056809102375145,0.8812908992306927,0.4714045207910317
601872,2015-07,-0.0783,7,8,7,7.333333333333333,0.4714045207910317,0.0005056809102375145,0.8812908992306927,0.4714045207910317
601872,2015-10,-0.0676,3,4,6,4.333333333333333,1.247219128924647,0.01013672725206552,0.8812908992306927,1.247219128924647
601872,2016-01,-0.0335,6,4,7,5.666666666666667,1.247219128924647,0.006454904945298079,0.9709505944546686,1.247219128924647
601872,2016-04,-0.044199999999999996,6,6,4,5.333333333333333,0.9428090415820634,0.004212595043515672,0.9709505944546686,0.9428090415820634
601872,2016-07,-0.0222,5,4,4,4.333333333333333,0.4714045207910317,0.0014294885616036141,1.0,0.4714045207910317
601872,2016-10,0.061200000000000004,6,5,6,5.666666666666667,0.4714045207910317,0.0008932948130031191,0.9709505944546686,0.4714045207910317
601872,2017-01,0.0664,4,5,6,5.0,0.816496580927726,0.0033729266193250444,0.9709505944546686,0.816496580927726
601872,2017-04,-0.0291,6,7,7,6.666666666666667,0.4714045207910317,0.0006420713965977487,0.9709505944546686,0.4714045207910317
601872,2017-10,-0.1576,4,4,7,5.0,1.4142135623730951,0.009292928204941,0.9709505944546686,1.4142135623730951
601872,2018-01,-0.10890000000000001,4,4,6,4.666666666666667,0.9428090415820634,0.004817302157272868,0.9709505944546686,0.9428090415820634
601872,2018-04,0.059699999999999996,4,4,4,4.0,0.0,0.0,0.9709505944546686,0.0
601872,2018-07,-0.07780000000000001,4,4,5,4.333333333333333,0.4714045207910317,0.0014294885616036141,0.9709505944546686,0.4714045207910317
601872,2018-10,0.0179,7,7,5,6.333333333333333,0.9428090415820634,0.002946330098012255,0.8812908992306927,0.9428090415820634
601872,2019-01,0.161,4,5,6,5.0,0.816496580927726,0.0033729266193250444,0.9709505944546686,0.816496580927726
601872,2019-04,-0.2441,7,8,7,7.333333333333333,0.4714045207910317,0.0005056809102375145,0.8812908992306927,0.4714045207910317
601872,2019-07,0.19579999999999997,6,7,7,6.666666666666667,0.4714045207910317,0.0006420713965977487,0.9709505944546686,0.4714045207910317
601872,2019-10,0.1017,7,6,7,6.666666666666667,0.4714045207910317,0.0006420713965977487,0.8812908992306927,0.4714045207910317
601872,2020-01,-0.247,7,8,7,7.333333333333333,0.4714045207910317,0.0005056809102375145,0.8812908992306927,0.4714045207910317
601872,2020-04,-0.1565,6,8,6,6.666666666666667,0.9428090415820634,0.0023948438453058845,0.9709505944546686,0.9428090415820634
601872,2020-07,0.0425,5,4,7,5.333333333333333,1.247219128924647,0.006684370996497373,1.0,1.247219128924647
601872,2020-10,0.054400000000000004,4,4,7,5.0,1.4142135623730951,0.009292928204941,0.9709505944546686,1.4142135623730951
601872,2021-01,0.1042,5,4,6,5.0,0.816496580927726,0.0033729266193250444,1.0,0.816496580927726
601872,2021-04,0.109,5,5,5,5.0,0.0,0.0,1.0,0.0
601872,2021-07,0.1959,7,6,6,6.333333333333333,0.4714045207910317,0.0006758874784616383,0.8812908992306927,0.4714045207910317
601872,2021-10,-0.0565,7,8,6,7.0,0.816496580927726,0.001710895898255767,0.8812908992306927,0.816496580927726
601872,2022-01,0.2351,4,4,5,4.333333333333333,0.4714045207910317,0.0014294885616036141,0.9709505944546686,0.4714045207910317
601872,2022-04,0.2212,7,5,6,6.0,0.816496580927726,0.002333803387527431,0.8812908992306927,0.816496580927726
601872,2022-07,0.0924,6,7,7,6.666666666666667,0.4714045207910317,0.0006420713965977487,0.9709505944546686,0.4714045207910317
601872,2022-10,-0.0643,6,7,7,6.666666666666667,0.4714045207910317,0.0006420713965977487,0.9709505944546686,0.4714045207910317
601872,2023-01,0.1152,4,4,7,5.0,1.4142135623730951,0.009292928204941,0.9709505944546686,1.4142135623730951
601872,2023-04,-0.1565,7,5,7,6.333333333333333,0.9428090415820634,0.002946330098012255,0.8812908992306927,0.9428090415820634
601872,2023-07,-0.0858,6,7,6,6.333333333333333,0.4714045207910317,0.0006758874784616383,0.9709505944546686,0.4714045207910317
601872,2023-10,-0.0716,7,6,6,6.333333333333333,0.4714045207910317,0.0006758874784616383,0.8812908992306927,0.4714045207910317
601872,2024-01,0.11220000000000001,5,6,7,6.0,0.816496580927726,0.002333803387527431,1.0,0.816496580927726
601872,2024-04,0.042699999999999995,7,7,7,7.0,0.0,0.0,0.8812908992306927,0.0
601872,2024-07,-0.0388,6,7,7,6.666666666666667,0.4714045207910317,0.0006420713965977487,0.9709505944546686,0.4714045207910317
601872,2024-10,-0.0632,6,7,7,6.666666666666667,0.4714045207910317,0.0006420713965977487,0.9709505944546686,0.4714045207910317
601998,2007-04,0.049400000000000006,5,4,5,4.666666666666667,0.4714045207910317,0.0013272465907683984,1.0,0.4714045207910317
601998,2007-07,0.2415,5,4,5,4.666666666666667,0.4714045207910317,0.0013272465907683984,1.0,0.4714045207910317
601998,2007-10,-0.2076,5,6,5,5.333333333333333,0.4714045207910317,0.0009491787649267315,1.0,0.4714045207910317
601998,2008-01,0.0144,5,6,5,5.333333333333333,0.4714045207910317,0.0009491787649267315,1.0,0.4714045207910317
601998,2008-04,-0.2394,2,2,4,2.6666666666666665,0.9428090415820634,0.014362591564146779,0.7219280948873623,0.9428090415820634
601998,2008-07,0.1643,2,2,3,2.3333333333333335,0.4714045207910317,0.004817302157272868,0.7219280948873623,0.4714045207910317
601998,2008-10,0.7143,4,2,3,3.0,0.816496580927726,0.00957506104276447,0.9709505944546686,0.816496580927726
601998,2009-01,0.96,2,2,1,1.6666666666666667,0.4714045207910317,0.011456875501600412,0.7219280948873623,0.4714045207910317
601998,2009-04,0.2021,2,6,3,3.6666666666666665,1.699673171197595,0.02575266944219168,0.7219280948873623,1.699673171197595
601998,2009-07,-0.5909,4,2,6,4.0,1.632993161855452,0.02254805037907019,0.9709505944546686,1.632993161855452
601998,2009-10,0.0724,6,6,5,5.666666666666667,0.4714045207910317,0.0008932948130031191,0.9709505944546686,0.4714045207910317
601998,2010-01,0.0073,6,6,3,5.0,1.4142135623730951,0.011456875501600412,0.9709505944546686,1.4142135623730951
601998,2010-04,-0.3564,6,7,6,6.333333333333333,0.4714045207910317,0.0006758874784616383,0.9709505944546686,0.4714045207910317
601998,2010-07,-0.1478,6,4,4,4.666666666666667,0.9428090415820634,0.004817302157272943,0.9709505944546686,0.9428090415820634
601998,2010-10,-0.1278,4,3,4,3.6666666666666665,0.4714045207910317,0.0021766561578771704,0.9709505944546686,0.4714045207910317
601998,2011-01,0.0588,5,4,4,4.333333333333333,0.4714045207910317,0.0014294885616036141,1.0,0.4714045207910317
601998,2011-04,-0.19640000000000002,7,7,4,6.0,1.4142135623730951,0.007732062599348774,0.8812908992306927,1.4142135623730951
601998,2011-07,-0.1949,3,3,4,3.3333333333333335,0.4714045207910317,0.0023948438453058845,0.8812908992306927,0.4714045207910317
601998,2011-10,-0.38299999999999995,4,3,4,3.6666666666666665,0.4714045207910317,0.0021766561578771704,0.9709505944546686,0.4714045207910317
601998,2012-01,0.1778,4,4,4,4.0,0.0,0.0,0.9709505944546686,0.0
601998,2012-04,-0.271,5,4,4,4.333333333333333,0.4714045207910317,0.0014294885616036141,1.0,0.4714045207910317
601998,2012-07,-0.11289999999999999,3,3,4,3.3333333333333335,0.4714045207910317,0.0023948438453058845,0.8812908992306927,0.4714045207910317
601998,2012-10,0.1852,3,2,3,2.6666666666666665,0.4714045207910317,0.004212595043515672,0.8812908992306927,0.4714045207910317
601998,2013-01,-0.1628,2,3,4,3.0,0.816496580927726,0.00957506104276447,0.7219280948873623,0.816496580927726
601998,2013-04,0.09380000000000001,6,6,6,6.0,0.0,0.0,0.9709505944546686,0.0
601998,2013-07,0.43329999999999996,2,2,4,2.6666666666666665,0.9428090415820634,0.014362591564146779,0.7219280948873623,0.9428090415820634
601998,2013-10,0.12990000000000002,6,4,4,4.666666666666667,0.9428090415820634,0.004817302157272943,0.9709505944546686,0.9428090415820634
601998,2014-01,3.6889,5,5,4,4.666666666666667,0.4714045207910317,0.0013272465907683984,1.0,0.4714045207910317
601998,2014-04,-0.3576,4,4,5,4.333333333333333,0.4714045207910317,0.0014294885616036141,0.9709505944546686,0.4714045207910317
601998,2014-07,-0.1595,6,6,4,5.333333333333333,0.9428090415820634,0.004212595043515672,0.9709505944546686,0.9428090415820634
601998,2014-10,0.6162,7,7,6,6.666666666666667,0.4714045207910317,0.000642071396597733,0.8812908992306927,0.4714045207910317
601998,2015-01,-0.0446,3,2,3,2.6666666666666665,0.4714045207910317,0.004212595043515672,0.8812908992306927,0.4714045207910317
601998,2015-04,-0.1058,6,6,6,6.0,0.0,0.0,0.9709505944546686,0.0
601998,2015-07,-0.2559,7,6,6,6.333333333333333,0.4714045207910317,0.0006758874784616383,0.8812908992306927,0.4714045207910317
601998,2015-10,0.2464,3,4,6,4.333333333333333,1.247219128924647,0.01013672725206552,0.8812908992306927,1.247219128924647
601998,2016-01,-0.0644,6,4,4,4.666666666666667,0.9428090415820634,0.004817302157272943,0.9709505944546686,0.9428090415820634
601998,2016-04,-0.0236,6,7,4,5.666666666666667,1.247219128924647,0.006454904945298079,0.9709505944546686,1.247219128924647
601998,2016-07,0.1094,4,4,4,4.0,0.0,0.0,0.9709505944546686,0.0
601998,2016-10,0.1929,5,5,6,5.333333333333333,0.4714045207910317,0.0009491787649267315,1.0,0.4714045207910317
601998,2017-01,-0.0187,5,6,5,5.333333333333333,0.4714045207910317,0.0009491787649267315,1.0,0.4714045207910317
601998,2017-04,0.0512,6,6,7,6.333333333333333,0.4714045207910317,0.0006758874784615638,0.9709505944546686,0.4714045207910317
601998,2017-07,-0.0288,6,6,6,6.0,0.0,0.0,0.9709505944546686,0.0
601998,2017-10,0.0374,5,4,6,5.0,0.816496580927726,0.0033729266193250444,1.0,0.816496580927726
601998,2018-01,-0.0802,5,5,6,5.333333333333333,0.4714045207910317,0.0009491787649267315,1.0,0.4714045207910317
601998,2018-04,0.0051,5,5,5,5.0,0.0,0.0,1.0,0.0
601998,2018-07,-0.0741,4,4,5,4.333333333333333,0.4714045207910317,0.0014294885616036141,0.9709505944546686,0.4714045207910317
601998,2018-10,-0.0676,6,6,6,6.0,0.0,0.0,0.9709505944546686,0.0
601998,2019-01,0.2371,4,4,5,4.333333333333333,0.4714045207910317,0.0014294885616036141,0.9709505944546686,0.4714045207910317
601998,2019-04,-0.1253,6,5,6,5.666666666666667,0.4714045207910317,0.0008932948130031191,0.9709505944546686,0.4714045207910317
601998,2019-07,-0.0886,6,7,5,6.0,0.816496580927726,0.002333803387527431,0.9709505944546686,0.816496580927726
601998,2019-10,-0.031400000000000004,6,5,5,5.333333333333333,0.4714045207910317,0.0009491787649267315,0.9709505944546686,0.4714045207910317
601998,2020-01,-0.1018,6,6,7,6.333333333333333,0.4714045207910317,0.0006758874784615638,0.9709505944546686,0.4714045207910317
601998,2020-04,-0.056100000000000004,4,4,5,4.333333333333333,0.4714045207910317,0.0014294885616036141,0.9709505944546686,0.4714045207910317
601998,2020-07,0.0176,6,5,5,5.333333333333333,0.4714045207910317,0.0009491787649267315,0.9709505944546686,0.4714045207910317
601998,2020-10,0.0576,5,5,6,5.333333333333333,0.4714045207910317,0.0009491787649267315,1.0,0.4714045207910317
601998,2021-01,0.0,6,6,6,6.0,0.0,0.0,0.9709505944546686,0.0
601998,2021-04,0.0233,7,7,6,6.666666666666667,0.4714045207910317,0.000642071396597733,0.8812908992306927,0.4714045207910317
601998,2021-07,0.016399999999999998,4,4,6,4.666666666666667,0.9428090415820634,0.004817302157272868,0.9709505944546686,0.9428090415820634
601998,2021-10,-0.0132,4,4,6,4.666666666666667,0.9428090415820634,0.004817302157272868,0.9709505944546686,0.9428090415820634
601998,2022-01,-0.0159,6,6,6,6.0,0.0,0.0,0.9709505944546686,0.0
601998,2022-04,-0.1076,7,7,6,6.666666666666667,0.4714045207910317,0.000642071396597733,0.8812908992306927,0.4714045207910317
601998,2022-07,0.038,5,6,5,5.333333333333333,0.4714045207910317,0.0009491787649267315,1.0,0.4714045207910317
601998,2022-10,0.2236,6,6,6,6.0,0.0,0.0,0.9709505944546686,0.0
601998,2023-01,-0.0338,6,6,6,6.0,0.0,0.0,0.9709505944546686,0.0
601998,2023-04,-0.009399999999999999,7,7,7,7.0,0.0,0.0,0.8812908992306927,0.0
601998,2023-07,-0.107,5,6,7,6.0,0.816496580927726,0.002333803387527431,1.0,0.816496580927726
601998,2023-10,0.0022,6,7,6,6.333333333333333,0.4714045207910317,0.0006758874784616383,0.9709505944546686,0.4714045207910317
601998,2024-01,0.0315,5,4,6,5.0,0.816496580927726,0.0033729266193250444,1.0,0.816496580927726
601998,2024-04,0.054900000000000004,6,6,7,6.333333333333333,0.4714045207910317,0.0006758874784615638,0.9709505944546686,0.4714045207910317
601998,2024-07,-0.0209,5,6,6,5.666666666666667,0.4714045207910317,0.0008932948130031191,1.0,0.4714045207910317
601998,2024-10,0.0452,7,7,6,6.666666666666667,0.4714045207910317,0.000642071396597733,0.8812908992306927,0.4714045207910317
